사고번호,사고일시,요일,시군구,사고내용,사망자수,중상자수,경상자수,부상신고자수,사고유형,법규위반,노면상태,기상상태,도로형태,가해운전자 차종,가해운전자 성별,가해운전자 연령,가해운전자 상해정도,피해운전자 차종,피해운전자 성별,피해운전자 연령,피해운전자 상해정도
2019011400100467,2019년 1월 14일 18시,월요일,대전광역시 서구 월평동,중상사고,0,1,0,0,차대사람 - 기타,안전운전불이행,건조,맑음,기타 - 기타,승용,남,39세,상해없음,보행자,남,77세,중상
2019011400100492,2019년 1월 14일 19시,월요일,대전광역시 유성구 신성동,중상사고,0,1,0,0,차대사람 - 횡단중,안전운전불이행,건조,맑음,단일로 - 기타,승용,남,35세,상해없음,보행자,여,52세,중상
2019011400100535,2019년 1월 14일 21시,월요일,대전광역시 대덕구 읍내동,경상사고,0,0,1,0,차대차 - 측면충돌,신호위반,건조,맑음,교차로 - 교차로부근,승용,남,49세,상해없음,화물,남,24세,경상
2019011500100021,2019년 1월 15일 00시,화요일,대전광역시 동구 대동,경상사고,0,0,1,0,차량단독 - 공작물충돌,안전운전불이행,건조,맑음,단일로 - 기타,승용,남,59세,상해없음,,,,
2019011500100039,2019년 1월 15일 02시,화요일,대전광역시 동구 자양동,경상사고,0,0,1,0,차대사람 - 기타,보행자보호의무위반,건조,맑음,단일로 - 기타,승용,여,23세,상해없음,보행자,남,32세,경상
2019011500100044,2019년 1월 15일 03시,화요일,대전광역시 서구 월평동,경상사고,0,0,1,0,차량단독 - 공작물충돌,안전운전불이행,건조,맑음,단일로 - 기타,승용,남,19세,경상,,,,
2019011500100048,2019년 1월 15일 04시,화요일,대전광역시 동구 대동,사망사고,1,0,0,0,차량단독 - 공작물충돌,안전운전불이행,건조,맑음,단일로 - 교량,승용,남,26세,사망,,,,
2019011500100049,2019년 1월 15일 04시,화요일,대전광역시 서구 도마동,경상사고,0,0,1,0,차대차 - 측면충돌,신호위반,건조,맑음,교차로 - 교차로안,승용,여,45세,상해없음,승용,남,27세,경상
2019011500100098,2019년 1월 15일 07시,화요일,대전광역시 동구 인동,경상사고,0,0,1,0,차대차 - 측면충돌,안전운전불이행,건조,맑음,단일로 - 기타,화물,남,77세,상해없음,승용,여,33세,경상
2019011500100099,2019년 1월 15일 07시,화요일,대전광역시 서구 둔산동,중상사고,0,1,0,0,차대사람 - 기타,기타,건조,맑음,단일로 - 기타,승용,남,60세,상해없음,보행자,여,59세,중상
2019011500100124,2019년 1월 15일 08시,화요일,대전광역시 대덕구 송촌동,경상사고,0,0,1,0,차대사람 - 기타,신호위반,건조,맑음,교차로 - 교차로횡단보도내,화물,남,51세,상해없음,보행자,여,11세,경상
2019011500100125,2019년 1월 15일 08시,화요일,대전광역시 대덕구 중리동,중상사고,0,1,0,0,차대차 - 기타,안전운전불이행,건조,맑음,교차로 - 교차로안,승용,남,76세,상해없음,승용,여,36세,중상
2019011500100201,2019년 1월 15일 11시,화요일,대전광역시 대덕구 비래동,경상사고,0,0,1,0,차대사람 - 기타,보행자보호의무위반,건조,맑음,교차로 - 교차로횡단보도내,화물,남,50세,상해없음,보행자,여,68세,경상
2019011500100270,2019년 1월 15일 14시,화요일,대전광역시 서구 갈마동,경상사고,0,0,1,0,차대차 - 추돌,안전거리미확보,젖음/습기,비,단일로 - 기타,승용,남,28세,상해없음,승용,남,52세,경상
2019011500100296,2019년 1월 15일 15시,화요일,대전광역시 서구 둔산동,경상사고,0,0,5,0,차대차 - 추돌,안전운전불이행,젖음/습기,눈,단일로 - 기타,승용,남,19세,상해없음,승용,남,48세,경상
2019011500100324,2019년 1월 15일 16시,화요일,대전광역시 유성구 덕명동,경상사고,0,0,1,0,차대차 - 추돌,안전운전불이행,건조,맑음,단일로 - 기타,화물,남,29세,상해없음,승용,남,56세,경상
2019011500100352,2019년 1월 15일 17시,화요일,대전광역시 대덕구 덕암동,부상신고사고,0,0,0,1,차대사람 - 기타,보행자보호의무위반,건조,기타,교차로 - 교차로횡단보도내,승용,여,48세,상해없음,보행자,남,8세,부상신고
2019011500100353,2019년 1월 15일 17시,화요일,대전광역시 서구 갈마동,경상사고,0,0,1,0,차대사람 - 길가장자리구역통행중,안전운전불이행,건조,맑음,단일로 - 기타,승용,남,25세,상해없음,보행자,남,23세,경상
2019011500100354,2019년 1월 15일 17시,화요일,대전광역시 유성구 용계동,경상사고,0,0,1,0,차대차 - 추돌,안전운전불이행,건조,맑음,단일로 - 기타,승용,여,46세,상해없음,승용,남,40세,경상
2019011500100410,2019년 1월 15일 18시,화요일,대전광역시 동구 낭월동,경상사고,0,0,1,0,차대사람 - 기타,안전운전불이행,건조,맑음,단일로 - 기타,승용,여,53세,상해없음,보행자,여,63세,경상
2019011500100411,2019년 1월 15일 18시,화요일,대전광역시 대덕구 신대동,경상사고,0,0,2,0,차대차 - 기타,안전운전불이행,건조,기타,단일로 - 기타,승용,남,31세,상해없음,승용,남,42세,경상
2019011500100444,2019년 1월 15일 19시,화요일,대전광역시 중구 중촌동,경상사고,0,0,2,0,차대차 - 정면충돌,신호위반,건조,맑음,단일로 - 지하차도(도로)내,승용,남,62세,상해없음,승용,남,31세,경상
2019011500100445,2019년 1월 15일 19시,화요일,대전광역시 유성구 화암동,경상사고,0,0,2,0,차대차 - 기타,안전거리미확보,건조,맑음,단일로 - 기타,승용,여,50세,경상,승용,여,58세,경상
2019011500100473,2019년 1월 15일 20시,화요일,대전광역시 서구 둔산동,경상사고,0,0,3,0,차대차 - 측면충돌,안전운전불이행,건조,맑음,교차로 - 교차로부근,승용,남,62세,상해없음,승용,여,37세,경상
2019011500100531,2019년 1월 15일 23시,화요일,대전광역시 동구 천동,경상사고,0,0,2,1,차대차 - 추돌,안전운전불이행,건조,맑음,단일로 - 기타,승용,남,53세,상해없음,승용,남,22세,경상
2019011500100532,2019년 1월 15일 23시,화요일,대전광역시 유성구 상대동,경상사고,0,0,1,0,차대차 - 추돌,안전운전불이행,건조,맑음,교차로 - 교차로횡단보도내,승용,남,46세,상해없음,승용,여,61세,경상
2019011600100030,2019년 1월 16일 00시,수요일,대전광역시 대덕구 송촌동,경상사고,0,0,1,0,차대차 - 기타,중앙선침범,건조,맑음,단일로 - 기타,승용,남,28세,상해없음,승용,남,58세,경상
2019011600100125,2019년 1월 16일 08시,수요일,대전광역시 동구 정동,경상사고,0,0,2,0,차대차 - 측면충돌,교차로운행방법위반,건조,맑음,교차로 - 교차로안,승용,남,67세,상해없음,승용,남,30세,경상
2019011600100149,2019년 1월 16일 09시,수요일,대전광역시 유성구 원내동,경상사고,0,0,1,0,차대차 - 기타,교차로운행방법위반,건조,맑음,교차로 - 교차로안,승용,여,36세,상해없음,승용,남,20세,경상
2019011600100222,2019년 1월 16일 12시,수요일,대전광역시 중구 문화동,부상신고사고,0,0,0,1,차대차 - 측면충돌,안전운전불이행,건조,맑음,교차로 - 교차로횡단보도내,자전거,남,78세,부상신고,승용,남,33세,상해없음
2019011600100223,2019년 1월 16일 12시,수요일,대전광역시 동구 판암동,경상사고,0,0,1,0,차대차 - 측면충돌,신호위반,건조,맑음,교차로 - 교차로안,승합,남,60세,상해없음,승합,남,72세,경상
2019011600100224,2019년 1월 16일 12시,수요일,대전광역시 동구 인동,경상사고,0,0,1,0,차량단독 - 기타,안전운전불이행,건조,맑음,단일로 - 기타,승합,남,44세,상해없음,,,,
2019011600100225,2019년 1월 16일 12시,수요일,대전광역시 서구 도마동,경상사고,0,0,1,0,차대사람 - 횡단중,신호위반,건조,맑음,교차로 - 교차로횡단보도내,이륜,남,27세,상해없음,보행자,여,15세,경상
2019011600100226,2019년 1월 16일 12시,수요일,대전광역시 유성구 원내동,경상사고,0,0,1,0,차대사람 - 기타,보행자보호의무위반,건조,맑음,교차로 - 교차로횡단보도내,화물,남,38세,상해없음,보행자,여,59세,경상
2019011600100281,2019년 1월 16일 14시,수요일,대전광역시 서구 탄방동,경상사고,0,0,1,0,차대사람 - 기타,안전운전불이행,건조,맑음,교차로 - 교차로안,화물,남,53세,상해없음,보행자,남,19세,경상
2019011600100282,2019년 1월 16일 14시,수요일,대전광역시 유성구 봉산동,경상사고,0,0,2,0,차대차 - 기타,신호위반,건조,맑음,교차로 - 교차로안,승용,여,29세,상해없음,승용,남,39세,경상
2019011600100316,2019년 1월 16일 15시,수요일,대전광역시 유성구 구암동,경상사고,0,0,3,0,차대차 - 기타,안전운전불이행,건조,맑음,교차로 - 교차로부근,건설기계,남,35세,상해없음,승용,남,28세,경상
2019011600100317,2019년 1월 16일 15시,수요일,대전광역시 유성구 반석동,경상사고,0,0,1,0,차대차 - 기타,기타,건조,맑음,단일로 - 기타,승용,남,70세,상해없음,승용,여,21세,경상
2019011600100318,2019년 1월 16일 15시,수요일,대전광역시 유성구 봉명동,경상사고,0,0,1,0,차대차 - 기타,안전운전불이행,건조,맑음,단일로 - 기타,화물,남,75세,상해없음,자전거,남,75세,경상
2019011600100349,2019년 1월 16일 16시,수요일,대전광역시 유성구 구암동,경상사고,0,0,1,0,차대차 - 기타,안전운전불이행,건조,맑음,교차로 - 교차로안,승용,남,35세,상해없음,이륜,남,41세,경상
2019011600100350,2019년 1월 16일 16시,수요일,대전광역시 유성구 봉명동,경상사고,0,0,3,0,차대차 - 기타,안전운전불이행,건조,맑음,단일로 - 기타,승용,남,53세,상해없음,승용,여,50세,경상
2019011600100351,2019년 1월 16일 16시,수요일,대전광역시 유성구 장대동,중상사고,0,1,0,0,차대사람 - 기타,안전운전불이행,건조,맑음,단일로 - 기타,승용,남,59세,상해없음,보행자,여,66세,중상
2019011600100440,2019년 1월 16일 18시,수요일,대전광역시 서구 월평동,경상사고,0,0,1,0,차대차 - 기타,안전운전불이행,건조,맑음,교차로 - 교차로부근,승합,남,71세,상해없음,승용,남,62세,경상
2019011600100485,2019년 1월 16일 19시,수요일,대전광역시 서구 둔산동,경상사고,0,0,2,1,차대차 - 추돌,안전운전불이행,건조,맑음,단일로 - 기타,승용,여,38세,상해없음,승용,여,53세,경상
2019011600100486,2019년 1월 16일 19시,수요일,대전광역시 유성구 신성동,경상사고,0,0,4,0,차대차 - 측면충돌,신호위반,건조,맑음,교차로 - 교차로안,승용,여,44세,상해없음,승용,남,36세,경상
2019011600100518,2019년 1월 16일 20시,수요일,대전광역시 중구 오류동,경상사고,0,0,1,0,차대차 - 기타,중앙선침범,건조,맑음,단일로 - 기타,승용,남,75세,상해없음,이륜,남,29세,경상
2019011600100519,2019년 1월 16일 20시,수요일,대전광역시 서구 월평동,경상사고,0,0,1,0,차대차 - 기타,안전운전불이행,건조,맑음,단일로 - 기타,승용,남,36세,상해없음,승용,남,38세,경상
2019011600100540,2019년 1월 16일 21시,수요일,대전광역시 대덕구 비래동,경상사고,0,0,1,0,차량단독 - 기타,안전운전불이행,젖음/습기,흐림,교차로 - 교차로안,승용,남,49세,상해없음,,,,
2019011600100569,2019년 1월 16일 22시,수요일,대전광역시 중구 용두동,중상사고,0,1,0,0,차대사람 - 기타,안전운전불이행,건조,맑음,단일로 - 기타,승용,남,53세,상해없음,보행자,남,70세,중상
2019011700100036,2019년 1월 17일 00시,목요일,대전광역시 서구 월평동,중상사고,0,1,0,0,차대사람 - 횡단중,보행자보호의무위반,건조,맑음,교차로 - 교차로횡단보도내,승용,남,57세,상해없음,보행자,남,44세,중상
2019011700100103,2019년 1월 17일 07시,목요일,대전광역시 서구 갈마동,중상사고,0,1,0,0,차대사람 - 기타,안전운전불이행,건조,맑음,단일로 - 기타,승용,남,33세,상해없음,보행자,여,14세,중상
2019011700100104,2019년 1월 17일 07시,목요일,대전광역시 유성구 궁동,경상사고,0,0,1,0,차대차 - 추돌,안전거리미확보,건조,맑음,단일로 - 기타,승용,남,67세,상해없음,승용,여,50세,경상
2019011700100134,2019년 1월 17일 08시,목요일,대전광역시 서구 복수동,경상사고,0,0,1,0,차대차 - 측면충돌,안전거리미확보,건조,맑음,단일로 - 기타,승용,남,76세,상해없음,승용,남,45세,경상
2019011700100156,2019년 1월 17일 09시,목요일,대전광역시 유성구 도룡동,경상사고,0,0,1,0,차대차 - 추돌,안전거리미확보,건조,맑음,단일로 - 기타,승용,남,28세,경상,승합,남,39세,상해없음
2019011700100235,2019년 1월 17일 12시,목요일,대전광역시 유성구 궁동,경상사고,0,0,1,0,차대차 - 기타,교차로운행방법위반,건조,맑음,교차로 - 교차로안,승용,여,45세,상해없음,이륜,남,30세,경상
2019011700100299,2019년 1월 17일 14시,목요일,대전광역시 대덕구 장동,경상사고,0,0,1,0,차대차 - 기타,교차로운행방법위반,건조,맑음,교차로 - 교차로안,승용,여,69세,상해없음,이륜,남,35세,경상
2019011700100331,2019년 1월 17일 15시,목요일,대전광역시 대덕구 오정동,경상사고,0,0,1,0,차대차 - 측면충돌,안전거리미확보,건조,맑음,단일로 - 기타,화물,남,54세,상해없음,승용,남,33세,경상
2019011700100374,2019년 1월 17일 16시,목요일,대전광역시 서구 내동,경상사고,0,0,1,0,차대사람 - 횡단중,안전운전불이행,건조,맑음,단일로 - 기타,화물,남,62세,상해없음,보행자,여,57세,경상
2019011700100460,2019년 1월 17일 18시,목요일,대전광역시 중구 문화동,경상사고,0,0,1,0,차대사람 - 차도통행중,안전운전불이행,건조,맑음,단일로 - 기타,승용,남,43세,상해없음,보행자,여,30세,경상
2019011700100461,2019년 1월 17일 18시,목요일,대전광역시 서구 둔산동,중상사고,0,1,0,0,차대차 - 측면충돌,신호위반,건조,맑음,교차로 - 교차로안,승용,남,46세,상해없음,이륜,남,39세,중상
2019011700100462,2019년 1월 17일 18시,목요일,대전광역시 유성구 안산동,경상사고,0,0,4,9,차대차 - 기타,안전거리미확보,건조,맑음,단일로 - 기타,승합,남,50세,상해없음,승용,여,31세,경상
2019011700100463,2019년 1월 17일 18시,목요일,대전광역시 유성구 문지동,경상사고,0,0,2,0,차대차 - 추돌,안전운전불이행,건조,맑음,단일로 - 기타,승용,남,48세,상해없음,승용,여,46세,경상
2019011700100496,2019년 1월 17일 19시,목요일,대전광역시 동구 신흥동,중상사고,0,1,0,0,차대사람 - 횡단중,신호위반,건조,맑음,교차로 - 교차로횡단보도내,이륜,남,33세,상해없음,보행자,남,71세,중상
2019011700100515,2019년 1월 17일 20시,목요일,대전광역시 동구 원동,경상사고,0,0,2,0,차량단독 - 공작물충돌,안전운전불이행,건조,맑음,단일로 - 기타,화물,남,53세,상해없음,,,,
2019011700100516,2019년 1월 17일 20시,목요일,대전광역시 대덕구 법동,경상사고,0,0,1,0,차대사람 - 기타,보행자보호의무위반,건조,맑음,교차로 - 교차로횡단보도내,승용,여,56세,상해없음,보행자,남,47세,경상
2019011700100546,2019년 1월 17일 21시,목요일,대전광역시 서구 월평동,경상사고,0,0,3,0,차대차 - 추돌,안전운전불이행,건조,맑음,단일로 - 기타,승용,여,39세,상해없음,승용,남,36세,경상
2019011700100547,2019년 1월 17일 21시,목요일,대전광역시 서구 만년동,경상사고,0,0,2,0,차대차 - 추돌,안전거리미확보,건조,맑음,단일로 - 기타,승용,남,49세,상해없음,승용,남,33세,경상
2019011700100548,2019년 1월 17일 21시,목요일,대전광역시 유성구 관평동,중상사고,0,1,0,0,차대차 - 기타,교차로운행방법위반,건조,맑음,교차로 - 교차로안,승용,남,54세,상해없음,이륜,남,41세,중상
2019011700100577,2019년 1월 17일 22시,목요일,대전광역시 유성구 신성동,중상사고,0,1,0,0,차대차 - 기타,안전거리미확보,건조,맑음,단일로 - 기타,승용,남,38세,상해없음,이륜,남,19세,중상
2019011800100024,2019년 1월 18일 00시,금요일,대전광역시 서구 갈마동,경상사고,0,0,3,0,차대차 - 측면충돌,신호위반,건조,맑음,교차로 - 교차로안,승용,남,60세,상해없음,승용,여,33세,경상
2019011800100033,2019년 1월 18일 01시,금요일,대전광역시 서구 관저동,중상사고,0,1,4,0,차대차 - 측면충돌,신호위반,건조,맑음,교차로 - 교차로안,승용,남,60세,경상,승용,남,37세,중상
2019011800100058,2019년 1월 18일 05시,금요일,대전광역시 서구 변동,경상사고,0,0,2,0,차대차 - 측면충돌,불법유턴,건조,맑음,교차로 - 교차로안,승용,남,19세,상해없음,승용,남,23세,경상
2019011800100079,2019년 1월 18일 06시,금요일,대전광역시 중구 태평동,중상사고,0,1,0,0,차대사람 - 횡단중,보행자보호의무위반,건조,맑음,교차로 - 교차로횡단보도내,승용,남,66세,상해없음,보행자,여,70세,중상
2019011800100080,2019년 1월 18일 06시,금요일,대전광역시 대덕구 신일동,중상사고,0,1,0,0,차대사람 - 기타,보행자보호의무위반,건조,맑음,교차로 - 교차로횡단보도내,화물,남,46세,기타불명,보행자,남,25세,중상
2019011800100104,2019년 1월 18일 07시,금요일,대전광역시 유성구 화암동,경상사고,0,0,1,0,차대차 - 기타,신호위반,건조,맑음,교차로 - 교차로안,화물,남,56세,상해없음,화물,남,48세,경상
2019011800100163,2019년 1월 18일 09시,금요일,대전광역시 중구 태평동,경상사고,0,0,1,0,차대차 - 측면충돌,신호위반,건조,맑음,교차로 - 교차로안,승용,남,29세,상해없음,승용,남,70세,경상
2019011800100164,2019년 1월 18일 09시,금요일,대전광역시 서구 탄방동,부상신고사고,0,0,0,1,차대사람 - 차도통행중,안전운전불이행,건조,맑음,단일로 - 기타,화물,남,59세,상해없음,보행자,여,86세,부상신고
2019011800100328,2019년 1월 18일 14시,금요일,대전광역시 서구 둔산동,중상사고,0,3,2,0,차대차 - 추돌,안전거리미확보,건조,맑음,교차로 - 교차로안,승용,남,37세,경상,승용,여,43세,중상
2019011800100388,2019년 1월 18일 16시,금요일,대전광역시 서구 내동,경상사고,0,0,4,0,차대차 - 기타,중앙선침범,건조,맑음,교차로 - 교차로부근,승용,남,56세,상해없음,승용,남,71세,상해없음
2019011800100493,2019년 1월 18일 18시,금요일,대전광역시 동구 용전동,중상사고,0,1,0,0,차대차 - 측면충돌,신호위반,건조,맑음,단일로 - 기타,승용,남,58세,상해없음,이륜,남,63세,중상
2019011800100494,2019년 1월 18일 18시,금요일,대전광역시 서구 용문동,경상사고,0,0,1,0,차대차 - 측면충돌,안전운전불이행,건조,맑음,교차로 - 교차로부근,화물,남,63세,상해없음,승용,여,55세,경상
2019011800100495,2019년 1월 18일 18시,금요일,대전광역시 대덕구 신대동,경상사고,0,0,1,0,차대차 - 추돌,안전운전불이행,건조,맑음,단일로 - 기타,승용,남,49세,상해없음,승용,여,39세,경상
2019011800100496,2019년 1월 18일 18시,금요일,대전광역시 서구 월평동,중상사고,0,1,0,0,차대차 - 기타,기타,건조,맑음,단일로 - 기타,승용,남,59세,기타불명,이륜,남,47세,중상
2019011800100497,2019년 1월 18일 18시,금요일,대전광역시 유성구 복용동,경상사고,0,0,3,1,차대차 - 추돌,안전운전불이행,건조,맑음,교차로 - 교차로부근,승용,남,50세,부상신고,승용,남,24세,경상
2019011800100567,2019년 1월 18일 20시,금요일,대전광역시 대덕구 송촌동,경상사고,0,0,1,0,차대사람 - 기타,안전운전불이행,건조,맑음,단일로 - 기타,승용,여,41세,상해없음,보행자,남,16세,경상
2019011800100597,2019년 1월 18일 21시,금요일,대전광역시 유성구 갑동,경상사고,0,0,1,0,차대차 - 측면충돌,안전운전불이행,건조,맑음,단일로 - 기타,승용,여,58세,상해없음,승용,여,57세,상해없음
2019011800100623,2019년 1월 18일 22시,금요일,대전광역시 동구 가양동,경상사고,0,0,1,0,차대차 - 측면충돌,교차로운행방법위반,건조,맑음,교차로 - 교차로안,승용,여,60세,상해없음,승용,남,36세,경상
2019011800100624,2019년 1월 18일 22시,금요일,대전광역시 동구 성남동,경상사고,0,0,2,0,차대차 - 측면충돌,안전거리미확보,건조,맑음,단일로 - 기타,승용,남,72세,상해없음,승용,여,27세,경상
2019011800100625,2019년 1월 18일 22시,금요일,대전광역시 동구 인동,경상사고,0,0,1,0,차대차 - 기타,신호위반,건조,맑음,교차로 - 교차로안,승용,여,24세,상해없음,승용,남,59세,경상
2019011900100039,2019년 1월 19일 01시,토요일,대전광역시 대덕구 문평동,중상사고,0,1,1,1,차대차 - 추돌,안전운전불이행,건조,맑음,교차로 - 교차로부근,승용,남,20세,기타불명,승용,남,67세,중상
2019011900100067,2019년 1월 19일 03시,토요일,대전광역시 대덕구 중리동,중상사고,0,1,1,0,차대차 - 측면충돌,신호위반,건조,맑음,교차로 - 교차로안,승용,남,56세,중상,승합,남,44세,경상
2019011900100083,2019년 1월 19일 05시,토요일,대전광역시 서구 도마동,경상사고,0,0,2,0,차대차 - 측면충돌,차로위반,건조,맑음,단일로 - 기타,승용,남,76세,상해없음,승용,남,45세,경상
2019011900100117,2019년 1월 19일 07시,토요일,대전광역시 유성구 봉산동,경상사고,0,0,2,0,차대차 - 측면충돌,안전거리미확보,건조,맑음,단일로 - 기타,승용,남,30세,상해없음,화물,남,48세,경상
2019011900100129,2019년 1월 19일 08시,토요일,대전광역시 유성구 장대동,경상사고,0,0,1,0,차대차 - 측면충돌,신호위반,건조,맑음,교차로 - 교차로안,승용,남,48세,상해없음,승용,남,63세,경상
2019011900100169,2019년 1월 19일 10시,토요일,대전광역시 유성구 봉산동,경상사고,0,0,1,0,차대차 - 기타,안전운전불이행,건조,맑음,단일로 - 기타,승합,남,50세,상해없음,승용,남,63세,경상
2019011900100263,2019년 1월 19일 13시,토요일,대전광역시 중구 대흥동,중상사고,0,1,2,0,차대차 - 측면충돌,중앙선침범,건조,맑음,단일로 - 기타,승용,남,50세,상해없음,승용,남,63세,경상
2019011900100283,2019년 1월 19일 14시,토요일,대전광역시 동구 대성동,경상사고,0,0,1,0,차대차 - 후진중충돌,안전운전불이행,건조,맑음,교차로 - 교차로안,승용,남,38세,상해없음,승용,남,36세,경상
2019011900100303,2019년 1월 19일 15시,토요일,대전광역시 중구 대흥동,경상사고,0,0,1,0,차대차 - 기타,안전운전불이행,건조,맑음,교차로 - 교차로안,승용,남,54세,상해없음,이륜,남,38세,경상
2019011900100304,2019년 1월 19일 15시,토요일,대전광역시 중구 은행동,중상사고,0,1,0,0,차대사람 - 횡단중,신호위반,건조,맑음,단일로 - 기타,기타불명,남,34세,기타불명,보행자,여,27세,중상
2019011900100305,2019년 1월 19일 15시,토요일,대전광역시 동구 가오동,경상사고,0,0,2,0,차대차 - 추돌,안전거리미확보,건조,맑음,단일로 - 기타,승용,남,76세,상해없음,승용,여,46세,경상
2019011900100419,2019년 1월 19일 19시,토요일,대전광역시 유성구 노은동,경상사고,0,0,2,0,차대차 - 후진중충돌,안전운전불이행,건조,맑음,단일로 - 기타,승용,남,65세,상해없음,화물,여,53세,경상
2019011900100445,2019년 1월 19일 20시,토요일,대전광역시 서구 도마동,중상사고,0,1,0,0,차대사람 - 횡단중,신호위반,건조,맑음,교차로 - 교차로횡단보도내,이륜,남,66세,상해없음,보행자,남,55세,중상
2019011900100471,2019년 1월 19일 21시,토요일,대전광역시 중구 문화동,경상사고,0,0,5,1,차대차 - 추돌,안전운전불이행,건조,맑음,단일로 - 기타,승용,남,58세,상해없음,승용,남,32세,경상
2019012000100034,2019년 1월 20일 00시,일요일,대전광역시 서구 둔산동,경상사고,0,0,2,0,차대차 - 측면충돌,안전운전불이행,건조,맑음,교차로 - 교차로안,승용,남,27세,상해없음,승용,남,65세,경상
2019012000100057,2019년 1월 20일 01시,일요일,대전광역시 서구 갈마동,중상사고,0,1,2,0,차대차 - 추돌,안전운전불이행,건조,맑음,단일로 - 기타,승용,남,33세,상해없음,승용,여,58세,중상
2019012000100072,2019년 1월 20일 02시,일요일,대전광역시 유성구 반석동,경상사고,0,0,1,0,차대사람 - 기타,안전운전불이행,건조,맑음,단일로 - 기타,승용,남,69세,상해없음,보행자,여,15세,경상
2019012000100092,2019년 1월 20일 04시,일요일,대전광역시 대덕구 용호동,중상사고,0,1,1,0,차량단독 - 공작물충돌,안전운전불이행,젖음/습기,눈,교차로 - 교차로부근,승용,남,23세,상해없음,,,,
2019012000100113,2019년 1월 20일 06시,일요일,대전광역시 중구 문창동,중상사고,0,1,0,0,차대사람 - 차도통행중,안전운전불이행,건조,맑음,단일로 - 기타,승용,남,52세,상해없음,보행자,여,72세,중상
2019012000100121,2019년 1월 20일 07시,일요일,대전광역시 중구 대흥동,경상사고,0,0,1,0,차대차 - 기타,안전운전불이행,건조,맑음,교차로 - 교차로횡단보도내,승용,남,54세,상해없음,자전거,기타불명,미분류,기타불명
2019012000100146,2019년 1월 20일 09시,일요일,대전광역시 동구 용운동,중상사고,0,1,0,0,차대사람 - 기타,안전운전불이행,건조,맑음,단일로 - 기타,승용,여,50세,상해없음,보행자,여,76세,중상
2019012000100176,2019년 1월 20일 11시,일요일,대전광역시 유성구 봉명동,경상사고,0,0,1,0,차대차 - 측면충돌,안전거리미확보,건조,맑음,교차로 - 교차로부근,승용,여,39세,상해없음,승용,여,54세,경상
2019012000100214,2019년 1월 20일 13시,일요일,대전광역시 중구 용두동,경상사고,0,0,4,0,차대차 - 추돌,안전운전불이행,건조,맑음,교차로 - 교차로부근,승용,남,68세,상해없음,승용,남,36세,경상
2019012000100240,2019년 1월 20일 14시,일요일,대전광역시 유성구 도룡동,경상사고,0,0,1,0,차대차 - 측면충돌,신호위반,건조,맑음,교차로 - 교차로부근,승용,남,45세,상해없음,승용,남,61세,경상
2019012000100261,2019년 1월 20일 15시,일요일,대전광역시 서구 가수원동,경상사고,0,0,1,0,차량단독 - 기타,안전운전불이행,건조,맑음,교차로 - 교차로부근,승용,남,66세,상해없음,,,,
2019012000100262,2019년 1월 20일 15시,일요일,대전광역시 유성구 봉명동,경상사고,0,0,3,0,차대차 - 측면충돌,안전운전불이행,건조,맑음,교차로 - 교차로안,승용,여,35세,경상,승합,남,56세,경상
2019012000100318,2019년 1월 20일 17시,일요일,대전광역시 중구 선화동,경상사고,0,0,1,0,차대차 - 측면충돌,안전운전불이행,건조,맑음,단일로 - 기타,승용,남,28세,상해없음,이륜,남,20세,경상
2019012000100319,2019년 1월 20일 17시,일요일,대전광역시 유성구 지족동,경상사고,0,0,1,0,차대차 - 기타,신호위반,건조,맑음,교차로 - 교차로안,승용,남,35세,상해없음,원동기,남,37세,경상
2019012000100357,2019년 1월 20일 18시,일요일,대전광역시 동구 정동,경상사고,0,0,1,0,차대사람 - 횡단중,기타,건조,맑음,단일로 - 기타,승합,남,62세,상해없음,보행자,여,14세,경상
2019012000100358,2019년 1월 20일 18시,일요일,대전광역시 유성구 신성동,경상사고,0,0,2,0,차대차 - 추돌,안전운전불이행,건조,맑음,단일로 - 기타,승용,여,32세,상해없음,승용,여,29세,경상
2019012000100387,2019년 1월 20일 19시,일요일,대전광역시 유성구 궁동,중상사고,0,1,0,0,차대차 - 추돌,안전운전불이행,건조,맑음,교차로 - 교차로부근,이륜,남,19세,중상,승용,남,29세,상해없음
2019012000100421,2019년 1월 20일 20시,일요일,대전광역시 유성구 반석동,경상사고,0,0,1,0,차대차 - 추돌,안전운전불이행,건조,맑음,교차로 - 교차로부근,승용,남,26세,상해없음,승용,남,50세,경상
2019012000100453,2019년 1월 20일 22시,일요일,대전광역시 중구 유천동,중상사고,0,1,0,0,차대사람 - 횡단중,안전운전불이행,건조,맑음,교차로 - 교차로횡단보도내,승용,남,66세,상해없음,보행자,여,43세,중상
2019012000100464,2019년 1월 20일 23시,일요일,대전광역시 서구 월평동,경상사고,0,0,2,0,차대차 - 추돌,안전운전불이행,건조,맑음,교차로 - 교차로부근,승용,남,34세,상해없음,승용,여,43세,경상
2019012000100465,2019년 1월 20일 23시,일요일,대전광역시 유성구 지족동,경상사고,0,0,1,0,차대차 - 추돌,안전운전불이행,건조,맑음,교차로 - 교차로부근,승용,여,57세,상해없음,승용,남,58세,경상
2019012100100116,2019년 1월 21일 08시,월요일,대전광역시 서구 내동,경상사고,0,0,1,0,차대사람 - 횡단중,보행자보호의무위반,건조,맑음,단일로 - 기타,승용,여,63세,상해없음,보행자,여,35세,경상