사고번호,사고일시,요일,시군구,사고내용,사망자수,중상자수,경상자수,부상신고자수,사고유형,법규위반,노면상태,기상상태,도로형태,가해운전자 차종,가해운전자 성별,가해운전자 연령,가해운전자 상해정도,피해운전자 차종,피해운전자 성별,피해운전자 연령,피해운전자 상해정도
2019012600100452,2019년 1월 26일 18시,토요일,대전광역시 유성구 장대동,경상사고,0,0,1,0,차대사람 - 횡단중,신호위반,건조,맑음,단일로 - 기타,승용,남,59세,상해없음,보행자,남,77세,경상
2019012600100493,2019년 1월 26일 19시,토요일,대전광역시 중구 오류동,경상사고,0,0,1,0,차대차 - 측면충돌,안전거리미확보,건조,맑음,교차로 - 교차로안,승용,남,29세,상해없음,승용,남,57세,경상
2019012600100494,2019년 1월 26일 19시,토요일,대전광역시 동구 인동,경상사고,0,0,2,0,차대차 - 추돌,안전운전불이행,건조,맑음,단일로 - 기타,승용,남,38세,상해없음,승용,남,66세,경상
2019012600100518,2019년 1월 26일 20시,토요일,대전광역시 중구 선화동,중상사고,0,1,0,0,차대사람 - 길가장자리구역통행중,안전운전불이행,건조,맑음,단일로 - 기타,승용,남,56세,상해없음,보행자,여,72세,중상
2019012600100519,2019년 1월 26일 20시,토요일,대전광역시 유성구 전민동,중상사고,0,1,0,0,차대사람 - 횡단중,안전운전불이행,건조,맑음,단일로 - 기타,승용,남,60세,상해없음,보행자,여,54세,중상
2019012600100555,2019년 1월 26일 21시,토요일,대전광역시 동구 용전동,중상사고,0,1,0,0,차대사람 - 기타,안전운전불이행,건조,맑음,단일로 - 기타,승용,남,43세,상해없음,보행자,남,57세,중상
2019012600100556,2019년 1월 26일 21시,토요일,대전광역시 서구 갈마동,중상사고,0,1,0,0,차대사람 - 횡단중,보행자보호의무위반,건조,맑음,교차로 - 교차로횡단보도내,화물,남,40세,상해없음,보행자,여,75세,중상
2019012600100599,2019년 1월 26일 23시,토요일,대전광역시 서구 탄방동,경상사고,0,0,2,0,차대차 - 기타,안전거리미확보,건조,맑음,단일로 - 기타,승용,남,62세,상해없음,승용,남,34세,경상
2019012600100600,2019년 1월 26일 23시,토요일,대전광역시 서구 갈마동,경상사고,0,0,1,0,차대차 - 기타,안전운전불이행,건조,맑음,단일로 - 기타,승용,남,69세,상해없음,승용,남,58세,상해없음
2019012700100049,2019년 1월 27일 02시,일요일,대전광역시 서구 갈마동,경상사고,0,0,5,0,차대차 - 기타,신호위반,건조,맑음,교차로 - 교차로안,승용,남,36세,상해없음,승용,남,63세,경상
2019012700100056,2019년 1월 27일 03시,일요일,대전광역시 대덕구 중리동,부상신고사고,0,0,0,1,차대사람 - 기타,안전운전불이행,건조,맑음,단일로 - 기타,승용,남,64세,상해없음,보행자,남,69세,부상신고
2019012700100075,2019년 1월 27일 06시,일요일,대전광역시 서구 월평동,사망사고,1,0,0,0,차대사람 - 횡단중,안전운전불이행,건조,맑음,단일로 - 기타,승용,남,36세,상해없음,보행자,남,35세,사망
2019012700100088,2019년 1월 27일 08시,일요일,대전광역시 중구 태평동,중상사고,0,1,0,0,차대사람 - 횡단중,신호위반,건조,맑음,교차로 - 교차로횡단보도내,승용,남,60세,상해없음,보행자,여,34세,중상
2019012700100105,2019년 1월 27일 09시,일요일,대전광역시 서구 갈마동,중상사고,0,1,0,0,차대사람 - 기타,안전운전불이행,건조,맑음,단일로 - 기타,승용,여,57세,상해없음,보행자,남,38세,중상
2019012700100138,2019년 1월 27일 11시,일요일,대전광역시 서구 갈마동,경상사고,0,0,3,0,차대차 - 기타,안전운전불이행,건조,맑음,교차로 - 교차로안,이륜,남,24세,경상,승용,남,61세,경상
2019012700100193,2019년 1월 27일 13시,일요일,대전광역시 서구 내동,경상사고,0,0,1,0,차대차 - 추돌,안전운전불이행,건조,맑음,교차로 - 교차로부근,승용,남,66세,상해없음,승용,남,32세,경상
2019012700100221,2019년 1월 27일 14시,일요일,대전광역시 동구 삼성동,중상사고,0,1,0,0,차량단독 - 기타,안전운전불이행,건조,맑음,단일로 - 기타,승합,남,45세,상해없음,,,,
2019012700100222,2019년 1월 27일 14시,일요일,대전광역시 유성구 장대동,경상사고,0,0,2,0,차대차 - 추돌,안전운전불이행,건조,맑음,교차로 - 교차로부근,건설기계,남,41세,상해없음,승용,남,26세,경상
2019012700100296,2019년 1월 27일 17시,일요일,대전광역시 유성구 장대동,경상사고,0,0,1,0,차대차 - 측면충돌,안전운전불이행,건조,맑음,단일로 - 기타,승용,여,47세,기타불명,승용,여,59세,경상
2019012700100345,2019년 1월 27일 19시,일요일,대전광역시 유성구 지족동,경상사고,0,0,2,0,차대차 - 기타,안전운전불이행,건조,맑음,단일로 - 기타,승용,남,37세,상해없음,승용,남,29세,경상
2019012800100060,2019년 1월 28일 05시,월요일,대전광역시 동구 삼성동,중상사고,0,1,0,0,차대차 - 기타,안전운전불이행,젖음/습기,비,단일로 - 기타,화물,남,57세,상해없음,이륜,남,67세,중상
2019012800100061,2019년 1월 28일 05시,월요일,대전광역시 서구 둔산동,중상사고,0,1,0,0,차대사람 - 횡단중,안전운전불이행,젖음/습기,비,단일로 - 기타,승용,남,58세,상해없음,보행자,여,66세,중상
2019012800100095,2019년 1월 28일 06시,월요일,대전광역시 서구 월평동,중상사고,0,1,0,0,차대사람 - 횡단중,신호위반,젖음/습기,흐림,교차로 - 교차로횡단보도내,승용,남,65세,상해없음,보행자,여,72세,중상
2019012800100096,2019년 1월 28일 06시,월요일,대전광역시 유성구 외삼동,경상사고,0,0,1,0,차대차 - 측면충돌,안전거리미확보,건조,맑음,단일로 - 기타,화물,남,37세,상해없음,승용,여,40세,경상
2019012800100135,2019년 1월 28일 07시,월요일,대전광역시 유성구 문지동,중상사고,0,1,2,0,차대차 - 기타,중앙선침범,서리/결빙,눈,교차로 - 교차로안,승용,여,27세,상해없음,화물,남,60세,경상
2019012800100136,2019년 1월 28일 07시,월요일,대전광역시 유성구 탑립동,중상사고,0,1,0,0,차대차 - 추돌,중앙선침범,서리/결빙,맑음,단일로 - 기타,화물,남,51세,상해없음,승용,남,34세,중상
2019012800100181,2019년 1월 28일 08시,월요일,대전광역시 동구 용운동,경상사고,0,0,1,0,차대차 - 추돌,안전거리미확보,서리/결빙,흐림,단일로 - 터널,승용,남,39세,상해없음,승용,남,35세,경상
2019012800100182,2019년 1월 28일 08시,월요일,대전광역시 서구 둔산동,경상사고,0,0,1,0,차대차 - 측면충돌,직진우회전진행방해,젖음/습기,맑음,교차로 - 교차로안,승용,남,67세,상해없음,승용,여,45세,경상
2019012800100183,2019년 1월 28일 08시,월요일,대전광역시 서구 월평동,경상사고,0,0,1,0,차대차 - 기타,안전운전불이행,건조,맑음,교차로 - 교차로부근,승용,남,69세,상해없음,승용,남,57세,상해없음
2019012800100219,2019년 1월 28일 09시,월요일,대전광역시 유성구 문지동,경상사고,0,0,1,0,차대차 - 기타,안전운전불이행,서리/결빙,흐림,단일로 - 기타,승용,남,31세,상해없음,승용,남,27세,경상
2019012800100220,2019년 1월 28일 09시,월요일,대전광역시 유성구 장대동,경상사고,0,0,2,0,차대차 - 기타,기타,건조,맑음,단일로 - 기타,승용,남,43세,경상,화물,남,58세,경상
2019012800100274,2019년 1월 28일 10시,월요일,대전광역시 중구 대흥동,경상사고,0,0,1,0,차대사람 - 기타,보행자보호의무위반,건조,맑음,단일로 - 기타,승용,남,61세,상해없음,보행자,남,78세,경상
2019012800100275,2019년 1월 28일 10시,월요일,대전광역시 유성구 궁동,부상신고사고,0,0,0,1,차대차 - 기타,기타,건조,맑음,단일로 - 기타,자전거,남,30세,부상신고,승합,남,56세,상해없음
2019012800100305,2019년 1월 28일 11시,월요일,대전광역시 동구 원동,경상사고,0,0,1,0,차대차 - 측면충돌,안전거리미확보,건조,맑음,단일로 - 기타,승용,남,52세,상해없음,승용,남,58세,경상
2019012800100344,2019년 1월 28일 12시,월요일,대전광역시 서구 괴정동,경상사고,0,0,2,0,차대차 - 정면충돌,안전운전불이행,건조,맑음,단일로 - 기타,이륜,남,23세,경상,이륜,남,27세,경상
2019012800100345,2019년 1월 28일 12시,월요일,대전광역시 유성구 봉명동,경상사고,0,0,1,0,차대차 - 기타,안전운전불이행,건조,맑음,단일로 - 기타,화물,남,61세,상해없음,승용,남,53세,경상
2019012800100366,2019년 1월 28일 13시,월요일,대전광역시 대덕구 신탄진동,경상사고,0,0,2,0,차대차 - 측면충돌,직진우회전진행방해,건조,맑음,교차로 - 교차로안,승용,여,28세,상해없음,승용,여,49세,경상
2019012800100410,2019년 1월 28일 14시,월요일,대전광역시 중구 안영동,중상사고,0,1,2,0,차대차 - 추돌,안전거리미확보,건조,맑음,단일로 - 기타,화물,남,63세,상해없음,승합,남,75세,경상
2019012800100411,2019년 1월 28일 14시,월요일,대전광역시 서구 탄방동,중상사고,0,2,0,0,차대차 - 기타,안전운전불이행,건조,맑음,교차로 - 교차로안,승용,남,69세,중상,승용,남,68세,상해없음
2019012800100457,2019년 1월 28일 15시,월요일,대전광역시 동구 대성동,경상사고,0,0,1,0,차대차 - 후진중충돌,안전운전불이행,건조,맑음,단일로 - 기타,승용,남,65세,상해없음,승용,여,36세,경상
2019012800100458,2019년 1월 28일 15시,월요일,대전광역시 동구 판암동,경상사고,0,0,1,0,차대차 - 측면충돌,안전거리미확보,건조,맑음,단일로 - 기타,승용,여,66세,상해없음,화물,남,50세,경상
2019012800100459,2019년 1월 28일 15시,월요일,대전광역시 유성구 궁동,중상사고,0,1,0,1,차대차 - 측면충돌,안전운전불이행,건조,맑음,교차로 - 교차로부근,승용,여,59세,상해없음,승용,여,42세,중상
2019012800100489,2019년 1월 28일 16시,월요일,대전광역시 중구 산성동,중상사고,0,1,0,0,차대차 - 측면충돌,신호위반,건조,맑음,교차로 - 교차로안,승용,남,62세,상해없음,자전거,여,76세,중상
2019012800100490,2019년 1월 28일 16시,월요일,대전광역시 대덕구 비래동,중상사고,0,1,2,0,차대차 - 측면충돌,안전운전불이행,건조,맑음,단일로 - 기타,승용,여,56세,상해없음,승용,남,38세,경상
2019012800100518,2019년 1월 28일 17시,월요일,대전광역시 동구 삼성동,경상사고,0,0,1,0,차대차 - 측면충돌,교차로운행방법위반,건조,맑음,교차로 - 교차로부근,승합,여,47세,상해없음,승용,여,30세,상해없음
2019012800100519,2019년 1월 28일 17시,월요일,대전광역시 서구 관저동,경상사고,0,0,1,0,차대차 - 측면충돌,안전운전불이행,건조,맑음,교차로 - 교차로부근,승용,여,33세,상해없음,승용,남,43세,경상
2019012800100562,2019년 1월 28일 18시,월요일,대전광역시 대덕구 상서동,경상사고,0,0,1,0,차대차 - 기타,안전운전불이행,젖음/습기,흐림,단일로 - 기타,승용,남,59세,기타불명,승용,남,29세,경상
2019012800100563,2019년 1월 28일 18시,월요일,대전광역시 유성구 지족동,중상사고,0,1,1,0,차대차 - 추돌,안전운전불이행,건조,맑음,단일로 - 기타,승용,남,33세,중상,승용,여,46세,경상
2019012800100593,2019년 1월 28일 19시,월요일,대전광역시 서구 탄방동,경상사고,0,0,1,0,차대차 - 후진중충돌,안전운전불이행,건조,맑음,단일로 - 기타,승용,남,32세,상해없음,이륜,남,24세,경상
2019012900100027,2019년 1월 29일 00시,화요일,대전광역시 대덕구 송촌동,경상사고,0,0,1,0,차대사람 - 기타,신호위반,건조,맑음,교차로 - 교차로안,승용,여,53세,상해없음,보행자,남,35세,경상
2019012900100056,2019년 1월 29일 05시,화요일,대전광역시 서구 둔산동,경상사고,0,0,2,0,차대차 - 기타,안전운전불이행,건조,맑음,교차로 - 교차로부근,화물,남,59세,상해없음,승용,남,67세,경상
2019012900100091,2019년 1월 29일 07시,화요일,대전광역시 서구 둔산동,경상사고,0,0,1,0,차대차 - 기타,안전운전불이행,건조,맑음,단일로 - 기타,승용,여,61세,상해없음,승용,남,59세,경상
2019012900100129,2019년 1월 29일 08시,화요일,대전광역시 동구 용전동,경상사고,0,0,1,0,차대차 - 측면충돌,신호위반,건조,맑음,교차로 - 교차로안,승용,남,68세,상해없음,승용,남,34세,경상
2019012900100130,2019년 1월 29일 08시,화요일,대전광역시 동구 인동,경상사고,0,0,2,0,차대차 - 측면충돌,신호위반,건조,맑음,단일로 - 기타,승용,여,35세,경상,화물,남,68세,경상
2019012900100193,2019년 1월 29일 11시,화요일,대전광역시 서구 갈마동,경상사고,0,0,3,0,차대차 - 측면충돌,안전운전불이행,건조,맑음,교차로 - 교차로부근,승용,남,61세,경상,화물,남,67세,경상
2019012900100249,2019년 1월 29일 13시,화요일,대전광역시 서구 둔산동,경상사고,0,0,1,0,차대차 - 기타,안전운전불이행,건조,맑음,단일로 - 기타,승합,여,63세,상해없음,승용,남,37세,경상
2019012900100250,2019년 1월 29일 13시,화요일,대전광역시 서구 둔산동,경상사고,0,0,3,0,차대차 - 측면충돌,신호위반,건조,맑음,교차로 - 교차로안,승용,여,55세,상해없음,승용,여,34세,경상
2019012900100276,2019년 1월 29일 14시,화요일,대전광역시 중구 산성동,경상사고,0,0,1,0,차대차 - 측면충돌,중앙선침범,건조,맑음,교차로 - 교차로부근,자전거,여,47세,경상,화물,남,49세,상해없음
2019012900100277,2019년 1월 29일 14시,화요일,대전광역시 대덕구 상서동,경상사고,0,0,1,0,차대차 - 기타,신호위반,건조,맑음,교차로 - 교차로안,화물,남,71세,상해없음,특수,남,23세,경상
2019012900100278,2019년 1월 29일 14시,화요일,대전광역시 서구 갈마동,중상사고,0,1,1,0,차대차 - 정면충돌,신호위반,건조,맑음,교차로 - 교차로안,이륜,남,35세,중상,승용,남,44세,경상
2019012900100279,2019년 1월 29일 14시,화요일,대전광역시 서구 만년동,경상사고,0,0,2,0,차대차 - 측면충돌,안전거리미확보,건조,맑음,단일로 - 기타,승용,여,64세,상해없음,승용,남,59세,경상
2019012900100328,2019년 1월 29일 15시,화요일,대전광역시 유성구 봉명동,경상사고,0,0,1,0,차대차 - 기타,안전거리미확보,건조,맑음,교차로 - 교차로부근,승용,남,76세,상해없음,승용,남,51세,경상
2019012900100388,2019년 1월 29일 16시,화요일,대전광역시 동구 용운동,경상사고,0,0,1,0,차대차 - 기타,중앙선침범,건조,맑음,단일로 - 기타,승합,남,73세,상해없음,원동기,남,23세,상해없음
2019012900100389,2019년 1월 29일 16시,화요일,대전광역시 서구 둔산동,경상사고,0,0,2,0,차대차 - 측면충돌,교차로운행방법위반,건조,맑음,교차로 - 교차로안,승용,남,53세,상해없음,승용,남,57세,경상
2019012900100475,2019년 1월 29일 18시,화요일,대전광역시 중구 부사동,경상사고,0,0,1,0,차대사람 - 기타,불법유턴,건조,맑음,교차로 - 교차로부근,화물,남,49세,상해없음,보행자,남,58세,경상
2019012900100476,2019년 1월 29일 18시,화요일,대전광역시 동구 성남동,경상사고,0,0,3,0,차대차 - 측면충돌,안전운전불이행,건조,맑음,단일로 - 기타,승용,남,61세,상해없음,승용,여,44세,경상
2019012900100477,2019년 1월 29일 18시,화요일,대전광역시 서구 관저동,중상사고,0,1,0,0,차대차 - 기타,안전운전불이행,건조,맑음,교차로 - 교차로부근,기타불명,기타불명,미분류,기타불명,자전거,여,53세,중상
2019012900100520,2019년 1월 29일 19시,화요일,대전광역시 대덕구 중리동,경상사고,0,0,1,0,차대차 - 기타,안전운전불이행,건조,맑음,단일로 - 기타,화물,남,64세,상해없음,이륜,남,50세,경상
2019012900100521,2019년 1월 29일 19시,화요일,대전광역시 유성구 노은동,경상사고,0,0,3,0,차대차 - 기타,안전운전불이행,건조,맑음,단일로 - 기타,화물,남,34세,상해없음,승용,남,68세,경상
2019013000100046,2019년 1월 30일 03시,수요일,대전광역시 서구 괴정동,경상사고,0,0,1,0,차대차 - 측면충돌,안전운전불이행,건조,맑음,교차로 - 교차로안,승용,여,47세,상해없음,승용,남,61세,경상
2019013000100054,2019년 1월 30일 05시,수요일,대전광역시 동구 자양동,경상사고,0,0,1,0,차대차 - 측면충돌,신호위반,건조,맑음,교차로 - 교차로안,승용,남,64세,상해없음,이륜,남,27세,경상
2019013000100110,2019년 1월 30일 08시,수요일,대전광역시 대덕구 중리동,경상사고,0,0,1,0,차대차 - 측면충돌,교차로운행방법위반,건조,맑음,교차로 - 교차로안,승용,여,60세,상해없음,승용,남,50세,경상
2019013000100141,2019년 1월 30일 09시,수요일,대전광역시 동구 대동,경상사고,0,0,1,0,차대차 - 측면충돌,안전운전불이행,건조,맑음,교차로 - 교차로안,승용,여,53세,상해없음,자전거,여,67세,경상
2019013000100142,2019년 1월 30일 09시,수요일,대전광역시 대덕구 오정동,중상사고,0,1,0,0,차대차 - 기타,신호위반,건조,맑음,교차로 - 교차로안,승용,남,59세,상해없음,승용,남,65세,중상
2019013000100143,2019년 1월 30일 09시,수요일,대전광역시 대덕구 석봉동,중상사고,0,1,0,0,차대사람 - 기타,보행자보호의무위반,건조,맑음,교차로 - 교차로횡단보도내,화물,남,49세,상해없음,보행자,여,65세,중상
2019013000100180,2019년 1월 30일 10시,수요일,대전광역시 동구 상소동,중상사고,0,1,0,0,차대차 - 측면충돌,중앙선침범,건조,맑음,단일로 - 기타,승용,남,60세,상해없음,화물,남,55세,중상
2019013000100265,2019년 1월 30일 13시,수요일,대전광역시 동구 자양동,경상사고,0,0,1,0,차대차 - 측면충돌,교차로운행방법위반,건조,맑음,교차로 - 교차로안,승합,여,49세,상해없음,승용,남,53세,경상
2019013000100375,2019년 1월 30일 16시,수요일,대전광역시 서구 둔산동,경상사고,0,0,3,0,차대차 - 기타,안전거리미확보,건조,맑음,단일로 - 기타,승용,여,57세,상해없음,승용,여,30세,경상
2019013000100376,2019년 1월 30일 16시,수요일,대전광역시 유성구 노은동,중상사고,0,1,1,0,차대차 - 측면충돌,안전운전불이행,건조,맑음,교차로 - 교차로부근,승용,남,46세,상해없음,승용,남,32세,경상
2019013000100401,2019년 1월 30일 17시,수요일,대전광역시 동구 성남동,경상사고,0,0,2,0,차량단독 - 기타,기타,건조,맑음,교차로 - 교차로안,승합,남,55세,상해없음,,,,
2019013000100402,2019년 1월 30일 17시,수요일,대전광역시 대덕구 중리동,중상사고,0,1,0,0,차대차 - 기타,신호위반,건조,맑음,교차로 - 교차로부근,승용,남,50세,상해없음,이륜,남,35세,중상
2019013000100455,2019년 1월 30일 18시,수요일,대전광역시 유성구 지족동,경상사고,0,0,1,0,차대차 - 추돌,안전운전불이행,건조,맑음,교차로 - 교차로부근,원동기,남,30세,상해없음,승용,남,30세,경상
2019013000100504,2019년 1월 30일 19시,수요일,대전광역시 유성구 도룡동,경상사고,0,0,1,0,차대차 - 추돌,안전운전불이행,건조,맑음,단일로 - 기타,승용,남,35세,상해없음,승용,남,35세,경상
2019013000100525,2019년 1월 30일 20시,수요일,대전광역시 동구 용운동,경상사고,0,0,1,0,차대차 - 기타,안전거리미확보,건조,맑음,단일로 - 기타,승용,남,55세,상해없음,원동기,남,18세,경상
2019013100100028,2019년 1월 31일 00시,목요일,대전광역시 동구 용전동,경상사고,0,0,1,0,차대차 - 기타,안전운전불이행,건조,맑음,단일로 - 기타,화물,남,37세,상해없음,승용,남,76세,경상
2019013100100054,2019년 1월 31일 04시,목요일,대전광역시 대덕구 덕암동,경상사고,0,0,2,0,차대차 - 기타,안전운전불이행,건조,맑음,교차로 - 교차로안,화물,남,49세,상해없음,승용,남,28세,경상
2019013100100055,2019년 1월 31일 04시,목요일,대전광역시 유성구 반석동,중상사고,0,1,0,0,차대차 - 추돌,안전운전불이행,건조,맑음,교차로 - 교차로부근,승용,남,27세,상해없음,승용,남,64세,중상
2019013100100085,2019년 1월 31일 06시,목요일,대전광역시 서구 월평동,부상신고사고,0,0,0,1,차대사람 - 횡단중,안전운전불이행,건조,맑음,단일로 - 기타,승용,남,63세,상해없음,보행자,남,33세,부상신고
2019013100100086,2019년 1월 31일 06시,목요일,대전광역시 유성구 관평동,경상사고,0,0,1,0,차대차 - 기타,신호위반,건조,맑음,교차로 - 교차로안,승용,남,22세,상해없음,승용,여,50세,경상
2019013100100154,2019년 1월 31일 08시,목요일,대전광역시 유성구 전민동,경상사고,0,0,1,0,차대차 - 측면충돌,안전운전불이행,건조,맑음,교차로 - 교차로부근,승용,남,43세,상해없음,승용,여,26세,경상
2019013100100155,2019년 1월 31일 08시,목요일,대전광역시 유성구 용산동,중상사고,0,1,1,0,차대차 - 기타,불법유턴,건조,맑음,교차로 - 교차로횡단보도내,이륜,남,61세,중상,승용,남,34세,경상
2019013100100203,2019년 1월 31일 10시,목요일,대전광역시 동구 중동,경상사고,0,0,2,0,차량단독 - 기타,안전운전불이행,건조,맑음,교차로 - 교차로부근,승합,남,53세,상해없음,,,,
2019013100100235,2019년 1월 31일 11시,목요일,대전광역시 유성구 반석동,경상사고,0,0,1,0,차대사람 - 기타,안전운전불이행,건조,맑음,단일로 - 기타,승용,여,56세,상해없음,보행자,여,50세,경상
2019013100100267,2019년 1월 31일 12시,목요일,대전광역시 중구 문화동,경상사고,0,0,1,0,차대차 - 추돌,안전운전불이행,건조,맑음,교차로 - 교차로부근,이륜,남,38세,상해없음,승용,남,57세,경상
2019013100100268,2019년 1월 31일 12시,목요일,대전광역시 유성구 봉명동,경상사고,0,0,1,0,차대차 - 기타,안전운전불이행,건조,맑음,교차로 - 교차로부근,승용,남,68세,상해없음,승용,남,49세,경상
2019013100100318,2019년 1월 31일 14시,목요일,대전광역시 유성구 노은동,경상사고,0,0,1,1,차대차 - 기타,신호위반,건조,맑음,교차로 - 교차로안,승용,남,81세,상해없음,승용,남,58세,경상
2019013100100387,2019년 1월 31일 16시,목요일,대전광역시 중구 선화동,중상사고,0,1,0,0,차대차 - 추돌,안전거리미확보,건조,맑음,단일로 - 기타,이륜,남,50세,상해없음,승용,남,45세,중상
2019013100100388,2019년 1월 31일 16시,목요일,대전광역시 대덕구 송촌동,경상사고,0,0,1,0,차대차 - 기타,신호위반,건조,맑음,교차로 - 교차로안,승합,남,61세,상해없음,화물,남,34세,경상
2019013100100389,2019년 1월 31일 16시,목요일,대전광역시 서구 월평동,중상사고,0,1,0,0,차대사람 - 기타,보행자보호의무위반,건조,맑음,단일로 - 기타,승용,여,56세,상해없음,보행자,남,66세,중상
2019013100100426,2019년 1월 31일 17시,목요일,대전광역시 중구 선화동,중상사고,0,1,0,0,차대사람 - 차도통행중,안전운전불이행,건조,맑음,단일로 - 기타,승용,여,65세,상해없음,보행자,여,45세,중상
2019013100100471,2019년 1월 31일 18시,목요일,대전광역시 동구 삼성동,경상사고,0,0,1,0,차대차 - 측면충돌,차로위반,건조,맑음,단일로 - 교량,승용,남,76세,상해없음,승합,남,26세,경상
2019013100100472,2019년 1월 31일 18시,목요일,대전광역시 동구 대성동,경상사고,0,0,1,0,차대차 - 측면충돌,차로위반,건조,맑음,교차로 - 교차로안,승합,여,37세,상해없음,승용,남,31세,경상
2019013100100473,2019년 1월 31일 18시,목요일,대전광역시 대덕구 석봉동,경상사고,0,0,1,0,차대차 - 기타,안전거리미확보,건조,맑음,교차로 - 교차로부근,승용,여,49세,상해없음,승용,여,64세,경상
2019013100100556,2019년 1월 31일 20시,목요일,대전광역시 서구 둔산동,경상사고,0,0,2,0,차대차 - 측면충돌,교차로운행방법위반,건조,맑음,교차로 - 교차로안,승용,여,60세,상해없음,승용,여,30세,경상
2019013100100622,2019년 1월 31일 23시,목요일,대전광역시 서구 괴정동,경상사고,0,0,1,0,차대차 - 측면충돌,중앙선침범,건조,맑음,단일로 - 기타,이륜,남,32세,상해없음,이륜,남,23세,경상
2019020100100077,2019년 2월 1일 04시,금요일,대전광역시 서구 용문동,중상사고,0,1,0,0,차량단독 - 기타,안전운전불이행,건조,맑음,단일로 - 기타,승용,남,67세,상해없음,,,,
2019020100100078,2019년 2월 1일 04시,금요일,대전광역시 대덕구 법동,중상사고,0,1,0,0,차대사람 - 기타,신호위반,건조,기타,교차로 - 교차로횡단보도내,승용,남,42세,상해없음,보행자,여,64세,중상
2019020100100119,2019년 2월 1일 07시,금요일,대전광역시 중구 대사동,경상사고,0,0,1,0,차량단독 - 기타,안전운전불이행,건조,맑음,교차로 - 교차로부근,승합,남,44세,상해없음,,,,
2019020100100137,2019년 2월 1일 08시,금요일,대전광역시 동구 삼괴동,경상사고,0,0,1,0,차대차 - 추돌,안전운전불이행,건조,맑음,단일로 - 기타,화물,남,56세,상해없음,승용,여,43세,경상
2019020100100183,2019년 2월 1일 09시,금요일,대전광역시 서구 관저동,중상사고,0,2,0,0,차대차 - 정면충돌,신호위반,건조,맑음,교차로 - 교차로안,화물,남,68세,상해없음,승용,여,58세,중상
2019020100100248,2019년 2월 1일 11시,금요일,대전광역시 동구 용전동,중상사고,0,2,2,0,차대차 - 측면충돌,신호위반,건조,맑음,교차로 - 교차로안,승용,남,55세,상해없음,승용,여,54세,경상
2019020100100249,2019년 2월 1일 11시,금요일,대전광역시 서구 갈마동,경상사고,0,0,1,0,차대차 - 기타,교차로운행방법위반,건조,맑음,교차로 - 교차로안,이륜,남,51세,상해없음,이륜,남,24세,경상
2019020100100282,2019년 2월 1일 12시,금요일,대전광역시 동구 중동,경상사고,0,0,1,0,차대사람 - 차도통행중,안전운전불이행,건조,맑음,단일로 - 기타,승용,여,59세,상해없음,보행자,여,61세,경상
2019020100100309,2019년 2월 1일 13시,금요일,대전광역시 동구 가양동,경상사고,0,0,1,0,차대차 - 기타,안전운전불이행,건조,맑음,단일로 - 기타,이륜,남,46세,경상,승용,남,78세,상해없음
2019020100100310,2019년 2월 1일 13시,금요일,대전광역시 서구 둔산동,경상사고,0,0,1,0,차대사람 - 횡단중,보행자보호의무위반,건조,맑음,교차로 - 교차로횡단보도내,승용,남,46세,상해없음,보행자,여,45세,경상
2019020100100361,2019년 2월 1일 14시,금요일,대전광역시 중구 문화동,경상사고,0,0,2,0,차대차 - 측면충돌,안전거리미확보,건조,맑음,단일로 - 기타,승용,남,62세,상해없음,승용,여,59세,경상
2019020100100362,2019년 2월 1일 14시,금요일,대전광역시 서구 내동,경상사고,0,0,1,0,차대차 - 측면충돌,안전운전불이행,건조,맑음,단일로 - 기타,화물,남,61세,상해없음,승용,여,36세,경상
2019020100100363,2019년 2월 1일 14시,금요일,대전광역시 서구 내동,경상사고,0,0,1,0,차대차 - 정면충돌,중앙선침범,건조,맑음,단일로 - 기타,승용,여,41세,상해없음,승용,남,30세,경상
2019020100100409,2019년 2월 1일 15시,금요일,대전광역시 동구 용전동,경상사고,0,0,1,0,차대차 - 측면충돌,안전운전불이행,건조,맑음,교차로 - 교차로안,승용,남,39세,상해없음,이륜,남,25세,경상
2019020100100410,2019년 2월 1일 15시,금요일,대전광역시 서구 가수원동,중상사고,0,1,0,0,차대사람 - 기타,안전운전불이행,건조,맑음,단일로 - 기타,승용,남,33세,상해없음,보행자,여,67세,중상
2019020100100439,2019년 2월 1일 16시,금요일,대전광역시 서구 도마동,경상사고,0,0,1,0,차대사람 - 횡단중,보행자보호의무위반,건조,맑음,교차로 - 교차로횡단보도내,승용,여,49세,상해없음,보행자,남,17세,경상
2019020100100440,2019년 2월 1일 16시,금요일,대전광역시 유성구 구암동,경상사고,0,0,1,0,차대차 - 기타,안전운전불이행,건조,맑음,단일로 - 기타,승용,여,60세,상해없음,화물,남,45세,경상
2019020100100441,2019년 2월 1일 16시,금요일,대전광역시 유성구 봉명동,경상사고,0,0,1,0,차대차 - 기타,중앙선침범,건조,맑음,단일로 - 기타,건설기계,남,57세,상해없음,이륜,남,21세,경상
2019020100100488,2019년 2월 1일 17시,금요일,대전광역시 동구 가양동,경상사고,0,0,1,0,차대차 - 측면충돌,안전운전불이행,건조,맑음,교차로 - 교차로안,승용,여,48세,상해없음,승용,여,30세,경상
2019020100100528,2019년 2월 1일 18시,금요일,대전광역시 대덕구 법동,경상사고,0,0,1,0,차대차 - 측면충돌,안전운전불이행,건조,맑음,단일로 - 기타,화물,남,62세,상해없음,승용,남,58세,경상