사고번호,사고일시,요일,시군구,사고내용,사망자수,중상자수,경상자수,부상신고자수,사고유형,법규위반,노면상태,기상상태,도로형태,가해운전자 차종,가해운전자 성별,가해운전자 연령,가해운전자 상해정도,피해운전자 차종,피해운전자 성별,피해운전자 연령,피해운전자 상해정도
2019020100100559,2019년 2월 1일 18시,금요일,대전광역시 서구 가수원동,경상사고,0,0,2,0,차대차 - 측면충돌,안전운전불이행,건조,맑음,단일로 - 기타,승용,여,52세,경상,승용,여,34세,경상
2019020100100560,2019년 2월 1일 18시,금요일,대전광역시 대덕구 신탄진동,경상사고,0,0,1,0,차대차 - 기타,안전운전불이행,건조,맑음,단일로 - 기타,승용,여,23세,상해없음,승용,남,33세,경상
2019020100100561,2019년 2월 1일 18시,금요일,대전광역시 대덕구 법동,경상사고,0,0,1,0,차대사람 - 기타,안전운전불이행,건조,맑음,단일로 - 기타,기타불명,기타불명,미분류,기타불명,보행자,남,69세,경상
2019020100100562,2019년 2월 1일 18시,금요일,대전광역시 유성구 노은동,경상사고,0,0,1,0,차대차 - 기타,안전운전불이행,건조,맑음,교차로 - 교차로부근,승용,여,42세,상해없음,승용,남,29세,경상
2019020100100563,2019년 2월 1일 18시,금요일,대전광역시 유성구 전민동,경상사고,0,0,1,0,차대차 - 추돌,안전운전불이행,건조,맑음,단일로 - 기타,승용,남,61세,상해없음,화물,남,58세,경상
2019020100100616,2019년 2월 1일 19시,금요일,대전광역시 중구 선화동,경상사고,0,0,1,0,차대차 - 추돌,안전운전불이행,건조,맑음,교차로 - 교차로안,승용,남,61세,상해없음,승용,남,45세,경상
2019020100100617,2019년 2월 1일 19시,금요일,대전광역시 중구 오류동,경상사고,0,0,2,0,차대차 - 추돌,안전운전불이행,건조,맑음,교차로 - 교차로부근,승용,남,66세,상해없음,승용,남,49세,경상
2019020100100651,2019년 2월 1일 20시,금요일,대전광역시 중구 선화동,중상사고,0,1,1,0,차대차 - 추돌,신호위반,건조,맑음,교차로 - 교차로안,이륜,남,39세,중상,승용,남,69세,경상
2019020100100652,2019년 2월 1일 20시,금요일,대전광역시 서구 도마동,중상사고,0,1,1,0,차대사람 - 기타,보행자보호의무위반,건조,맑음,교차로 - 교차로부근,화물,남,44세,기타불명,보행자,남,41세,중상
2019020100100653,2019년 2월 1일 20시,금요일,대전광역시 유성구 계산동,경상사고,0,0,1,0,차대차 - 기타,안전운전불이행,건조,맑음,단일로 - 기타,승용,남,36세,상해없음,승용,여,53세,경상
2019020100100683,2019년 2월 1일 21시,금요일,대전광역시 중구 태평동,중상사고,0,1,0,0,차대차 - 기타,안전운전불이행,건조,맑음,단일로 - 기타,이륜,남,40세,중상,화물,남,36세,상해없음
2019020100100712,2019년 2월 1일 22시,금요일,대전광역시 서구 둔산동,중상사고,0,4,0,0,차대차 - 추돌,안전운전불이행,건조,맑음,교차로 - 교차로부근,승용,남,47세,상해없음,승용,남,58세,중상
2019020100100734,2019년 2월 1일 23시,금요일,대전광역시 중구 선화동,경상사고,0,0,1,1,차대차 - 추돌,안전운전불이행,건조,맑음,교차로 - 교차로안,승용,남,25세,상해없음,승용,남,62세,경상
2019020100100735,2019년 2월 1일 23시,금요일,대전광역시 서구 가수원동,경상사고,0,0,1,0,차대차 - 측면충돌,신호위반,건조,맑음,교차로 - 교차로부근,화물,남,64세,상해없음,승용,남,27세,경상
2019020100100736,2019년 2월 1일 23시,금요일,대전광역시 서구 둔산동,경상사고,0,0,1,0,차대사람 - 횡단중,안전운전불이행,건조,맑음,교차로 - 교차로안,승용,남,50세,상해없음,보행자,남,37세,경상
2019020100100737,2019년 2월 1일 23시,금요일,대전광역시 유성구 하기동,경상사고,0,0,1,0,차대차 - 추돌,안전운전불이행,건조,맑음,교차로 - 교차로부근,승용,남,26세,상해없음,승용,남,45세,경상
2019020200100040,2019년 2월 2일 00시,토요일,대전광역시 서구 가장동,중상사고,0,1,2,0,차대차 - 측면충돌,안전운전불이행,건조,맑음,교차로 - 교차로부근,승용,남,38세,상해없음,이륜,남,30세,중상
2019020200100057,2019년 2월 2일 01시,토요일,대전광역시 동구 판암동,중상사고,0,1,4,0,차대차 - 측면충돌,신호위반,건조,맑음,교차로 - 교차로안,승용,남,23세,상해없음,승용,남,23세,경상
2019020200100058,2019년 2월 2일 01시,토요일,대전광역시 동구 가양동,경상사고,0,0,1,0,차대차 - 기타,안전운전불이행,건조,맑음,단일로 - 기타,승용,남,27세,상해없음,화물,기타불명,미분류,기타불명
2019020200100103,2019년 2월 2일 04시,토요일,대전광역시 서구 갈마동,경상사고,0,0,1,0,차대차 - 기타,안전운전불이행,건조,맑음,교차로 - 교차로안,승용,남,33세,상해없음,자전거,남,21세,경상
2019020200100104,2019년 2월 2일 04시,토요일,대전광역시 서구 탄방동,경상사고,0,0,1,0,차대차 - 추돌,안전운전불이행,건조,맑음,단일로 - 기타,승용,남,56세,상해없음,승용,남,25세,상해없음
2019020200100114,2019년 2월 2일 05시,토요일,대전광역시 유성구 장대동,경상사고,0,0,2,1,차대차 - 기타,안전운전불이행,건조,맑음,단일로 - 기타,승용,남,29세,상해없음,승용,여,52세,경상
2019020200100140,2019년 2월 2일 07시,토요일,대전광역시 서구 둔산동,경상사고,0,0,1,0,차대차 - 측면충돌,안전거리미확보,건조,맑음,단일로 - 기타,승용,남,49세,상해없음,승용,남,49세,경상
2019020200100224,2019년 2월 2일 11시,토요일,대전광역시 동구 용전동,경상사고,0,0,2,0,차대차 - 추돌,안전운전불이행,건조,맑음,교차로 - 교차로부근,승합,남,50세,상해없음,승용,남,66세,경상
2019020200100258,2019년 2월 2일 12시,토요일,대전광역시 중구 선화동,중상사고,0,1,0,0,차대차 - 측면충돌,교차로운행방법위반,건조,맑음,교차로 - 교차로안,원동기,남,29세,중상,승용,남,60세,상해없음
2019020200100259,2019년 2월 2일 12시,토요일,대전광역시 서구 갈마동,경상사고,0,0,1,0,차대차 - 기타,안전운전불이행,건조,맑음,교차로 - 교차로안,승용,남,59세,상해없음,승용,남,49세,경상
2019020200100286,2019년 2월 2일 13시,토요일,대전광역시 서구 탄방동,경상사고,0,0,1,0,차대사람 - 기타,안전운전불이행,건조,맑음,단일로 - 기타,승용,남,59세,상해없음,보행자,남,40세,경상
2019020200100287,2019년 2월 2일 13시,토요일,대전광역시 서구 둔산동,경상사고,0,0,1,0,차대차 - 기타,안전운전불이행,건조,맑음,단일로 - 기타,승용,남,52세,상해없음,승용,남,23세,경상
2019020200100321,2019년 2월 2일 14시,토요일,대전광역시 서구 관저동,중상사고,0,1,1,0,차량단독 - 기타,안전운전불이행,건조,맑음,단일로 - 기타,승합,남,37세,상해없음,,,,
2019020200100322,2019년 2월 2일 14시,토요일,대전광역시 서구 월평동,경상사고,0,0,1,0,차대차 - 기타,안전운전불이행,건조,맑음,단일로 - 기타,승용,남,61세,상해없음,승용,남,19세,경상
2019020200100361,2019년 2월 2일 15시,토요일,대전광역시 동구 성남동,경상사고,0,0,1,0,차대차 - 기타,안전운전불이행,건조,맑음,교차로 - 교차로안,승용,남,60세,상해없음,자전거,남,76세,경상
2019020200100362,2019년 2월 2일 15시,토요일,대전광역시 유성구 구암동,경상사고,0,0,1,0,차대차 - 기타,안전운전불이행,건조,맑음,교차로 - 교차로안,승용,남,77세,상해없음,화물,남,59세,경상
2019020200100433,2019년 2월 2일 17시,토요일,대전광역시 중구 산성동,중상사고,0,1,0,0,차대차 - 기타,교차로운행방법위반,건조,맑음,교차로 - 교차로안,원동기,남,33세,중상,승합,남,39세,상해없음
2019020200100479,2019년 2월 2일 18시,토요일,대전광역시 동구 용운동,경상사고,0,0,1,0,차대차 - 측면충돌,안전운전불이행,건조,맑음,단일로 - 기타,승용,남,71세,상해없음,자전거,여,68세,경상
2019020200100480,2019년 2월 2일 18시,토요일,대전광역시 서구 탄방동,경상사고,0,0,2,0,차대차 - 기타,신호위반,건조,맑음,단일로 - 기타,기타불명,기타불명,미분류,기타불명,승용,여,55세,경상
2019020200100528,2019년 2월 2일 20시,토요일,대전광역시 중구 산성동,중상사고,0,1,0,0,차대사람 - 보도통행중,보행자보호의무위반,건조,맑음,단일로 - 기타,사륜오토바이(ATV),남,24세,상해없음,보행자,여,15세,중상
2019020200100529,2019년 2월 2일 20시,토요일,대전광역시 유성구 어은동,경상사고,0,0,1,0,차대차 - 측면충돌,불법유턴,건조,맑음,단일로 - 기타,자전거,남,73세,경상,승용,남,32세,상해없음
2019020200100546,2019년 2월 2일 21시,토요일,대전광역시 서구 만년동,경상사고,0,0,2,0,차대차 - 기타,안전운전불이행,건조,맑음,단일로 - 기타,승용,남,27세,기타불명,승용,남,66세,경상
2019020200100583,2019년 2월 2일 23시,토요일,대전광역시 서구 둔산동,경상사고,0,0,1,0,차대사람 - 기타,안전운전불이행,건조,맑음,단일로 - 기타,승용,남,44세,상해없음,보행자,여,20세,경상
2019020200100584,2019년 2월 2일 23시,토요일,대전광역시 유성구 덕명동,사망사고,1,0,0,0,차량단독 - 전도전복 - 전도,안전운전불이행,젖음/습기,비,단일로 - 기타,이륜,남,37세,사망,,,,
2019020300100032,2019년 2월 3일 00시,일요일,대전광역시 서구 둔산동,경상사고,0,0,1,0,차대차 - 기타,교차로운행방법위반,건조,맑음,교차로 - 교차로안,승용,남,69세,상해없음,승용,남,36세,상해없음
2019020300100051,2019년 2월 3일 01시,일요일,대전광역시 동구 자양동,경상사고,0,0,1,0,차대차 - 추돌,안전운전불이행,젖음/습기,비,교차로 - 교차로부근,승용,남,52세,상해없음,승용,남,38세,경상
2019020300100052,2019년 2월 3일 01시,일요일,대전광역시 서구 관저동,경상사고,0,0,1,0,차대차 - 정면충돌,안전운전불이행,건조,맑음,교차로 - 교차로안,승용,남,23세,상해없음,승용,남,22세,경상
2019020300100053,2019년 2월 3일 01시,일요일,대전광역시 서구 괴정동,경상사고,0,0,1,0,차대차 - 기타,안전거리미확보,젖음/습기,비,교차로 - 교차로안,이륜,남,51세,경상,승용,남,68세,상해없음
2019020300100054,2019년 2월 3일 01시,일요일,대전광역시 서구 갈마동,경상사고,0,0,1,0,차대차 - 기타,안전운전불이행,젖음/습기,비,단일로 - 기타,기타불명,기타불명,미분류,기타불명,승용,남,64세,경상
2019020300100098,2019년 2월 3일 03시,일요일,대전광역시 유성구 장대동,경상사고,0,0,1,0,차대차 - 추돌,안전운전불이행,젖음/습기,비,교차로 - 교차로부근,승용,남,20세,상해없음,화물,남,65세,경상
2019020300100108,2019년 2월 3일 04시,일요일,대전광역시 유성구 궁동,경상사고,0,0,1,0,차대차 - 기타,안전운전불이행,젖음/습기,비,단일로 - 기타,승용,남,39세,경상,승용,남,29세,상해없음
2019020300100142,2019년 2월 3일 07시,일요일,대전광역시 중구 오류동,중상사고,0,1,0,0,차대사람 - 횡단중,안전운전불이행,젖음/습기,흐림,단일로 - 기타,승용,남,68세,상해없음,보행자,여,59세,중상
2019020300100188,2019년 2월 3일 10시,일요일,대전광역시 대덕구 대화동,경상사고,0,0,3,0,차대차 - 기타,차로위반,젖음/습기,비,단일로 - 기타,승용,남,66세,기타불명,승용,남,62세,경상
2019020300100213,2019년 2월 3일 11시,일요일,대전광역시 서구 괴정동,경상사고,0,0,1,0,차대차 - 기타,신호위반,젖음/습기,비,기타 - 기타,승용,여,53세,상해없음,승용,남,41세,경상
2019020300100252,2019년 2월 3일 13시,일요일,대전광역시 대덕구 비래동,중상사고,0,1,0,0,차대사람 - 기타,기타,젖음/습기,비,기타 - 기타,승합,남,47세,상해없음,보행자,여,66세,중상
2019020300100302,2019년 2월 3일 15시,일요일,대전광역시 유성구 봉명동,경상사고,0,0,1,0,차대차 - 기타,신호위반,건조,맑음,교차로 - 교차로안,승합,남,48세,상해없음,승합,남,40세,경상
2019020300100329,2019년 2월 3일 16시,일요일,대전광역시 동구 자양동,경상사고,0,0,4,0,차대차 - 추돌,안전운전불이행,젖음/습기,비,교차로 - 교차로부근,승용,남,37세,상해없음,승용,남,60세,경상
2019020300100348,2019년 2월 3일 17시,일요일,대전광역시 서구 갈마동,경상사고,0,0,2,0,차대차 - 정면충돌,신호위반,건조,맑음,교차로 - 교차로안,승용,여,56세,상해없음,승용,남,57세,경상
2019020300100349,2019년 2월 3일 17시,일요일,대전광역시 서구 갈마동,경상사고,0,0,1,0,차대차 - 기타,안전운전불이행,건조,맑음,단일로 - 기타,승용,남,48세,상해없음,이륜,남,19세,경상
2019020300100392,2019년 2월 3일 18시,일요일,대전광역시 동구 가양동,경상사고,0,0,1,0,차대차 - 기타,안전거리미확보,젖음/습기,비,교차로 - 교차로부근,승용,여,57세,경상,승용,남,30세,상해없음
2019020300100393,2019년 2월 3일 18시,일요일,대전광역시 대덕구 비래동,경상사고,0,0,1,0,차대사람 - 기타,보행자보호의무위반,젖음/습기,비,교차로 - 교차로부근,승용,남,24세,상해없음,보행자,여,64세,경상
2019020300100446,2019년 2월 3일 20시,일요일,대전광역시 서구 용문동,경상사고,0,0,1,0,차대사람 - 기타,안전운전불이행,젖음/습기,비,단일로 - 기타,승용,남,71세,상해없음,보행자,남,63세,경상
2019020300100467,2019년 2월 3일 21시,일요일,대전광역시 유성구 봉명동,경상사고,0,0,1,0,차대사람 - 횡단중,보행자보호의무위반,젖음/습기,맑음,교차로 - 교차로횡단보도내,승용,여,56세,상해없음,보행자,여,52세,경상
2019020300100506,2019년 2월 3일 23시,일요일,대전광역시 서구 둔산동,경상사고,0,0,1,0,차대사람 - 기타,안전운전불이행,건조,맑음,기타 - 기타,기타불명,기타불명,미분류,기타불명,보행자,남,41세,경상
2019020400100048,2019년 2월 4일 01시,월요일,대전광역시 동구 성남동,경상사고,0,0,1,0,차대차 - 추돌,안전운전불이행,건조,맑음,교차로 - 교차로부근,이륜,남,29세,상해없음,이륜,남,45세,경상
2019020400100069,2019년 2월 4일 04시,월요일,대전광역시 중구 오류동,중상사고,0,1,2,0,차대차 - 측면충돌,신호위반,건조,맑음,교차로 - 교차로안,승용,남,22세,상해없음,승용,남,70세,중상
2019020400100075,2019년 2월 4일 05시,월요일,대전광역시 중구 은행동,경상사고,0,0,2,0,차대차 - 추돌,안전운전불이행,건조,맑음,교차로 - 교차로부근,승용,남,27세,상해없음,승용,남,48세,경상
2019020400100105,2019년 2월 4일 09시,월요일,대전광역시 유성구 반석동,경상사고,0,0,1,0,차대차 - 측면충돌,교차로운행방법위반,젖음/습기,비,교차로 - 교차로안,승용,남,60세,상해없음,승용,남,39세,경상
2019020400100139,2019년 2월 4일 11시,월요일,대전광역시 유성구 계산동,중상사고,0,1,0,0,차대차 - 측면충돌,안전운전불이행,건조,맑음,단일로 - 기타,승용,남,47세,상해없음,승용,남,44세,중상
2019020400100159,2019년 2월 4일 12시,월요일,대전광역시 대덕구 송촌동,경상사고,0,0,1,0,차대사람 - 기타,안전운전불이행,건조,맑음,기타 - 기타,승합,남,54세,상해없음,보행자,여,73세,경상
2019020400100184,2019년 2월 4일 13시,월요일,대전광역시 동구 인동,사망사고,1,0,0,0,차대사람 - 기타,안전운전불이행,건조,맑음,교차로 - 교차로부근,승용,남,48세,상해없음,보행자,남,69세,사망
2019020400100185,2019년 2월 4일 13시,월요일,대전광역시 동구 가양동,경상사고,0,0,1,0,차대차 - 정면충돌,안전운전불이행,건조,맑음,교차로 - 교차로안,승용,남,61세,상해없음,원동기,남,21세,경상
2019020400100209,2019년 2월 4일 14시,월요일,대전광역시 중구 대흥동,경상사고,0,0,1,0,차대차 - 기타,안전운전불이행,건조,맑음,단일로 - 기타,원동기,남,33세,경상,승용,남,57세,상해없음
2019020400100223,2019년 2월 4일 15시,월요일,대전광역시 동구 가양동,중상사고,0,1,0,0,차대사람 - 기타,안전운전불이행,건조,맑음,단일로 - 기타,승용,남,46세,상해없음,보행자,남,52세,중상
2019020400100245,2019년 2월 4일 16시,월요일,대전광역시 중구 석교동,중상사고,0,1,0,0,차량단독 - 기타,기타,건조,맑음,단일로 - 기타,승합,남,39세,상해없음,,,,
2019020400100246,2019년 2월 4일 16시,월요일,대전광역시 동구 가오동,사망사고,1,0,0,0,차대차 - 기타,안전운전불이행,건조,맑음,교차로 - 교차로부근,자전거,남,73세,사망,승합,남,57세,상해없음
2019020400100267,2019년 2월 4일 17시,월요일,대전광역시 서구 도마동,경상사고,0,0,1,0,차대차 - 기타,안전운전불이행,건조,맑음,교차로 - 교차로안,승용,여,47세,상해없음,이륜,남,72세,경상
2019020400100326,2019년 2월 4일 20시,월요일,대전광역시 서구 갈마동,중상사고,0,1,0,0,차대차 - 추돌,안전운전불이행,건조,맑음,단일로 - 기타,승용,여,28세,상해없음,이륜,남,39세,중상
2019020400100351,2019년 2월 4일 21시,월요일,대전광역시 서구 갈마동,경상사고,0,0,1,0,차대차 - 후진중충돌,안전운전불이행,건조,맑음,교차로 - 교차로안,승용,남,54세,상해없음,승용,남,19세,경상
2019020500100029,2019년 2월 5일 00시,화요일,대전광역시 대덕구 석봉동,경상사고,0,0,1,0,차대차 - 기타,안전운전불이행,건조,맑음,교차로 - 교차로안,승용,남,47세,상해없음,이륜,남,22세,경상
2019020500100069,2019년 2월 5일 07시,화요일,대전광역시 동구 용전동,경상사고,0,0,1,0,차대차 - 측면충돌,안전운전불이행,건조,맑음,교차로 - 교차로안,승용,남,29세,상해없음,승합,남,57세,상해없음
2019020500100097,2019년 2월 5일 10시,화요일,대전광역시 중구 산성동,중상사고,0,1,2,0,차대차 - 측면충돌,중앙선침범,건조,맑음,단일로 - 기타,승용,여,53세,상해없음,승용,남,61세,중상
2019020500100160,2019년 2월 5일 13시,화요일,대전광역시 서구 월평동,중상사고,0,1,0,0,차대차 - 기타,교차로운행방법위반,건조,맑음,교차로 - 교차로안,승합,남,48세,상해없음,이륜,남,34세,중상
2019020500100161,2019년 2월 5일 13시,화요일,대전광역시 유성구 반석동,경상사고,0,0,3,0,차대차 - 추돌,안전운전불이행,건조,맑음,단일로 - 기타,승용,여,58세,상해없음,승용,남,47세,경상
2019020500100299,2019년 2월 5일 19시,화요일,대전광역시 대덕구 오정동,중상사고,0,1,0,0,차대차 - 기타,안전운전불이행,건조,맑음,교차로 - 교차로안,승용,여,45세,상해없음,승용,남,58세,중상
2019020500100321,2019년 2월 5일 20시,화요일,대전광역시 동구 원동,경상사고,0,0,4,0,차대차 - 추돌,안전운전불이행,건조,맑음,교차로 - 교차로부근,승용,남,66세,상해없음,승용,여,41세,경상
2019020500100322,2019년 2월 5일 20시,화요일,대전광역시 서구 탄방동,경상사고,0,0,2,3,차대차 - 추돌,중앙선침범,건조,맑음,교차로 - 교차로부근,승용,남,38세,상해없음,승용,남,44세,경상
2019020500100335,2019년 2월 5일 21시,화요일,대전광역시 유성구 궁동,경상사고,0,0,3,0,차대차 - 추돌,안전운전불이행,건조,맑음,단일로 - 기타,승용,남,55세,상해없음,승용,남,38세,경상
2019020500100349,2019년 2월 5일 22시,화요일,대전광역시 유성구 복용동,경상사고,0,0,2,0,차대차 - 기타,안전운전불이행,건조,맑음,교차로 - 교차로안,승용,남,50세,상해없음,승용,여,30세,경상
2019020500100350,2019년 2월 5일 22시,화요일,대전광역시 유성구 궁동,경상사고,0,0,1,0,차대사람 - 차도통행중,안전운전불이행,건조,맑음,단일로 - 기타,승용,남,57세,상해없음,보행자,여,20세,경상
2019020600100024,2019년 2월 6일 00시,수요일,대전광역시 서구 둔산동,중상사고,0,1,0,0,차대차 - 정면충돌,중앙선침범,건조,맑음,단일로 - 기타,승용,남,73세,상해없음,승용,남,27세,중상
2019020600100046,2019년 2월 6일 02시,수요일,대전광역시 서구 둔산동,경상사고,0,0,1,0,차대사람 - 길가장자리구역통행중,안전운전불이행,건조,맑음,단일로 - 기타,승용,여,27세,기타불명,보행자,남,19세,경상
2019020600100047,2019년 2월 6일 02시,수요일,대전광역시 유성구 노은동,경상사고,0,0,2,0,차대차 - 기타,안전운전불이행,건조,맑음,단일로 - 기타,승용,남,23세,상해없음,승용,남,38세,경상
2019020600100076,2019년 2월 6일 07시,수요일,대전광역시 서구 둔산동,중상사고,0,1,0,0,차대차 - 측면충돌,신호위반,건조,맑음,교차로 - 교차로안,승용,남,33세,기타불명,승용,남,37세,중상
2019020600100077,2019년 2월 6일 07시,수요일,대전광역시 유성구 봉명동,경상사고,0,0,1,0,차대차 - 측면충돌,교차로운행방법위반,건조,맑음,교차로 - 교차로부근,승합,남,38세,상해없음,승용,남,27세,경상
2019020600100113,2019년 2월 6일 11시,수요일,대전광역시 유성구 도룡동,경상사고,0,0,1,0,차대차 - 측면충돌,교차로운행방법위반,건조,맑음,교차로 - 교차로안,화물,남,78세,상해없음,승용,남,43세,상해없음
2019020600100125,2019년 2월 6일 12시,수요일,대전광역시 서구 괴정동,경상사고,0,0,1,0,차대차 - 측면충돌,안전운전불이행,건조,맑음,단일로 - 기타,승용,여,35세,상해없음,이륜,남,30세,경상
2019020600100174,2019년 2월 6일 14시,수요일,대전광역시 서구 괴곡동,경상사고,0,0,2,0,차대차 - 기타,신호위반,건조,맑음,교차로 - 교차로안,승용,남,33세,상해없음,승용,남,32세,경상
2019020600100195,2019년 2월 6일 15시,수요일,대전광역시 유성구 원내동,경상사고,0,0,1,0,차대차 - 측면충돌,중앙선침범,건조,맑음,단일로 - 기타,승용,남,60세,상해없음,이륜,남,32세,경상
2019020600100226,2019년 2월 6일 16시,수요일,대전광역시 유성구 반석동,경상사고,0,0,2,0,차대차 - 측면충돌,안전운전불이행,건조,맑음,교차로 - 교차로부근,승용,남,64세,기타불명,승용,남,45세,경상
2019020600100267,2019년 2월 6일 18시,수요일,대전광역시 중구 대흥동,경상사고,0,0,1,0,차대차 - 측면충돌,안전운전불이행,건조,맑음,단일로 - 기타,화물,남,50세,상해없음,승용,남,23세,경상
2019020600100268,2019년 2월 6일 18시,수요일,대전광역시 동구 용운동,경상사고,0,0,1,0,차대차 - 정면충돌,교차로운행방법위반,건조,맑음,교차로 - 교차로안,승용,남,56세,상해없음,이륜,남,25세,경상
2019020600100269,2019년 2월 6일 18시,수요일,대전광역시 서구 내동,중상사고,0,1,0,0,차대차 - 정면충돌,불법유턴,건조,맑음,교차로 - 교차로부근,자전거,남,65세,중상,승용,남,74세,상해없음
2019020600100296,2019년 2월 6일 19시,수요일,대전광역시 서구 괴정동,중상사고,0,1,0,0,차대차 - 측면충돌,안전운전불이행,건조,맑음,교차로 - 교차로부근,승용,남,63세,상해없음,자전거,남,43세,중상
2019020600100311,2019년 2월 6일 20시,수요일,대전광역시 중구 유천동,중상사고,0,1,2,0,차대차 - 측면충돌,교차로운행방법위반,건조,맑음,교차로 - 교차로안,승용,남,48세,상해없음,원동기,남,37세,중상
2019020600100335,2019년 2월 6일 21시,수요일,대전광역시 서구 용문동,경상사고,0,0,2,0,차대차 - 측면충돌,기타,건조,맑음,교차로 - 교차로부근,기타불명,기타불명,미분류,기타불명,승용,여,53세,경상
2019020600100350,2019년 2월 6일 22시,수요일,대전광역시 유성구 궁동,경상사고,0,0,1,0,차대사람 - 기타,안전운전불이행,건조,맑음,기타 - 기타,승용,남,54세,상해없음,보행자,여,22세,경상
2019020700100061,2019년 2월 7일 03시,목요일,대전광역시 서구 갈마동,경상사고,0,0,1,0,차대사람 - 차도통행중,안전운전불이행,건조,맑음,기타 - 기타,기타불명,기타불명,미분류,기타불명,보행자,여,22세,경상
2019020700100062,2019년 2월 7일 03시,목요일,대전광역시 유성구 장대동,중상사고,0,1,0,0,차대사람 - 길가장자리구역통행중,안전운전불이행,건조,맑음,단일로 - 기타,승용,남,48세,상해없음,보행자,여,77세,중상
2019020700100075,2019년 2월 7일 05시,목요일,대전광역시 동구 원동,경상사고,0,0,4,0,차대차 - 측면충돌,신호위반,건조,맑음,교차로 - 교차로안,승용,남,57세,상해없음,승용,남,54세,경상
2019020700100108,2019년 2월 7일 07시,목요일,대전광역시 서구 가장동,경상사고,0,0,1,0,차대차 - 측면충돌,안전운전불이행,건조,맑음,교차로 - 교차로안,승용,남,42세,상해없음,승용,여,61세,경상
2019020700100161,2019년 2월 7일 09시,목요일,대전광역시 유성구 덕명동,중상사고,0,2,2,0,차대차 - 측면충돌,중앙선침범,건조,맑음,교차로 - 교차로부근,승용,여,70세,상해없음,승용,남,64세,중상
2019020700100214,2019년 2월 7일 11시,목요일,대전광역시 대덕구 석봉동,경상사고,0,0,1,0,차대차 - 기타,안전거리미확보,건조,맑음,교차로 - 교차로안,승합,남,51세,상해없음,승용,여,34세,경상
2019020700100258,2019년 2월 7일 13시,목요일,대전광역시 대덕구 상서동,경상사고,0,0,2,0,차대차 - 기타,안전운전불이행,건조,기타,교차로 - 교차로부근,승용,남,56세,상해없음,승용,남,61세,경상
2019020700100259,2019년 2월 7일 13시,목요일,대전광역시 서구 월평동,경상사고,0,0,1,0,차대차 - 기타,안전거리미확보,건조,맑음,단일로 - 기타,승용,남,46세,기타불명,이륜,남,30세,경상
2019020700100291,2019년 2월 7일 14시,목요일,대전광역시 동구 신흥동,경상사고,0,0,1,0,차대차 - 측면충돌,신호위반,건조,맑음,교차로 - 교차로안,승용,남,81세,상해없음,승용,남,70세,경상
2019020700100326,2019년 2월 7일 15시,목요일,대전광역시 유성구 봉명동,경상사고,0,0,1,0,차대사람 - 기타,안전운전불이행,건조,맑음,단일로 - 기타,승용,여,44세,상해없음,보행자,남,56세,경상
2019020700100359,2019년 2월 7일 16시,목요일,대전광역시 중구 오류동,경상사고,0,0,1,0,차대차 - 추돌,안전운전불이행,건조,맑음,기타 - 기타,승용,남,66세,상해없음,승용,여,23세,경상
2019020700100360,2019년 2월 7일 16시,목요일,대전광역시 서구 탄방동,중상사고,0,1,0,0,차대사람 - 기타,안전운전불이행,건조,맑음,교차로 - 교차로안,승용,남,32세,기타불명,보행자,여,67세,중상
2019020700100396,2019년 2월 7일 17시,목요일,대전광역시 중구 문화동,경상사고,0,0,1,0,차대사람 - 횡단중,보행자보호의무위반,건조,맑음,교차로 - 교차로안,승용,남,68세,상해없음,보행자,여,21세,경상
2019020700100439,2019년 2월 7일 18시,목요일,대전광역시 중구 오류동,경상사고,0,0,2,1,차대차 - 기타,안전운전불이행,건조,맑음,단일로 - 기타,승용,여,53세,상해없음,화물,남,35세,경상
2019020700100440,2019년 2월 7일 18시,목요일,대전광역시 중구 유천동,경상사고,0,0,1,0,차대차 - 측면충돌,교차로운행방법위반,건조,맑음,교차로 - 교차로안,화물,남,45세,상해없음,이륜,남,49세,경상
2019020700100441,2019년 2월 7일 18시,목요일,대전광역시 서구 탄방동,부상신고사고,0,0,0,1,차대사람 - 기타,안전운전불이행,건조,맑음,단일로 - 기타,이륜,남,16세,상해없음,보행자,여,6세,부상신고
2019020700100468,2019년 2월 7일 19시,목요일,대전광역시 대덕구 비래동,경상사고,0,0,1,0,차대사람 - 횡단중,보행자보호의무위반,건조,맑음,교차로 - 교차로횡단보도내,승용,남,57세,기타불명,보행자,남,21세,경상
2019020700100490,2019년 2월 7일 20시,목요일,대전광역시 서구 갈마동,경상사고,0,0,1,0,차대차 - 기타,안전운전불이행,건조,맑음,단일로 - 기타,승용,남,50세,상해없음,승용,남,26세,경상
2019020700100526,2019년 2월 7일 22시,목요일,대전광역시 서구 도마동,경상사고,0,0,1,0,차대차 - 측면충돌,교차로운행방법위반,건조,맑음,교차로 - 교차로안,이륜,남,23세,상해없음,승용,남,67세,상해없음
2019020700100537,2019년 2월 7일 23시,목요일,대전광역시 서구 괴정동,경상사고,0,0,2,0,차대차 - 측면충돌,안전운전불이행,건조,맑음,교차로 - 교차로횡단보도내,승용,남,27세,상해없음,승용,남,43세,경상
2019020700100538,2019년 2월 7일 23시,목요일,대전광역시 서구 탄방동,경상사고,0,0,1,0,차량단독 - 공작물충돌,안전운전불이행,건조,맑음,단일로 - 기타,승용,여,66세,상해없음,,,,
2019020700100539,2019년 2월 7일 23시,목요일,대전광역시 서구 탄방동,경상사고,0,0,1,0,차대차 - 추돌,안전운전불이행,건조,맑음,단일로 - 기타,원동기,남,27세,상해없음,승용,여,30세,경상