사고번호,사고일시,요일,시군구,사고내용,사망자수,중상자수,경상자수,부상신고자수,사고유형,법규위반,노면상태,기상상태,도로형태,가해운전자 차종,가해운전자 성별,가해운전자 연령,가해운전자 상해정도,피해운전자 차종,피해운전자 성별,피해운전자 연령,피해운전자 상해정도
2019020700100540,2019년 2월 7일 23시,목요일,대전광역시 유성구 봉명동,경상사고,0,0,2,0,차대차 - 측면충돌,신호위반,건조,맑음,교차로 - 교차로안,승용,여,49세,상해없음,승용,남,54세,경상
2019020800100025,2019년 2월 8일 00시,금요일,대전광역시 유성구 장대동,중상사고,0,1,0,0,차대사람 - 기타,안전운전불이행,건조,맑음,교차로 - 교차로안,승용,남,54세,상해없음,보행자,남,48세,중상
2019020800100033,2019년 2월 8일 01시,금요일,대전광역시 대덕구 중리동,경상사고,0,0,2,0,차대차 - 기타,안전운전불이행,건조,맑음,교차로 - 교차로부근,승용,남,28세,상해없음,승용,남,62세,경상
2019020800100054,2019년 2월 8일 05시,금요일,대전광역시 유성구 탑립동,경상사고,0,0,2,0,차대차 - 측면충돌,교차로운행방법위반,건조,맑음,교차로 - 교차로안,승용,남,67세,경상,승용,여,36세,경상
2019020800100110,2019년 2월 8일 08시,금요일,대전광역시 서구 가수원동,경상사고,0,0,1,0,차대차 - 후진중충돌,안전운전불이행,건조,맑음,주차장 - 주차장,승용,남,50세,상해없음,승용,남,35세,경상
2019020800100132,2019년 2월 8일 09시,금요일,대전광역시 중구 용두동,경상사고,0,0,1,0,차대차 - 추돌,안전거리미확보,건조,맑음,교차로 - 교차로부근,승용,여,44세,상해없음,승용,여,54세,경상
2019020800100133,2019년 2월 8일 09시,금요일,대전광역시 중구 용두동,경상사고,0,0,1,0,차대차 - 기타,안전거리미확보,건조,맑음,단일로 - 교량,승용,남,71세,상해없음,승용,여,58세,경상
2019020800100177,2019년 2월 8일 11시,금요일,대전광역시 동구 중동,중상사고,0,1,1,0,차대차 - 추돌,안전거리미확보,건조,맑음,단일로 - 기타,기타불명,기타불명,미분류,기타불명,승용,남,54세,경상
2019020800100204,2019년 2월 8일 12시,금요일,대전광역시 대덕구 오정동,경상사고,0,0,1,0,차대차 - 기타,안전운전불이행,건조,맑음,교차로 - 교차로안,화물,남,30세,상해없음,승용,남,62세,경상
2019020800100205,2019년 2월 8일 12시,금요일,대전광역시 서구 월평동,경상사고,0,0,1,0,차대사람 - 기타,안전운전불이행,건조,맑음,교차로 - 교차로안,화물,남,42세,상해없음,보행자,남,21세,경상
2019020800100242,2019년 2월 8일 13시,금요일,대전광역시 중구 은행동,중상사고,0,1,3,0,차대차 - 측면충돌,신호위반,건조,맑음,교차로 - 교차로안,화물,남,48세,상해없음,승용,여,56세,경상
2019020800100243,2019년 2월 8일 13시,금요일,대전광역시 대덕구 법동,중상사고,0,1,1,0,차대차 - 기타,안전운전불이행,건조,맑음,교차로 - 교차로안,승합,남,38세,상해없음,승용,남,61세,경상
2019020800100244,2019년 2월 8일 13시,금요일,대전광역시 유성구 원촌동,경상사고,0,0,1,0,차대차 - 기타,안전운전불이행,건조,맑음,단일로 - 기타,승용,남,41세,상해없음,승용,남,45세,경상
2019020800100271,2019년 2월 8일 14시,금요일,대전광역시 동구 가양동,경상사고,0,0,1,0,차대차 - 후진중충돌,안전거리미확보,건조,맑음,단일로 - 기타,승합,남,45세,상해없음,이륜,남,16세,경상
2019020800100272,2019년 2월 8일 14시,금요일,대전광역시 서구 내동,경상사고,0,0,1,0,차대차 - 측면충돌,교차로운행방법위반,건조,맑음,교차로 - 교차로부근,승용,여,43세,상해없음,승용,여,63세,경상
2019020800100273,2019년 2월 8일 14시,금요일,대전광역시 유성구 노은동,경상사고,0,0,1,0,차대차 - 기타,안전운전불이행,건조,맑음,교차로 - 교차로안,승용,여,54세,상해없음,승용,여,39세,경상
2019020800100298,2019년 2월 8일 15시,금요일,대전광역시 중구 선화동,중상사고,0,1,0,0,차대차 - 측면충돌,중앙선침범,건조,맑음,교차로 - 교차로부근,승용,여,33세,상해없음,승용,남,46세,중상
2019020800100299,2019년 2월 8일 15시,금요일,대전광역시 중구 유천동,경상사고,0,0,1,0,차대사람 - 길가장자리구역통행중,안전운전불이행,건조,맑음,교차로 - 교차로부근,승용,남,57세,상해없음,보행자,여,76세,경상
2019020800100300,2019년 2월 8일 15시,금요일,대전광역시 서구 갈마동,경상사고,0,0,4,0,차대차 - 측면충돌,안전거리미확보,건조,맑음,단일로 - 기타,승합,남,49세,상해없음,승용,남,35세,경상
2019020800100332,2019년 2월 8일 16시,금요일,대전광역시 서구 갈마동,경상사고,0,0,1,0,차대차 - 기타,안전운전불이행,건조,맑음,단일로 - 기타,승용,남,37세,상해없음,이륜,남,21세,경상
2019020800100355,2019년 2월 8일 17시,금요일,대전광역시 유성구 봉명동,경상사고,0,0,1,0,차대차 - 추돌,안전거리미확보,건조,맑음,교차로 - 교차로부근,승용,여,48세,상해없음,승용,여,42세,경상
2019020800100400,2019년 2월 8일 18시,금요일,대전광역시 유성구 구암동,경상사고,0,0,1,0,차대사람 - 횡단중,보행자보호의무위반,건조,맑음,교차로 - 교차로횡단보도내,승용,여,32세,상해없음,보행자,여,54세,경상
2019020800100423,2019년 2월 8일 19시,금요일,대전광역시 대덕구 문평동,중상사고,0,1,0,0,차대사람 - 횡단중,신호위반,건조,맑음,교차로 - 교차로횡단보도내,승용,남,50세,상해없음,보행자,여,70세,중상
2019020800100424,2019년 2월 8일 19시,금요일,대전광역시 서구 갈마동,경상사고,0,0,2,0,차대차 - 기타,안전거리미확보,건조,맑음,교차로 - 교차로부근,승용,남,58세,상해없음,승용,남,36세,경상
2019020800100453,2019년 2월 8일 20시,금요일,대전광역시 서구 괴정동,경상사고,0,0,3,0,차대차 - 측면충돌,안전운전불이행,건조,맑음,단일로 - 기타,승용,남,50세,경상,승용,남,29세,경상
2019020800100454,2019년 2월 8일 20시,금요일,대전광역시 유성구 신성동,경상사고,0,0,1,0,차대사람 - 횡단중,보행자보호의무위반,건조,맑음,단일로 - 기타,승용,여,58세,상해없음,보행자,남,60세,경상
2019020800100478,2019년 2월 8일 21시,금요일,대전광역시 서구 월평동,경상사고,0,0,1,0,차대차 - 기타,안전거리미확보,건조,맑음,단일로 - 기타,승용,남,60세,상해없음,승용,남,54세,상해없음
2019020800100498,2019년 2월 8일 22시,금요일,대전광역시 동구 천동,중상사고,0,1,0,0,차대사람 - 횡단중,안전운전불이행,건조,맑음,단일로 - 기타,승합,여,31세,상해없음,보행자,남,24세,중상
2019020900100029,2019년 2월 9일 00시,토요일,대전광역시 서구 탄방동,경상사고,0,0,2,0,차대차 - 기타,신호위반,건조,맑음,교차로 - 교차로안,승용,남,35세,경상,승용,남,33세,경상
2019020900100044,2019년 2월 9일 01시,토요일,대전광역시 중구 유천동,중상사고,0,1,0,0,차대차 - 측면충돌,신호위반,건조,맑음,단일로 - 기타,화물,남,53세,상해없음,승용,남,31세,중상
2019020900100045,2019년 2월 9일 01시,토요일,대전광역시 동구 삼성동,경상사고,0,0,1,0,차대차 - 추돌,안전운전불이행,건조,맑음,단일로 - 기타,승용,남,38세,상해없음,승용,남,62세,경상
2019020900100054,2019년 2월 9일 02시,토요일,대전광역시 서구 가수원동,경상사고,0,0,1,0,차대차 - 추돌,안전운전불이행,건조,맑음,교차로 - 교차로부근,승용,여,51세,상해없음,승용,남,35세,경상
2019020900100080,2019년 2월 9일 05시,토요일,대전광역시 유성구 궁동,경상사고,0,0,1,0,차대차 - 추돌,안전운전불이행,건조,맑음,교차로 - 교차로안,승용,여,25세,상해없음,승용,남,53세,경상
2019020900100092,2019년 2월 9일 06시,토요일,대전광역시 중구 문창동,경상사고,0,0,2,0,차대차 - 측면충돌,직진우회전진행방해,건조,맑음,교차로 - 교차로안,승용,여,65세,경상,승용,남,68세,경상
2019020900100093,2019년 2월 9일 06시,토요일,대전광역시 동구 원동,경상사고,0,0,2,0,차대차 - 추돌,안전운전불이행,건조,맑음,단일로 - 기타,승용,남,21세,상해없음,승합,남,57세,경상
2019020900100116,2019년 2월 9일 08시,토요일,대전광역시 유성구 장대동,경상사고,0,0,1,0,차대차 - 측면충돌,안전거리미확보,건조,맑음,단일로 - 기타,화물,남,61세,상해없음,승용,남,59세,경상
2019020900100138,2019년 2월 9일 09시,토요일,대전광역시 중구 문화동,경상사고,0,0,2,0,차대차 - 기타,안전운전불이행,건조,맑음,단일로 - 기타,화물,남,44세,상해없음,승용,여,22세,경상
2019020900100150,2019년 2월 9일 10시,토요일,대전광역시 서구 가장동,경상사고,0,0,1,0,차대차 - 추돌,안전운전불이행,건조,맑음,단일로 - 기타,화물,남,50세,상해없음,승용,여,52세,경상
2019020900100179,2019년 2월 9일 11시,토요일,대전광역시 중구 선화동,경상사고,0,0,1,0,차대사람 - 길가장자리구역통행중,안전운전불이행,건조,맑음,단일로 - 기타,승용,남,45세,상해없음,보행자,여,77세,경상
2019020900100180,2019년 2월 9일 11시,토요일,대전광역시 동구 성남동,경상사고,0,0,1,0,차대차 - 기타,안전운전불이행,건조,맑음,교차로 - 교차로안,이륜,남,27세,경상,화물,남,44세,상해없음
2019020900100236,2019년 2월 9일 13시,토요일,대전광역시 서구 월평동,경상사고,0,0,1,0,차대차 - 측면충돌,안전운전불이행,건조,맑음,단일로 - 기타,승용,남,30세,상해없음,이륜,남,22세,경상
2019020900100265,2019년 2월 9일 14시,토요일,대전광역시 서구 도마동,경상사고,0,0,1,0,차대차 - 측면충돌,안전운전불이행,건조,맑음,교차로 - 교차로안,승용,남,43세,상해없음,이륜,남,49세,경상
2019020900100266,2019년 2월 9일 14시,토요일,대전광역시 유성구 외삼동,경상사고,0,0,3,0,차대차 - 기타,안전운전불이행,건조,맑음,단일로 - 기타,승용,여,43세,경상,승용,남,42세,경상
2019020900100291,2019년 2월 9일 15시,토요일,대전광역시 서구 갈마동,경상사고,0,0,1,0,차대차 - 기타,안전운전불이행,건조,맑음,교차로 - 교차로부근,승용,여,51세,상해없음,승용,남,33세,기타불명
2019020900100329,2019년 2월 9일 17시,토요일,대전광역시 중구 산성동,경상사고,0,0,1,0,차대차 - 후진중충돌,불법유턴,건조,맑음,교차로 - 교차로안,화물,남,71세,상해없음,승용,남,49세,경상
2019020900100355,2019년 2월 9일 18시,토요일,대전광역시 서구 갈마동,경상사고,0,0,1,0,차대차 - 기타,안전운전불이행,건조,맑음,교차로 - 교차로안,이륜,남,32세,상해없음,이륜,남,61세,경상
2019020900100402,2019년 2월 9일 20시,토요일,대전광역시 서구 월평동,경상사고,0,0,1,0,차대차 - 기타,안전운전불이행,건조,맑음,교차로 - 교차로횡단보도내,승용,남,28세,상해없음,자전거,남,19세,경상
2019020900100423,2019년 2월 9일 21시,토요일,대전광역시 동구 가오동,경상사고,0,0,1,0,차대차 - 추돌,안전운전불이행,건조,맑음,단일로 - 기타,승용,남,33세,상해없음,이륜,남,41세,경상
2019021000100056,2019년 2월 10일 02시,일요일,대전광역시 중구 대흥동,경상사고,0,0,1,0,차대사람 - 기타,안전운전불이행,건조,맑음,단일로 - 기타,승용,남,23세,상해없음,보행자,남,21세,경상
2019021000100109,2019년 2월 10일 09시,일요일,대전광역시 서구 갈마동,경상사고,0,0,3,0,차대차 - 정면충돌,안전운전불이행,건조,맑음,교차로 - 교차로안,이륜,남,36세,상해없음,승용,남,50세,경상
2019021000100110,2019년 2월 10일 09시,일요일,대전광역시 서구 둔산동,경상사고,0,0,1,0,차대차 - 기타,안전거리미확보,건조,맑음,단일로 - 기타,승용,남,67세,상해없음,승용,남,50세,경상
2019021000100127,2019년 2월 10일 10시,일요일,대전광역시 서구 둔산동,경상사고,0,0,1,0,차대차 - 측면충돌,교차로운행방법위반,건조,맑음,교차로 - 교차로안,승용,여,39세,상해없음,승용,남,46세,경상
2019021000100137,2019년 2월 10일 11시,일요일,대전광역시 서구 용문동,중상사고,0,1,1,0,차대차 - 정면충돌,신호위반,건조,맑음,교차로 - 교차로안,승용,여,26세,기타불명,승용,남,47세,경상
2019021000100149,2019년 2월 10일 12시,일요일,대전광역시 중구 대사동,경상사고,0,0,1,0,차대차 - 추돌,안전운전불이행,건조,맑음,교차로 - 교차로안,승용,남,30세,상해없음,승용,여,32세,경상
2019021000100166,2019년 2월 10일 13시,일요일,대전광역시 동구 대동,경상사고,0,0,1,0,차대차 - 측면충돌,안전운전불이행,건조,맑음,교차로 - 교차로안,승용,남,33세,상해없음,이륜,남,47세,경상
2019021000100167,2019년 2월 10일 13시,일요일,대전광역시 서구 둔산동,중상사고,0,1,0,0,차량단독 - 기타,안전운전불이행,건조,맑음,교차로 - 교차로부근,승합,남,48세,상해없음,,,,
2019021000100186,2019년 2월 10일 14시,일요일,대전광역시 중구 대흥동,사망사고,1,2,0,0,차대사람 - 보도통행중,중앙선침범,건조,맑음,단일로 - 기타,승용,남,17세,상해없음,보행자,여,28세,사망
2019021000100205,2019년 2월 10일 15시,일요일,대전광역시 서구 탄방동,경상사고,0,0,2,0,차대차 - 기타,교차로운행방법위반,건조,맑음,교차로 - 교차로안,승용,남,61세,상해없음,승용,여,71세,경상
2019021000100227,2019년 2월 10일 16시,일요일,대전광역시 중구 대사동,경상사고,0,0,1,0,차대차 - 측면충돌,신호위반,건조,맑음,교차로 - 교차로부근,승합,남,50세,상해없음,자전거,남,32세,경상
2019021000100246,2019년 2월 10일 17시,일요일,대전광역시 중구 문화동,경상사고,0,0,2,0,차대차 - 측면충돌,신호위반,건조,맑음,교차로 - 교차로안,승용,남,56세,상해없음,승용,남,55세,경상
2019021000100247,2019년 2월 10일 17시,일요일,대전광역시 유성구 구암동,중상사고,0,1,0,0,차대차 - 기타,안전운전불이행,건조,맑음,단일로 - 기타,승용,남,32세,상해없음,이륜,남,41세,중상
2019021000100302,2019년 2월 10일 19시,일요일,대전광역시 서구 가수원동,경상사고,0,0,3,0,차대차 - 측면충돌,안전운전불이행,건조,맑음,교차로 - 교차로안,승용,여,22세,상해없음,승용,남,32세,경상
2019021000100317,2019년 2월 10일 20시,일요일,대전광역시 중구 대흥동,부상신고사고,0,0,0,1,차대차 - 기타,안전운전불이행,건조,맑음,교차로 - 교차로안,원동기,남,34세,부상신고,승용,남,22세,상해없음
2019021100100057,2019년 2월 11일 05시,월요일,대전광역시 유성구 봉명동,사망사고,1,0,2,0,차대사람 - 횡단중,보행자보호의무위반,건조,맑음,교차로 - 교차로횡단보도내,승용,남,24세,상해없음,보행자,여,68세,사망
2019021100100116,2019년 2월 11일 08시,월요일,대전광역시 서구 둔산동,경상사고,0,0,1,0,차대차 - 기타,안전운전불이행,건조,맑음,교차로 - 교차로부근,기타불명,기타불명,미분류,기타불명,기타불명,기타불명,미분류,기타불명
2019021100100117,2019년 2월 11일 08시,월요일,대전광역시 유성구 장대동,경상사고,0,0,1,0,차대차 - 추돌,안전운전불이행,건조,맑음,교차로 - 교차로횡단보도내,승용,남,45세,상해없음,승용,여,48세,경상
2019021100100152,2019년 2월 11일 09시,월요일,대전광역시 서구 갈마동,경상사고,0,0,1,0,차대차 - 측면충돌,안전거리미확보,건조,맑음,단일로 - 기타,승용,남,23세,상해없음,승용,여,35세,경상
2019021100100153,2019년 2월 11일 09시,월요일,대전광역시 서구 월평동,경상사고,0,0,1,0,차대차 - 측면충돌,직진우회전진행방해,건조,맑음,교차로 - 교차로안,승용,남,31세,상해없음,이륜,남,38세,경상
2019021100100174,2019년 2월 11일 10시,월요일,대전광역시 중구 은행동,경상사고,0,0,2,0,차대차 - 측면충돌,신호위반,건조,맑음,교차로 - 교차로안,승용,남,62세,상해없음,승용,남,64세,경상
2019021100100208,2019년 2월 11일 11시,월요일,대전광역시 대덕구 오정동,경상사고,0,0,1,0,차대차 - 기타,안전운전불이행,건조,맑음,교차로 - 교차로안,승용,남,79세,상해없음,이륜,남,46세,경상
2019021100100209,2019년 2월 11일 11시,월요일,대전광역시 서구 월평동,부상신고사고,0,0,0,1,차대차 - 측면충돌,신호위반,건조,맑음,교차로 - 교차로안,이륜,남,19세,부상신고,화물,남,36세,상해없음
2019021100100233,2019년 2월 11일 12시,월요일,대전광역시 대덕구 신일동,경상사고,0,0,1,0,차대차 - 기타,안전운전불이행,건조,맑음,교차로 - 교차로부근,화물,남,84세,상해없음,승용,여,46세,경상
2019021100100234,2019년 2월 11일 12시,월요일,대전광역시 유성구 장동,경상사고,0,0,1,0,차대차 - 기타,교차로운행방법위반,건조,맑음,교차로 - 교차로안,승용,여,53세,상해없음,승용,여,56세,경상
2019021100100259,2019년 2월 11일 13시,월요일,대전광역시 중구 태평동,중상사고,0,1,0,0,차대차 - 측면충돌,교차로운행방법위반,건조,맑음,교차로 - 교차로횡단보도내,승용,여,62세,상해없음,자전거,남,68세,중상
2019021100100260,2019년 2월 11일 13시,월요일,대전광역시 유성구 송강동,중상사고,0,1,0,0,차대차 - 측면충돌,안전거리미확보,건조,맑음,단일로 - 기타,승용,남,39세,상해없음,승용,여,54세,중상
2019021100100288,2019년 2월 11일 14시,월요일,대전광역시 중구 용두동,경상사고,0,0,3,0,차대차 - 측면충돌,신호위반,건조,맑음,교차로 - 교차로안,승용,여,69세,상해없음,승용,여,73세,경상
2019021100100318,2019년 2월 11일 15시,월요일,대전광역시 서구 변동,중상사고,0,1,0,0,차대차 - 측면충돌,안전운전불이행,건조,맑음,단일로 - 기타,승용,여,39세,상해없음,이륜,남,63세,중상
2019021100100353,2019년 2월 11일 16시,월요일,대전광역시 동구 가양동,경상사고,0,0,1,0,차대사람 - 기타,안전운전불이행,건조,맑음,단일로 - 기타,승용,여,51세,상해없음,보행자,여,11세,경상
2019021100100417,2019년 2월 11일 18시,월요일,대전광역시 중구 문화동,경상사고,0,0,1,0,차대차 - 추돌,안전운전불이행,건조,맑음,교차로 - 교차로부근,승용,남,61세,상해없음,승용,남,44세,경상
2019021100100418,2019년 2월 11일 18시,월요일,대전광역시 대덕구 법동,경상사고,0,0,1,0,차대사람 - 기타,보행자보호의무위반,건조,맑음,교차로 - 교차로횡단보도내,승용,남,53세,상해없음,보행자,여,49세,경상
2019021100100459,2019년 2월 11일 19시,월요일,대전광역시 대덕구 오정동,중상사고,0,1,1,0,차대차 - 기타,안전거리미확보,건조,맑음,단일로 - 기타,이륜,남,34세,중상,승용,남,26세,경상
2019021100100460,2019년 2월 11일 19시,월요일,대전광역시 서구 갈마동,경상사고,0,0,1,0,차대차 - 추돌,안전운전불이행,건조,맑음,교차로 - 교차로부근,기타불명,기타불명,미분류,기타불명,승용,남,24세,경상
2019021100100461,2019년 2월 11일 19시,월요일,대전광역시 유성구 원내동,경상사고,0,0,3,0,차대차 - 기타,중앙선침범,건조,맑음,단일로 - 기타,화물,남,37세,상해없음,승용,여,39세,경상
2019021100100519,2019년 2월 11일 21시,월요일,대전광역시 유성구 장대동,중상사고,0,1,0,0,차대차 - 측면충돌,중앙선침범,건조,맑음,단일로 - 기타,자전거,여,51세,상해없음,이륜,남,35세,중상
2019021100100536,2019년 2월 11일 22시,월요일,대전광역시 중구 유천동,경상사고,0,0,1,0,차대차 - 측면충돌,안전운전불이행,건조,맑음,단일로 - 기타,승용,남,53세,상해없음,이륜,남,24세,경상
2019021100100537,2019년 2월 11일 22시,월요일,대전광역시 동구 용전동,중상사고,0,2,0,0,차대사람 - 횡단중,안전운전불이행,건조,맑음,단일로 - 기타,승용,남,29세,상해없음,보행자,여,18세,중상
2019021100100552,2019년 2월 11일 23시,월요일,대전광역시 대덕구 오정동,경상사고,0,0,2,0,차대차 - 기타,안전운전불이행,건조,맑음,단일로 - 기타,승용,남,59세,상해없음,승용,남,57세,경상
2019021200100028,2019년 2월 12일 00시,화요일,대전광역시 중구 중촌동,중상사고,0,1,0,0,차대사람 - 기타,안전운전불이행,건조,맑음,단일로 - 기타,승용,여,32세,상해없음,보행자,남,61세,중상
2019021200100029,2019년 2월 12일 00시,화요일,대전광역시 서구 복수동,중상사고,0,1,2,0,차대차 - 측면충돌,신호위반,건조,맑음,교차로 - 교차로부근,승용,여,54세,상해없음,승용,남,58세,중상
2019021200100072,2019년 2월 12일 06시,화요일,대전광역시 동구 삼성동,경상사고,0,0,1,0,차대차 - 측면충돌,신호위반,건조,맑음,교차로 - 교차로안,승용,남,74세,상해없음,승용,여,36세,경상
2019021200100073,2019년 2월 12일 06시,화요일,대전광역시 대덕구 오정동,경상사고,0,0,1,0,차대차 - 기타,안전운전불이행,건조,맑음,단일로 - 기타,승용,남,41세,경상,승용,남,61세,상해없음
2019021200100088,2019년 2월 12일 07시,화요일,대전광역시 중구 대흥동,경상사고,0,0,1,0,차대차 - 측면충돌,안전거리미확보,건조,맑음,교차로 - 교차로안,승용,남,59세,상해없음,이륜,남,57세,경상
2019021200100119,2019년 2월 12일 08시,화요일,대전광역시 중구 문화동,경상사고,0,0,1,0,차대차 - 측면충돌,신호위반,건조,맑음,교차로 - 교차로안,화물,남,32세,상해없음,승용,남,30세,경상
2019021200100164,2019년 2월 12일 09시,화요일,대전광역시 동구 홍도동,경상사고,0,0,1,0,차대차 - 후진중충돌,안전운전불이행,건조,맑음,주차장 - 주차장,화물,남,40세,상해없음,화물,남,34세,상해없음
2019021200100165,2019년 2월 12일 09시,화요일,대전광역시 유성구 복용동,경상사고,0,0,1,0,차대사람 - 기타,안전운전불이행,건조,맑음,단일로 - 기타,화물,남,37세,상해없음,보행자,여,57세,경상
2019021200100196,2019년 2월 12일 10시,화요일,대전광역시 대덕구 석봉동,경상사고,0,0,1,0,차대사람 - 기타,안전운전불이행,건조,맑음,단일로 - 기타,승용,여,33세,상해없음,보행자,여,51세,경상
2019021200100251,2019년 2월 12일 12시,화요일,대전광역시 유성구 지족동,경상사고,0,0,1,0,차대사람 - 기타,안전운전불이행,건조,맑음,단일로 - 기타,이륜,남,26세,상해없음,보행자,남,15세,경상
2019021200100278,2019년 2월 12일 13시,화요일,대전광역시 유성구 장동,중상사고,0,1,0,0,차대차 - 기타,안전거리미확보,건조,맑음,단일로 - 기타,승용,여,58세,상해없음,승용,남,44세,중상
2019021200100301,2019년 2월 12일 14시,화요일,대전광역시 동구 가양동,경상사고,0,0,1,0,차대차 - 기타,신호위반,건조,맑음,교차로 - 교차로안,기타불명,기타불명,미분류,기타불명,이륜,남,27세,경상
2019021200100355,2019년 2월 12일 16시,화요일,대전광역시 동구 가양동,경상사고,0,0,1,0,차대차 - 측면충돌,안전운전불이행,건조,맑음,교차로 - 교차로안,승용,여,50세,상해없음,승용,여,45세,경상
2019021200100356,2019년 2월 12일 16시,화요일,대전광역시 유성구 원신흥동,경상사고,0,0,1,0,차대차 - 기타,안전거리미확보,건조,맑음,단일로 - 기타,승용,남,65세,상해없음,승용,남,39세,경상
2019021200100462,2019년 2월 12일 19시,화요일,대전광역시 서구 갈마동,경상사고,0,0,4,0,차대차 - 측면충돌,안전거리미확보,건조,맑음,교차로 - 교차로안,승용,남,26세,상해없음,승용,남,25세,경상
2019021200100480,2019년 2월 12일 20시,화요일,대전광역시 서구 갈마동,경상사고,0,0,2,0,차대차 - 측면충돌,신호위반,건조,맑음,단일로 - 기타,승용,남,73세,상해없음,승용,남,45세,경상
2019021200100481,2019년 2월 12일 20시,화요일,대전광역시 유성구 봉명동,경상사고,0,0,2,0,차대차 - 기타,신호위반,건조,맑음,교차로 - 교차로안,승용,여,26세,상해없음,승용,남,40세,경상
2019021300100036,2019년 2월 13일 00시,수요일,대전광역시 중구 중촌동,중상사고,0,1,1,1,차대차 - 추돌,안전운전불이행,건조,맑음,교차로 - 교차로부근,승용,여,44세,경상,승용,여,33세,부상신고
2019021300100087,2019년 2월 13일 06시,수요일,대전광역시 동구 용운동,경상사고,0,0,1,0,차대사람 - 횡단중,보행자보호의무위반,건조,맑음,교차로 - 교차로횡단보도내,승용,남,62세,상해없음,보행자,여,54세,경상
2019021300100133,2019년 2월 13일 08시,수요일,대전광역시 동구 신흥동,경상사고,0,0,1,0,차대차 - 추돌,안전운전불이행,건조,맑음,교차로 - 교차로부근,승용,남,48세,상해없음,승용,남,66세,상해없음
2019021300100134,2019년 2월 13일 08시,수요일,대전광역시 대덕구 대화동,경상사고,0,0,1,0,차대차 - 기타,안전운전불이행,건조,맑음,교차로 - 교차로부근,건설기계,남,53세,상해없음,승용,남,45세,경상
2019021300100135,2019년 2월 13일 08시,수요일,대전광역시 서구 월평동,경상사고,0,0,1,0,차대차 - 기타,중앙선침범,건조,맑음,단일로 - 기타,화물,남,47세,상해없음,승용,남,49세,경상
2019021300100168,2019년 2월 13일 09시,수요일,대전광역시 동구 용전동,중상사고,0,1,0,0,차대차 - 기타,신호위반,건조,맑음,교차로 - 교차로안,이륜,남,69세,중상,승용,남,27세,상해없음
2019021300100188,2019년 2월 13일 10시,수요일,대전광역시 서구 갈마동,경상사고,0,0,1,0,차대차 - 기타,안전운전불이행,건조,맑음,교차로 - 교차로부근,승용,남,32세,상해없음,승합,남,58세,상해없음
2019021300100214,2019년 2월 13일 11시,수요일,대전광역시 서구 갈마동,경상사고,0,0,1,0,차대차 - 기타,교차로운행방법위반,건조,맑음,교차로 - 교차로안,승용,남,58세,상해없음,이륜,남,33세,경상
2019021300100215,2019년 2월 13일 11시,수요일,대전광역시 유성구 봉명동,경상사고,0,0,2,0,차대차 - 추돌,안전운전불이행,건조,맑음,교차로 - 교차로부근,승용,여,56세,상해없음,승용,남,55세,경상
2019021300100231,2019년 2월 13일 12시,수요일,대전광역시 서구 둔산동,경상사고,0,0,1,0,차대차 - 기타,교차로운행방법위반,건조,맑음,교차로 - 교차로안,승합,남,63세,상해없음,승용,남,70세,경상
2019021300100267,2019년 2월 13일 13시,수요일,대전광역시 유성구 봉명동,경상사고,0,0,3,0,차대차 - 측면충돌,안전운전불이행,건조,맑음,단일로 - 기타,승용,남,29세,경상,승용,남,68세,경상
2019021300100309,2019년 2월 13일 14시,수요일,대전광역시 동구 용전동,경상사고,0,0,1,0,차대사람 - 기타,안전운전불이행,건조,맑음,단일로 - 기타,승용,여,72세,상해없음,보행자,남,73세,경상
2019021300100310,2019년 2월 13일 14시,수요일,대전광역시 동구 가양동,경상사고,0,0,1,0,차대차 - 기타,안전운전불이행,건조,맑음,교차로 - 교차로안,승용,남,53세,상해없음,승용,남,82세,경상
2019021300100373,2019년 2월 13일 16시,수요일,대전광역시 유성구 봉명동,경상사고,0,0,1,0,차대차 - 추돌,안전운전불이행,건조,맑음,단일로 - 기타,화물,남,57세,상해없음,승용,남,30세,경상
2019021300100442,2019년 2월 13일 18시,수요일,대전광역시 동구 가양동,경상사고,0,0,3,0,차대차 - 정면충돌,신호위반,건조,맑음,교차로 - 교차로안,승용,여,42세,상해없음,승용,남,26세,경상
2019021300100443,2019년 2월 13일 18시,수요일,대전광역시 동구 삼성동,경상사고,0,0,1,0,차대사람 - 횡단중,안전운전불이행,건조,맑음,교차로 - 교차로부근,승용,여,25세,상해없음,보행자,여,75세,경상
2019021300100444,2019년 2월 13일 18시,수요일,대전광역시 서구 내동,경상사고,0,0,1,0,차대사람 - 차도통행중,안전운전불이행,건조,맑음,단일로 - 기타,승용,여,68세,상해없음,보행자,여,65세,경상
2019021300100445,2019년 2월 13일 18시,수요일,대전광역시 대덕구 신일동,경상사고,0,0,2,0,차대차 - 기타,교차로운행방법위반,젖음/습기,비,교차로 - 교차로안,승용,남,53세,상해없음,승용,여,61세,경상
2019021300100446,2019년 2월 13일 18시,수요일,대전광역시 유성구 원내동,경상사고,0,0,3,0,차대차 - 기타,안전운전불이행,건조,맑음,교차로 - 교차로안,승용,남,70세,경상,승용,여,45세,경상
2019021300100479,2019년 2월 13일 19시,수요일,대전광역시 유성구 용계동,경상사고,0,0,3,0,차대차 - 기타,신호위반,건조,맑음,교차로 - 교차로안,승합,남,62세,경상,승용,남,74세,경상
2019021300100515,2019년 2월 13일 20시,수요일,대전광역시 중구 태평동,경상사고,0,0,1,0,차대차 - 추돌,안전운전불이행,건조,맑음,교차로 - 교차로부근,승용,남,64세,상해없음,이륜,남,57세,경상