사고번호,사고일시,요일,시군구,사고내용,사망자수,중상자수,경상자수,부상신고자수,사고유형,법규위반,노면상태,기상상태,도로형태,가해운전자 차종,가해운전자 성별,가해운전자 연령,가해운전자 상해정도,피해운전자 차종,피해운전자 성별,피해운전자 연령,피해운전자 상해정도
2019022500100120,2019년 2월 25일 08시,월요일,대전광역시 대덕구 중리동,경상사고,0,0,1,0,차대사람 - 횡단중,보행자보호의무위반,건조,맑음,단일로 - 기타,화물,남,59세,상해없음,보행자,여,75세,경상
2019022500100150,2019년 2월 25일 09시,월요일,대전광역시 동구 가오동,경상사고,0,0,1,0,차대차 - 기타,안전운전불이행,건조,맑음,교차로 - 교차로횡단보도내,승용,여,63세,경상,승합,남,44세,상해없음
2019022500100151,2019년 2월 25일 09시,월요일,대전광역시 서구 갈마동,경상사고,0,0,1,0,차대사람 - 기타,안전운전불이행,건조,맑음,단일로 - 기타,승용,남,24세,상해없음,보행자,남,23세,경상
2019022500100194,2019년 2월 25일 10시,월요일,대전광역시 동구 가양동,경상사고,0,0,1,0,차대차 - 측면충돌,교차로운행방법위반,건조,맑음,교차로 - 교차로안,승용,여,67세,상해없음,승용,남,68세,경상
2019022500100195,2019년 2월 25일 10시,월요일,대전광역시 유성구 노은동,경상사고,0,0,1,0,차대차 - 후진중충돌,안전운전불이행,건조,맑음,단일로 - 기타,화물,남,64세,기타불명,승용,남,33세,경상
2019022500100261,2019년 2월 25일 12시,월요일,대전광역시 서구 탄방동,중상사고,0,1,0,0,차대차 - 기타,신호위반,건조,맑음,교차로 - 교차로부근,승합,여,50세,상해없음,이륜,남,20세,중상
2019022500100289,2019년 2월 25일 13시,월요일,대전광역시 유성구 봉명동,중상사고,0,1,0,0,차대차 - 측면충돌,교차로운행방법위반,건조,맑음,교차로 - 교차로부근,승용,남,72세,상해없음,이륜,남,41세,중상
2019022500100328,2019년 2월 25일 14시,월요일,대전광역시 서구 도마동,경상사고,0,0,2,0,차대차 - 측면충돌,안전운전불이행,건조,맑음,단일로 - 기타,승용,남,48세,상해없음,승용,남,71세,경상
2019022500100329,2019년 2월 25일 14시,월요일,대전광역시 대덕구 신탄진동,경상사고,0,0,1,0,차대사람 - 기타,안전운전불이행,건조,맑음,교차로 - 교차로부근,화물,남,64세,상해없음,보행자,남,55세,경상
2019022500100427,2019년 2월 25일 17시,월요일,대전광역시 중구 문화동,중상사고,0,1,0,0,차대사람 - 횡단중,보행자보호의무위반,건조,맑음,교차로 - 교차로안,승합,남,54세,상해없음,보행자,남,71세,중상
2019022500100428,2019년 2월 25일 17시,월요일,대전광역시 서구 도마동,경상사고,0,0,1,0,차대차 - 측면충돌,안전거리미확보,건조,맑음,단일로 - 기타,승용,남,52세,상해없음,승용,남,58세,경상
2019022500100429,2019년 2월 25일 17시,월요일,대전광역시 대덕구 오정동,경상사고,0,0,1,0,차대차 - 기타,교차로운행방법위반,건조,맑음,교차로 - 교차로부근,승용,남,62세,기타불명,승용,남,66세,경상
2019022500100430,2019년 2월 25일 17시,월요일,대전광역시 서구 둔산동,경상사고,0,0,2,1,차대차 - 측면충돌,안전거리미확보,건조,맑음,교차로 - 교차로안,승용,남,48세,상해없음,승용,여,57세,경상
2019022500100516,2019년 2월 25일 19시,월요일,대전광역시 동구 자양동,중상사고,0,1,0,0,차대차 - 기타,안전운전불이행,건조,맑음,교차로 - 교차로안,이륜,남,26세,상해없음,이륜,남,66세,중상
2019022500100543,2019년 2월 25일 20시,월요일,대전광역시 서구 갈마동,경상사고,0,0,2,0,차대차 - 측면충돌,신호위반,건조,맑음,교차로 - 교차로안,승용,남,19세,상해없음,승용,남,28세,경상
2019022500100603,2019년 2월 25일 23시,월요일,대전광역시 대덕구 읍내동,경상사고,0,0,1,0,차대사람 - 기타,안전운전불이행,건조,맑음,단일로 - 기타,승용,남,58세,상해없음,보행자,여,56세,경상
2019022500100604,2019년 2월 25일 23시,월요일,대전광역시 서구 월평동,경상사고,0,0,1,0,차대차 - 기타,신호위반,건조,맑음,교차로 - 교차로부근,승용,여,47세,상해없음,이륜,남,46세,경상
2019022600100047,2019년 2월 26일 03시,화요일,대전광역시 중구 오류동,경상사고,0,0,1,0,차대차 - 추돌,신호위반,건조,맑음,교차로 - 교차로안,승용,남,71세,상해없음,승용,남,49세,경상
2019022600100060,2019년 2월 26일 05시,화요일,대전광역시 중구 산성동,경상사고,0,0,2,0,차대차 - 측면충돌,안전운전불이행,건조,맑음,교차로 - 교차로안,승용,남,69세,경상,승용,남,70세,경상
2019022600100086,2019년 2월 26일 07시,화요일,대전광역시 유성구 봉명동,경상사고,0,0,1,0,차대차 - 측면충돌,교차로운행방법위반,건조,맑음,교차로 - 교차로부근,승용,여,28세,상해없음,승용,남,58세,경상
2019022600100126,2019년 2월 26일 08시,화요일,대전광역시 서구 도마동,경상사고,0,0,1,0,차대차 - 측면충돌,신호위반,건조,맑음,교차로 - 교차로부근,승용,여,37세,기타불명,승용,남,64세,경상
2019022600100155,2019년 2월 26일 09시,화요일,대전광역시 서구 괴정동,중상사고,0,1,1,0,차대차 - 정면충돌,중앙선침범,건조,맑음,단일로 - 기타,승용,남,76세,상해없음,승용,남,66세,경상
2019022600100214,2019년 2월 26일 11시,화요일,대전광역시 대덕구 신대동,경상사고,0,0,2,0,차대차 - 추돌,안전운전불이행,건조,맑음,교차로 - 교차로부근,승용,남,41세,상해없음,승용,여,50세,경상
2019022600100215,2019년 2월 26일 11시,화요일,대전광역시 유성구 봉명동,경상사고,0,0,2,0,차대차 - 추돌,안전운전불이행,건조,맑음,단일로 - 기타,승합,남,23세,상해없음,승용,남,78세,경상
2019022600100250,2019년 2월 26일 12시,화요일,대전광역시 서구 도안동,경상사고,0,0,2,0,차대차 - 추돌,안전거리미확보,건조,맑음,단일로 - 기타,승용,여,35세,경상,승용,여,33세,경상
2019022600100346,2019년 2월 26일 15시,화요일,대전광역시 서구 둔산동,중상사고,0,1,0,0,차대차 - 기타,안전운전불이행,건조,맑음,단일로 - 기타,승용,남,36세,상해없음,자전거,남,57세,중상
2019022600100408,2019년 2월 26일 17시,화요일,대전광역시 서구 변동,중상사고,0,1,0,0,차대사람 - 차도통행중,안전운전불이행,건조,맑음,단일로 - 기타,승용,여,57세,상해없음,보행자,남,9세,중상
2019022600100447,2019년 2월 26일 18시,화요일,대전광역시 서구 관저동,경상사고,0,0,1,0,차대사람 - 기타,보행자보호의무위반,건조,맑음,교차로 - 교차로횡단보도내,승용,남,55세,상해없음,보행자,여,70세,경상
2019022600100545,2019년 2월 26일 22시,화요일,대전광역시 서구 괴정동,경상사고,0,0,1,0,차대사람 - 횡단중,안전운전불이행,건조,맑음,주차장 - 주차장,승용,남,28세,상해없음,보행자,여,19세,경상
2019022600100546,2019년 2월 26일 22시,화요일,대전광역시 서구 둔산동,중상사고,0,2,0,0,차대차 - 정면충돌,신호위반,건조,맑음,교차로 - 교차로안,승용,남,32세,중상,승용,남,33세,중상
2019022600100574,2019년 2월 26일 23시,화요일,대전광역시 중구 오류동,경상사고,0,0,1,0,차대사람 - 차도통행중,안전운전불이행,건조,맑음,단일로 - 기타,승용,남,32세,상해없음,보행자,남,25세,경상
2019022600100575,2019년 2월 26일 23시,화요일,대전광역시 유성구 노은동,경상사고,0,0,1,0,차대차 - 측면충돌,신호위반,건조,맑음,교차로 - 교차로안,승용,남,36세,상해없음,승용,남,39세,경상
2019022700100028,2019년 2월 27일 00시,수요일,대전광역시 서구 도안동,경상사고,0,0,2,0,차대차 - 추돌,안전운전불이행,건조,맑음,교차로 - 교차로부근,승용,남,65세,상해없음,승용,남,49세,경상
2019022700100057,2019년 2월 27일 04시,수요일,대전광역시 동구 가오동,경상사고,0,0,1,0,차대차 - 기타,신호위반,건조,맑음,교차로 - 교차로안,승용,남,76세,상해없음,승용,남,57세,경상
2019022700100080,2019년 2월 27일 06시,수요일,대전광역시 유성구 봉명동,경상사고,0,0,1,0,차대차 - 측면충돌,안전운전불이행,건조,맑음,단일로 - 기타,승용,남,67세,상해없음,승용,남,32세,경상
2019022700100127,2019년 2월 27일 08시,수요일,대전광역시 서구 월평동,경상사고,0,0,1,0,차대사람 - 횡단중,안전운전불이행,건조,맑음,교차로 - 교차로안,승용,여,34세,상해없음,보행자,여,34세,경상
2019022700100149,2019년 2월 27일 09시,수요일,대전광역시 대덕구 오정동,경상사고,0,0,1,0,차대차 - 기타,안전운전불이행,건조,맑음,단일로 - 기타,승용,여,67세,상해없음,승용,남,29세,경상
2019022700100271,2019년 2월 27일 13시,수요일,대전광역시 동구 가오동,경상사고,0,0,1,0,차대차 - 측면충돌,교차로운행방법위반,건조,맑음,교차로 - 교차로안,승용,남,31세,상해없음,승용,남,38세,경상
2019022700100294,2019년 2월 27일 14시,수요일,대전광역시 동구 삼성동,중상사고,0,1,0,0,차대차 - 추돌,안전운전불이행,건조,맑음,교차로 - 교차로부근,승용,남,43세,상해없음,승용,남,28세,중상
2019022700100295,2019년 2월 27일 14시,수요일,대전광역시 서구 복수동,경상사고,0,0,2,1,차대차 - 측면충돌,신호위반,건조,맑음,교차로 - 교차로안,승용,남,20세,상해없음,승용,남,62세,경상
2019022700100296,2019년 2월 27일 14시,수요일,대전광역시 대덕구 법동,경상사고,0,0,1,0,차대차 - 기타,안전거리미확보,젖음/습기,비,교차로 - 교차로부근,승용,여,55세,상해없음,원동기,남,38세,경상
2019022700100327,2019년 2월 27일 15시,수요일,대전광역시 서구 탄방동,경상사고,0,0,4,0,차대차 - 측면충돌,신호위반,젖음/습기,비,교차로 - 교차로부근,승용,남,26세,경상,승용,남,55세,경상
2019022700100360,2019년 2월 27일 16시,수요일,대전광역시 중구 산성동,중상사고,0,1,1,0,차대차 - 측면충돌,불법유턴,젖음/습기,흐림,교차로 - 교차로부근,자전거,남,77세,중상,승용,여,48세,경상
2019022700100361,2019년 2월 27일 16시,수요일,대전광역시 중구 대사동,경상사고,0,0,1,0,차대차 - 기타,안전운전불이행,젖음/습기,흐림,교차로 - 교차로안,승용,여,48세,기타불명,승용,남,31세,경상
2019022700100362,2019년 2월 27일 16시,수요일,대전광역시 동구 중동,중상사고,0,1,0,0,차대사람 - 기타,안전운전불이행,건조,맑음,교차로 - 교차로부근,자전거,남,64세,상해없음,보행자,여,59세,중상
2019022700100394,2019년 2월 27일 17시,수요일,대전광역시 동구 성남동,경상사고,0,0,1,0,차대차 - 기타,차로위반,건조,맑음,단일로 - 기타,승용,남,71세,상해없음,승합,남,64세,상해없음
2019022700100395,2019년 2월 27일 17시,수요일,대전광역시 서구 둔산동,경상사고,0,0,1,0,차대차 - 측면충돌,교차로운행방법위반,건조,맑음,교차로 - 교차로안,승용,여,48세,상해없음,승용,남,53세,경상
2019022700100536,2019년 2월 27일 21시,수요일,대전광역시 유성구 계산동,경상사고,0,0,2,0,차대차 - 기타,신호위반,건조,맑음,교차로 - 교차로안,승용,남,45세,상해없음,승용,여,61세,경상
2019022700100537,2019년 2월 27일 21시,수요일,대전광역시 유성구 안산동,경상사고,0,0,1,0,차대차 - 기타,안전거리미확보,건조,맑음,기타 - 기타,승용,남,36세,상해없음,승용,남,57세,경상
2019022700100577,2019년 2월 27일 23시,수요일,대전광역시 유성구 상대동,부상신고사고,0,0,0,1,차대차 - 추돌,안전운전불이행,건조,맑음,단일로 - 기타,승용,여,65세,상해없음,화물,남,51세,부상신고
2019022800100053,2019년 2월 28일 01시,목요일,대전광역시 유성구 봉명동,중상사고,0,1,2,0,차대차 - 기타,신호위반,건조,맑음,교차로 - 교차로안,승용,남,52세,상해없음,이륜,남,47세,중상
2019022800100088,2019년 2월 28일 06시,목요일,대전광역시 대덕구 목상동,경상사고,0,0,2,0,차대차 - 기타,안전운전불이행,건조,맑음,단일로 - 기타,특수,남,57세,상해없음,승용,남,44세,경상
2019022800100107,2019년 2월 28일 07시,목요일,대전광역시 동구 가양동,경상사고,0,0,2,0,차대차 - 측면충돌,안전운전불이행,건조,맑음,단일로 - 기타,승합,남,43세,상해없음,승합,남,59세,경상
2019022800100108,2019년 2월 28일 07시,목요일,대전광역시 유성구 장대동,경상사고,0,0,1,0,차대차 - 추돌,안전거리미확보,건조,맑음,교차로 - 교차로부근,승합,남,39세,상해없음,승용,남,50세,경상
2019022800100140,2019년 2월 28일 08시,목요일,대전광역시 유성구 구암동,경상사고,0,0,1,0,차대차 - 측면충돌,신호위반,건조,맑음,교차로 - 교차로안,승용,남,44세,상해없음,승용,남,47세,경상
2019022800100161,2019년 2월 28일 09시,목요일,대전광역시 중구 선화동,경상사고,0,0,1,0,차대차 - 측면충돌,안전운전불이행,건조,맑음,교차로 - 교차로안,자전거,남,12세,경상,승용,남,61세,상해없음
2019022800100191,2019년 2월 28일 10시,목요일,대전광역시 동구 가양동,경상사고,0,0,1,0,차대차 - 측면충돌,교차로운행방법위반,건조,맑음,교차로 - 교차로안,승용,여,59세,상해없음,승용,남,24세,경상
2019022800100192,2019년 2월 28일 10시,목요일,대전광역시 서구 월평동,경상사고,0,0,1,0,차대차 - 기타,안전거리미확보,건조,맑음,교차로 - 교차로안,승용,여,39세,상해없음,화물,남,56세,상해없음
2019022800100267,2019년 2월 28일 12시,목요일,대전광역시 중구 문창동,경상사고,0,0,3,0,차대차 - 측면충돌,교차로운행방법위반,건조,맑음,교차로 - 교차로안,승용,여,59세,상해없음,승용,여,67세,경상
2019022800100268,2019년 2월 28일 12시,목요일,대전광역시 유성구 지족동,경상사고,0,0,1,0,차대차 - 측면충돌,교차로운행방법위반,건조,맑음,교차로 - 교차로안,승용,남,47세,상해없음,승용,여,37세,경상
2019022800100329,2019년 2월 28일 14시,목요일,대전광역시 중구 선화동,경상사고,0,0,1,0,차대차 - 측면충돌,안전거리미확보,건조,맑음,단일로 - 기타,승용,여,63세,상해없음,승용,남,64세,경상
2019022800100359,2019년 2월 28일 15시,목요일,대전광역시 서구 정림동,경상사고,0,0,1,0,차대차 - 측면충돌,안전운전불이행,건조,맑음,교차로 - 교차로부근,건설기계,남,52세,기타불명,승용,남,51세,경상
2019022800100432,2019년 2월 28일 17시,목요일,대전광역시 유성구 지족동,경상사고,0,0,1,0,차대차 - 측면충돌,안전운전불이행,건조,맑음,단일로 - 기타,이륜,남,49세,기타불명,승용,여,59세,경상
2019022800100472,2019년 2월 28일 18시,목요일,대전광역시 중구 은행동,경상사고,0,0,1,0,차대사람 - 차도통행중,안전운전불이행,건조,맑음,교차로 - 교차로부근,승용,남,35세,상해없음,보행자,여,21세,경상
2019022800100473,2019년 2월 28일 18시,목요일,대전광역시 중구 대사동,경상사고,0,0,2,0,차대차 - 추돌,안전운전불이행,건조,맑음,단일로 - 기타,화물,남,61세,상해없음,승용,여,31세,경상
2019022800100474,2019년 2월 28일 18시,목요일,대전광역시 유성구 궁동,중상사고,0,1,2,0,차대차 - 기타,안전운전불이행,건조,맑음,단일로 - 지하차도(도로)내,화물,남,22세,상해없음,승용,남,49세,경상
2019022800100524,2019년 2월 28일 19시,목요일,대전광역시 중구 대흥동,경상사고,0,0,2,0,차대차 - 측면충돌,신호위반,건조,맑음,교차로 - 교차로안,승용,남,61세,상해없음,승용,남,43세,경상
2019022800100525,2019년 2월 28일 19시,목요일,대전광역시 서구 내동,중상사고,0,1,0,0,차대사람 - 횡단중,신호위반,건조,맑음,교차로 - 교차로횡단보도내,이륜,남,82세,상해없음,보행자,여,63세,중상
2019022800100526,2019년 2월 28일 19시,목요일,대전광역시 서구 탄방동,경상사고,0,0,1,0,차대차 - 측면충돌,안전운전불이행,건조,맑음,교차로 - 교차로횡단보도내,승용,여,63세,상해없음,자전거,남,20세,경상
2019022800100527,2019년 2월 28일 19시,목요일,대전광역시 서구 둔산동,경상사고,0,0,3,0,차대차 - 측면충돌,안전운전불이행,건조,맑음,단일로 - 기타,승용,여,26세,상해없음,승용,남,75세,상해없음
2019022800100528,2019년 2월 28일 19시,목요일,대전광역시 유성구 봉명동,경상사고,0,0,1,0,차대차 - 기타,신호위반,건조,맑음,교차로 - 교차로안,승용,남,57세,상해없음,이륜,남,28세,경상
2019030100100063,2019년 3월 1일 01시,금요일,대전광역시 서구 둔산동,중상사고,0,1,1,0,차대차 - 측면충돌,안전운전불이행,건조,맑음,단일로 - 기타,승용,남,22세,상해없음,승용,남,44세,경상
2019030100100083,2019년 3월 1일 03시,금요일,대전광역시 대덕구 비래동,경상사고,0,0,1,0,차대차 - 측면충돌,안전운전불이행,건조,맑음,단일로 - 기타,승용,여,23세,상해없음,승용,남,23세,경상
2019030100100095,2019년 3월 1일 04시,금요일,대전광역시 서구 갈마동,부상신고사고,0,0,0,1,차량단독 - 공작물충돌,안전운전불이행,건조,맑음,단일로 - 기타,승용,남,25세,부상신고,,,,
2019030100100117,2019년 3월 1일 06시,금요일,대전광역시 서구 용문동,경상사고,0,0,1,1,차대차 - 추돌,안전운전불이행,건조,맑음,단일로 - 기타,승용,남,28세,상해없음,승용,남,18세,기타불명
2019030100100141,2019년 3월 1일 08시,금요일,대전광역시 유성구 문지동,경상사고,0,0,1,0,차대차 - 기타,안전운전불이행,건조,맑음,교차로 - 교차로부근,승용,남,31세,상해없음,승용,남,43세,경상
2019030100100155,2019년 3월 1일 09시,금요일,대전광역시 유성구 자운동,경상사고,0,0,1,0,차대차 - 기타,신호위반,건조,맑음,교차로 - 교차로부근,화물,남,60세,상해없음,승용,여,61세,경상
2019030100100248,2019년 3월 1일 13시,금요일,대전광역시 유성구 구암동,경상사고,0,0,2,0,차대차 - 측면충돌,교차로운행방법위반,건조,맑음,교차로 - 교차로안,승용,남,64세,상해없음,승용,남,69세,경상
2019030100100282,2019년 3월 1일 14시,금요일,대전광역시 서구 둔산동,경상사고,0,0,3,0,차대차 - 측면충돌,교차로운행방법위반,건조,맑음,교차로 - 교차로안,승용,남,55세,상해없음,승용,남,23세,경상
2019030100100303,2019년 3월 1일 15시,금요일,대전광역시 동구 자양동,중상사고,0,1,0,0,차대차 - 측면충돌,기타,건조,맑음,단일로 - 기타,승용,여,48세,상해없음,이륜,남,21세,중상
2019030100100304,2019년 3월 1일 15시,금요일,대전광역시 대덕구 덕암동,경상사고,0,0,1,0,차대차 - 기타,안전운전불이행,건조,맑음,단일로 - 기타,승용,남,48세,상해없음,승용,여,52세,경상
2019030100100331,2019년 3월 1일 16시,금요일,대전광역시 서구 월평동,경상사고,0,0,1,0,차대차 - 측면충돌,안전운전불이행,건조,맑음,교차로 - 교차로안,승용,남,33세,상해없음,이륜,남,52세,경상
2019030100100332,2019년 3월 1일 16시,금요일,대전광역시 유성구 방동,경상사고,0,0,3,0,차대차 - 추돌,안전운전불이행,건조,맑음,교차로 - 교차로부근,승용,남,47세,상해없음,승용,여,61세,경상
2019030100100390,2019년 3월 1일 18시,금요일,대전광역시 중구 문화동,경상사고,0,0,1,0,차대사람 - 차도통행중,안전운전불이행,건조,맑음,단일로 - 기타,승용,남,53세,상해없음,보행자,여,76세,경상
2019030100100420,2019년 3월 1일 19시,금요일,대전광역시 동구 가양동,경상사고,0,0,1,0,차대차 - 측면충돌,안전운전불이행,건조,맑음,단일로 - 기타,승용,여,44세,상해없음,사륜오토바이(ATV),남,19세,경상
2019030100100421,2019년 3월 1일 19시,금요일,대전광역시 서구 둔산동,경상사고,0,0,1,0,차대차 - 후진중충돌,안전운전불이행,건조,맑음,단일로 - 기타,승용,남,27세,상해없음,승용,남,27세,경상
2019030100100483,2019년 3월 1일 22시,금요일,대전광역시 유성구 봉산동,중상사고,0,1,0,0,차대차 - 기타,신호위반,건조,맑음,교차로 - 교차로안,화물,남,66세,상해없음,자전거,남,54세,중상
2019030100100496,2019년 3월 1일 23시,금요일,대전광역시 중구 오류동,중상사고,0,1,0,0,차대사람 - 차도통행중,안전운전불이행,건조,맑음,단일로 - 기타,승용,남,67세,상해없음,보행자,남,62세,중상
2019030200100021,2019년 3월 2일 00시,토요일,대전광역시 유성구 궁동,경상사고,0,0,1,0,차대사람 - 기타,안전운전불이행,건조,맑음,단일로 - 기타,승용,남,23세,상해없음,보행자,여,22세,경상
2019030200100059,2019년 3월 2일 04시,토요일,대전광역시 유성구 봉명동,경상사고,0,0,2,0,차대차 - 추돌,안전운전불이행,건조,맑음,교차로 - 교차로부근,승용,남,36세,상해없음,승용,남,42세,경상
2019030200100080,2019년 3월 2일 06시,토요일,대전광역시 중구 유천동,중상사고,0,1,0,0,차대차 - 측면충돌,신호위반,건조,맑음,교차로 - 교차로안,승합,남,67세,상해없음,승용,여,51세,중상
2019030200100091,2019년 3월 2일 07시,토요일,대전광역시 중구 대흥동,경상사고,0,0,2,0,차대차 - 추돌,안전운전불이행,건조,맑음,교차로 - 교차로부근,승용,남,60세,상해없음,화물,남,53세,경상
2019030200100138,2019년 3월 2일 10시,토요일,대전광역시 동구 낭월동,경상사고,0,0,1,0,차대사람 - 차도통행중,안전운전불이행,건조,맑음,단일로 - 기타,기타불명,기타불명,미분류,기타불명,보행자,여,90세 이상,경상
2019030200100139,2019년 3월 2일 10시,토요일,대전광역시 서구 둔산동,경상사고,0,0,2,0,차대차 - 측면충돌,안전운전불이행,건조,맑음,단일로 - 기타,승용,여,59세,상해없음,승용,남,63세,경상
2019030200100140,2019년 3월 2일 10시,토요일,대전광역시 유성구 원내동,경상사고,0,0,1,0,차대차 - 측면충돌,교차로운행방법위반,건조,맑음,교차로 - 교차로안,승용,여,54세,상해없음,승용,남,68세,경상
2019030200100211,2019년 3월 2일 13시,토요일,대전광역시 중구 오류동,경상사고,0,0,1,0,차대사람 - 길가장자리구역통행중,안전운전불이행,건조,맑음,단일로 - 기타,승용,남,50세,상해없음,보행자,여,36세,경상
2019030200100212,2019년 3월 2일 13시,토요일,대전광역시 동구 낭월동,경상사고,0,0,1,0,차대차 - 후진중충돌,안전운전불이행,건조,맑음,교차로 - 교차로안,승용,남,76세,상해없음,승용,남,54세,경상
2019030200100213,2019년 3월 2일 13시,토요일,대전광역시 서구 월평동,경상사고,0,0,2,0,차대차 - 측면충돌,안전거리미확보,건조,맑음,단일로 - 기타,승용,남,58세,상해없음,승용,남,50세,경상
2019030200100250,2019년 3월 2일 14시,토요일,대전광역시 중구 선화동,경상사고,0,0,1,0,차대차 - 측면충돌,안전운전불이행,건조,맑음,단일로 - 기타,승용,남,38세,경상,승용,남,23세,상해없음
2019030200100251,2019년 3월 2일 14시,토요일,대전광역시 동구 천동,중상사고,0,1,0,0,차대차 - 측면충돌,안전운전불이행,건조,맑음,단일로 - 기타,승용,남,58세,상해없음,이륜,남,68세,중상
2019030200100307,2019년 3월 2일 16시,토요일,대전광역시 서구 월평동,경상사고,0,0,2,0,차대차 - 측면충돌,신호위반,건조,맑음,교차로 - 교차로부근,승용,여,25세,상해없음,승용,여,24세,경상
2019030200100335,2019년 3월 2일 17시,토요일,대전광역시 서구 가장동,경상사고,0,0,2,0,차대차 - 측면충돌,안전운전불이행,건조,맑음,교차로 - 교차로부근,승용,남,61세,상해없음,승용,남,63세,경상
2019030200100336,2019년 3월 2일 17시,토요일,대전광역시 서구 갈마동,경상사고,0,0,2,0,차대차 - 기타,신호위반,건조,맑음,교차로 - 교차로안,승용,남,50세,상해없음,승용,남,25세,경상
2019030200100381,2019년 3월 2일 18시,토요일,대전광역시 서구 가장동,경상사고,0,0,1,0,차대차 - 측면충돌,안전거리미확보,건조,맑음,단일로 - 기타,승합,남,55세,상해없음,승용,남,46세,경상
2019030200100416,2019년 3월 2일 19시,토요일,대전광역시 동구 가양동,중상사고,0,1,0,0,차량단독 - 공작물충돌,안전운전불이행,건조,맑음,단일로 - 기타,이륜,남,31세,중상,,,,
2019030200100417,2019년 3월 2일 19시,토요일,대전광역시 동구 정동,경상사고,0,0,2,0,차대차 - 측면충돌,안전운전불이행,건조,맑음,단일로 - 기타,승용,여,24세,상해없음,승용,남,31세,경상
2019030200100445,2019년 3월 2일 20시,토요일,대전광역시 서구 둔산동,경상사고,0,0,2,2,차대차 - 추돌,안전운전불이행,건조,맑음,교차로 - 교차로부근,승용,남,23세,상해없음,승용,남,62세,경상
2019030200100446,2019년 3월 2일 20시,토요일,대전광역시 유성구 장동,중상사고,0,2,0,0,차대차 - 추돌,안전운전불이행,건조,맑음,교차로 - 교차로부근,승용,남,47세,상해없음,승용,여,34세,중상
2019030200100447,2019년 3월 2일 20시,토요일,대전광역시 유성구 관평동,경상사고,0,0,1,0,차대차 - 기타,불법유턴,건조,맑음,교차로 - 교차로안,승용,여,34세,상해없음,승용,남,39세,경상
2019030200100488,2019년 3월 2일 22시,토요일,대전광역시 유성구 원신흥동,경상사고,0,0,1,0,차대사람 - 길가장자리구역통행중,안전운전불이행,건조,맑음,교차로 - 교차로부근,승용,남,35세,상해없음,보행자,여,37세,경상
2019030200100511,2019년 3월 2일 23시,토요일,대전광역시 중구 용두동,경상사고,0,0,1,0,차대차 - 측면충돌,교차로운행방법위반,건조,맑음,교차로 - 교차로안,승용,남,38세,기타불명,승용,여,26세,경상
2019030300100044,2019년 3월 3일 01시,일요일,대전광역시 중구 유천동,경상사고,0,0,1,0,차대차 - 측면충돌,교차로운행방법위반,건조,맑음,교차로 - 교차로안,승용,남,69세,상해없음,승용,남,46세,경상
2019030300100045,2019년 3월 3일 01시,일요일,대전광역시 서구 도마동,경상사고,0,0,3,0,차대차 - 정면충돌,신호위반,건조,맑음,교차로 - 교차로안,승용,남,28세,상해없음,승용,남,48세,경상
2019030300100076,2019년 3월 3일 06시,일요일,대전광역시 대덕구 비래동,경상사고,0,0,1,0,차대차 - 기타,직진우회전진행방해,건조,맑음,교차로 - 교차로안,승용,남,26세,상해없음,승용,여,43세,경상
2019030300100113,2019년 3월 3일 10시,일요일,대전광역시 동구 판암동,경상사고,0,0,3,0,차대차 - 기타,안전거리미확보,건조,맑음,교차로 - 교차로안,승용,남,72세,상해없음,승합,남,51세,상해없음
2019030300100124,2019년 3월 3일 11시,일요일,대전광역시 유성구 계산동,경상사고,0,0,1,0,차대차 - 측면충돌,안전운전불이행,건조,맑음,교차로 - 교차로안,승용,여,51세,상해없음,승용,남,64세,경상
2019030300100144,2019년 3월 3일 12시,일요일,대전광역시 유성구 학하동,경상사고,0,0,1,0,차대차 - 추돌,중앙선침범,건조,맑음,단일로 - 기타,승용,남,30세,상해없음,승용,남,59세,경상
2019030300100161,2019년 3월 3일 13시,일요일,대전광역시 대덕구 신대동,경상사고,0,0,1,0,차대차 - 측면충돌,안전거리미확보,건조,맑음,단일로 - 기타,승용,남,55세,상해없음,승용,남,41세,상해없음
2019030300100199,2019년 3월 3일 14시,일요일,대전광역시 중구 대사동,경상사고,0,0,1,0,차대차 - 측면충돌,신호위반,건조,맑음,교차로 - 교차로안,승용,여,46세,상해없음,승용,남,66세,경상
2019030300100200,2019년 3월 3일 14시,일요일,대전광역시 대덕구 법동,경상사고,0,0,3,0,차대차 - 추돌,안전운전불이행,건조,맑음,단일로 - 기타,승용,남,30세,상해없음,승용,남,51세,경상
2019030300100247,2019년 3월 3일 16시,일요일,대전광역시 유성구 방동,경상사고,0,0,1,0,차대차 - 추돌,안전운전불이행,건조,맑음,교차로 - 교차로부근,승용,남,38세,상해없음,승용,남,66세,경상
2019030300100263,2019년 3월 3일 17시,일요일,대전광역시 서구 괴정동,경상사고,0,0,5,0,차대차 - 측면충돌,안전운전불이행,건조,맑음,교차로 - 교차로안,승용,남,73세,상해없음,승용,남,39세,경상
2019030300100289,2019년 3월 3일 18시,일요일,대전광역시 서구 둔산동,중상사고,0,1,3,0,차대차 - 기타,안전운전불이행,건조,맑음,단일로 - 기타,원동기,남,76세,중상,승용,남,30세,경상
2019030300100326,2019년 3월 3일 19시,일요일,대전광역시 중구 문화동,중상사고,0,1,0,0,차대차 - 기타,안전운전불이행,건조,맑음,단일로 - 기타,승용,남,40세,상해없음,이륜,남,67세,중상