사고번호,사고일시,요일,시군구,사고내용,사망자수,중상자수,경상자수,부상신고자수,사고유형,법규위반,노면상태,기상상태,도로형태,가해운전자 차종,가해운전자 성별,가해운전자 연령,가해운전자 상해정도,피해운전자 차종,피해운전자 성별,피해운전자 연령,피해운전자 상해정도
2019030300100346,2019년 3월 3일 20시,일요일,대전광역시 동구 신흥동,경상사고,0,0,2,0,차대차 - 측면충돌,교차로운행방법위반,건조,맑음,교차로 - 교차로안,화물,남,30세,상해없음,승용,여,32세,경상
2019030300100347,2019년 3월 3일 20시,일요일,대전광역시 대덕구 비래동,경상사고,0,0,1,0,차대차 - 기타,안전운전불이행,건조,맑음,교차로 - 교차로부근,승용,남,29세,상해없음,승용,남,24세,경상
2019030300100381,2019년 3월 3일 22시,일요일,대전광역시 동구 정동,경상사고,0,0,1,0,차대차 - 측면충돌,신호위반,건조,맑음,교차로 - 교차로안,이륜,남,39세,상해없음,승용,남,63세,경상
2019030300100394,2019년 3월 3일 23시,일요일,대전광역시 서구 둔산동,경상사고,0,0,4,0,차대차 - 추돌,안전운전불이행,건조,맑음,단일로 - 터널,승용,남,50세,상해없음,승용,남,48세,경상
2019030400100045,2019년 3월 4일 05시,월요일,대전광역시 중구 유천동,중상사고,0,1,0,0,차대차 - 측면충돌,신호위반,건조,맑음,교차로 - 교차로안,화물,남,54세,상해없음,승용,남,71세,중상
2019030400100077,2019년 3월 4일 07시,월요일,대전광역시 서구 갈마동,경상사고,0,0,2,0,차대차 - 기타,안전운전불이행,건조,맑음,교차로 - 교차로부근,승용,남,24세,상해없음,승용,남,60세,경상
2019030400100179,2019년 3월 4일 11시,월요일,대전광역시 서구 도마동,경상사고,0,0,1,0,차대차 - 측면충돌,기타,건조,맑음,교차로 - 교차로안,승용,여,50세,상해없음,자전거,여,53세,경상
2019030400100180,2019년 3월 4일 11시,월요일,대전광역시 대덕구 오정동,경상사고,0,0,2,0,차대차 - 기타,안전운전불이행,건조,맑음,교차로 - 교차로안,승용,여,52세,상해없음,승용,여,36세,경상
2019030400100213,2019년 3월 4일 12시,월요일,대전광역시 서구 괴정동,경상사고,0,0,1,0,차대차 - 기타,중앙선침범,건조,맑음,교차로 - 교차로부근,화물,남,57세,상해없음,이륜,남,30세,경상
2019030400100214,2019년 3월 4일 12시,월요일,대전광역시 유성구 봉명동,경상사고,0,0,2,0,차대차 - 측면충돌,안전운전불이행,건조,맑음,단일로 - 기타,화물,남,60세,상해없음,승용,남,58세,경상
2019030400100235,2019년 3월 4일 13시,월요일,대전광역시 동구 삼성동,경상사고,0,0,2,0,차대차 - 측면충돌,신호위반,건조,맑음,교차로 - 교차로안,승용,남,31세,경상,승용,여,38세,경상
2019030400100236,2019년 3월 4일 13시,월요일,대전광역시 동구 대동,경상사고,0,0,1,0,차대차 - 추돌,중앙선침범,건조,맑음,단일로 - 기타,승용,남,48세,상해없음,승용,여,48세,경상
2019030400100237,2019년 3월 4일 13시,월요일,대전광역시 서구 둔산동,경상사고,0,0,2,0,차대차 - 추돌,안전거리미확보,건조,맑음,단일로 - 기타,승용,남,53세,상해없음,승용,여,30세,경상
2019030400100273,2019년 3월 4일 14시,월요일,대전광역시 동구 가양동,경상사고,0,0,1,1,차대차 - 측면충돌,안전거리미확보,건조,맑음,교차로 - 교차로부근,화물,남,61세,상해없음,승용,남,64세,경상
2019030400100309,2019년 3월 4일 15시,월요일,대전광역시 동구 정동,중상사고,0,1,2,0,차대차 - 측면충돌,안전운전불이행,건조,맑음,교차로 - 교차로안,화물,남,84세,중상,화물,남,52세,경상
2019030400100310,2019년 3월 4일 15시,월요일,대전광역시 동구 홍도동,경상사고,0,0,1,0,차대차 - 측면충돌,교차로운행방법위반,건조,맑음,교차로 - 교차로안,승용,남,46세,상해없음,승용,남,59세,경상
2019030400100311,2019년 3월 4일 15시,월요일,대전광역시 서구 도마동,경상사고,0,0,1,0,차대사람 - 횡단중,안전운전불이행,건조,맑음,단일로 - 기타,승합,남,61세,상해없음,보행자,여,68세,경상
2019030400100312,2019년 3월 4일 15시,월요일,대전광역시 서구 월평동,경상사고,0,0,1,0,차대차 - 추돌,안전거리미확보,건조,맑음,교차로 - 교차로부근,승용,여,38세,상해없음,승용,여,30세,경상
2019030400100348,2019년 3월 4일 16시,월요일,대전광역시 동구 가양동,경상사고,0,0,1,0,차대차 - 기타,안전운전불이행,건조,맑음,교차로 - 교차로부근,화물,남,47세,상해없음,원동기,남,76세,경상
2019030400100384,2019년 3월 4일 17시,월요일,대전광역시 중구 유천동,경상사고,0,0,1,1,차대사람 - 기타,안전운전불이행,건조,맑음,단일로 - 기타,승용,남,48세,상해없음,보행자,여,25세,상해없음
2019030400100385,2019년 3월 4일 17시,월요일,대전광역시 서구 둔산동,경상사고,0,0,1,0,차대차 - 기타,안전거리미확보,건조,맑음,단일로 - 기타,승용,남,31세,상해없음,승용,남,41세,경상
2019030400100386,2019년 3월 4일 17시,월요일,대전광역시 유성구 장대동,부상신고사고,0,0,0,1,차대차 - 추돌,직진우회전진행방해,건조,맑음,교차로 - 교차로안,승용,남,52세,상해없음,자전거,남,10세,부상신고
2019030400100432,2019년 3월 4일 18시,월요일,대전광역시 서구 둔산동,경상사고,0,0,1,0,차대차 - 기타,안전거리미확보,건조,맑음,단일로 - 기타,승용,남,35세,상해없음,승용,남,35세,경상
2019030400100433,2019년 3월 4일 18시,월요일,대전광역시 서구 월평동,경상사고,0,0,2,0,차대차 - 측면충돌,교차로운행방법위반,건조,맑음,단일로 - 기타,승용,여,63세,상해없음,승용,남,24세,경상
2019030400100470,2019년 3월 4일 19시,월요일,대전광역시 서구 갈마동,중상사고,0,1,0,0,차대사람 - 기타,안전운전불이행,건조,맑음,교차로 - 교차로안,승용,남,43세,상해없음,보행자,남,61세,중상
2019030400100516,2019년 3월 4일 21시,월요일,대전광역시 서구 둔산동,중상사고,0,1,0,0,차대사람 - 횡단중,보행자보호의무위반,건조,맑음,교차로 - 교차로횡단보도내,승용,남,56세,상해없음,보행자,여,63세,중상
2019030400100517,2019년 3월 4일 21시,월요일,대전광역시 서구 둔산동,경상사고,0,0,2,0,차대차 - 기타,직진우회전진행방해,건조,맑음,교차로 - 교차로안,승용,남,43세,기타불명,승용,여,49세,경상
2019030500100050,2019년 3월 5일 02시,화요일,대전광역시 서구 갈마동,경상사고,0,0,1,0,차대차 - 측면충돌,안전운전불이행,건조,맑음,단일로 - 기타,승용,남,59세,상해없음,승용,남,22세,경상
2019030500100100,2019년 3월 5일 07시,화요일,대전광역시 대덕구 중리동,중상사고,0,1,0,0,차대사람 - 기타,안전운전불이행,건조,맑음,단일로 - 기타,승합,남,56세,상해없음,보행자,여,67세,중상
2019030500100145,2019년 3월 5일 08시,화요일,대전광역시 대덕구 법동,중상사고,0,1,0,0,차대사람 - 기타,기타,건조,맑음,단일로 - 기타,승합,남,57세,상해없음,보행자,여,80세,중상
2019030500100146,2019년 3월 5일 08시,화요일,대전광역시 유성구 문지동,경상사고,0,0,1,0,차대차 - 측면충돌,신호위반,건조,맑음,교차로 - 교차로안,승용,여,25세,상해없음,승용,여,45세,경상
2019030500100147,2019년 3월 5일 08시,화요일,대전광역시 유성구 화암동,중상사고,0,1,1,0,차대차 - 기타,안전운전불이행,건조,맑음,단일로 - 기타,승용,여,29세,상해없음,승용,남,39세,중상
2019030500100148,2019년 3월 5일 08시,화요일,대전광역시 유성구 구암동,경상사고,0,0,1,3,차대차 - 측면충돌,교차로운행방법위반,건조,맑음,교차로 - 교차로안,승용,남,70세,상해없음,승용,남,40세,경상
2019030500100176,2019년 3월 5일 09시,화요일,대전광역시 유성구 구성동,중상사고,0,1,0,0,차대차 - 기타,안전운전불이행,건조,맑음,교차로 - 교차로안,승용,남,18세,상해없음,승용,여,39세,중상
2019030500100177,2019년 3월 5일 09시,화요일,대전광역시 유성구 도룡동,경상사고,0,0,1,0,차대차 - 기타,안전거리미확보,건조,맑음,단일로 - 기타,승용,남,41세,상해없음,승합,여,24세,경상
2019030500100205,2019년 3월 5일 10시,화요일,대전광역시 동구 용전동,경상사고,0,0,1,0,차대차 - 측면충돌,안전거리미확보,건조,맑음,단일로 - 기타,화물,남,38세,상해없음,승용,남,27세,경상
2019030500100238,2019년 3월 5일 11시,화요일,대전광역시 대덕구 송촌동,경상사고,0,0,1,0,차대차 - 기타,안전운전불이행,건조,맑음,단일로 - 기타,승용,여,37세,상해없음,승용,남,60세,경상
2019030500100308,2019년 3월 5일 14시,화요일,대전광역시 중구 태평동,중상사고,0,1,0,0,차대차 - 측면충돌,안전거리미확보,건조,맑음,단일로 - 기타,승합,남,64세,상해없음,원동기,남,40세,중상
2019030500100420,2019년 3월 5일 18시,화요일,대전광역시 유성구 가정동,중상사고,0,2,0,0,차대차 - 측면충돌,신호위반,건조,맑음,교차로 - 교차로안,승용,남,29세,기타불명,승용,여,27세,중상
2019030500100449,2019년 3월 5일 19시,화요일,대전광역시 동구 용운동,경상사고,0,0,2,0,차대차 - 추돌,안전운전불이행,건조,맑음,단일로 - 기타,승용,남,56세,상해없음,승용,여,40세,경상
2019030500100468,2019년 3월 5일 20시,화요일,대전광역시 유성구 관평동,경상사고,0,0,2,0,차대차 - 정면충돌,중앙선침범,건조,맑음,교차로 - 교차로부근,승용,남,52세,상해없음,승용,여,49세,경상
2019030500100491,2019년 3월 5일 21시,화요일,대전광역시 유성구 봉명동,경상사고,0,0,1,0,차대차 - 측면충돌,교차로운행방법위반,건조,맑음,교차로 - 교차로횡단보도내,승용,여,62세,기타불명,승용,남,57세,경상
2019030500100530,2019년 3월 5일 23시,화요일,대전광역시 중구 태평동,경상사고,0,0,2,0,차대사람 - 횡단중,안전운전불이행,건조,맑음,교차로 - 교차로횡단보도내,승용,여,42세,상해없음,보행자,남,42세,경상
2019030600100036,2019년 3월 6일 01시,수요일,대전광역시 서구 내동,경상사고,0,0,1,0,차대차 - 후진중충돌,안전운전불이행,건조,기타,단일로 - 기타,승용,남,36세,상해없음,승용,남,23세,경상
2019030600100101,2019년 3월 6일 07시,수요일,대전광역시 동구 효동,경상사고,0,0,1,0,차대차 - 측면충돌,신호위반,건조,맑음,교차로 - 교차로안,화물,남,64세,상해없음,화물,남,70세,경상
2019030600100150,2019년 3월 6일 08시,수요일,대전광역시 중구 목동,경상사고,0,0,1,0,차대사람 - 기타,안전운전불이행,건조,맑음,교차로 - 교차로안,승용,여,26세,상해없음,보행자,여,8세,경상
2019030600100151,2019년 3월 6일 08시,수요일,대전광역시 서구 관저동,경상사고,0,0,1,0,차대차 - 측면충돌,과속,건조,맑음,교차로 - 교차로부근,화물,남,35세,상해없음,승용,여,50세,경상
2019030600100152,2019년 3월 6일 08시,수요일,대전광역시 서구 변동,경상사고,0,0,1,0,차대차 - 측면충돌,안전운전불이행,건조,맑음,교차로 - 교차로안,승용,여,47세,상해없음,승용,남,32세,경상
2019030600100181,2019년 3월 6일 09시,수요일,대전광역시 서구 월평동,경상사고,0,0,2,0,차대차 - 기타,중앙선침범,건조,맑음,교차로 - 교차로부근,승용,여,47세,상해없음,승용,남,58세,경상
2019030600100208,2019년 3월 6일 10시,수요일,대전광역시 서구 정림동,경상사고,0,0,1,0,차대차 - 측면충돌,안전운전불이행,건조,맑음,단일로 - 기타,승용,여,24세,상해없음,화물,남,57세,경상
2019030600100238,2019년 3월 6일 11시,수요일,대전광역시 유성구 궁동,경상사고,0,0,1,0,차대차 - 기타,안전거리미확보,건조,맑음,단일로 - 기타,승용,남,64세,상해없음,이륜,남,24세,경상
2019030600100272,2019년 3월 6일 12시,수요일,대전광역시 서구 갈마동,경상사고,0,0,1,0,차대차 - 측면충돌,신호위반,건조,맑음,교차로 - 교차로안,승용,남,36세,상해없음,승용,여,40세,경상
2019030600100294,2019년 3월 6일 13시,수요일,대전광역시 서구 월평동,경상사고,0,0,1,0,차대차 - 측면충돌,안전거리미확보,건조,맑음,교차로 - 교차로부근,화물,남,61세,상해없음,승용,남,50세,경상
2019030600100295,2019년 3월 6일 13시,수요일,대전광역시 유성구 원내동,경상사고,0,0,1,0,차대사람 - 기타,안전운전불이행,건조,맑음,단일로 - 기타,승용,남,48세,상해없음,보행자,여,56세,경상
2019030600100330,2019년 3월 6일 14시,수요일,대전광역시 유성구 구암동,경상사고,0,0,1,0,차량단독 - 기타,안전운전불이행,건조,맑음,단일로 - 기타,승합,남,58세,상해없음,,,,
2019030600100347,2019년 3월 6일 15시,수요일,대전광역시 유성구 도룡동,경상사고,0,0,1,0,차대차 - 추돌,안전운전불이행,건조,맑음,교차로 - 교차로부근,화물,남,62세,상해없음,승용,여,59세,경상
2019030600100383,2019년 3월 6일 16시,수요일,대전광역시 서구 용문동,중상사고,0,1,0,0,차대차 - 기타,신호위반,건조,맑음,교차로 - 교차로안,승용,남,26세,상해없음,이륜,남,57세,중상
2019030600100412,2019년 3월 6일 17시,수요일,대전광역시 동구 대별동,경상사고,0,0,2,0,차대차 - 측면충돌,교차로운행방법위반,건조,맑음,교차로 - 교차로안,화물,남,42세,상해없음,승용,남,49세,경상
2019030600100499,2019년 3월 6일 19시,수요일,대전광역시 서구 도안동,경상사고,0,0,1,0,차대차 - 측면충돌,신호위반,건조,맑음,교차로 - 교차로안,승용,남,34세,기타불명,승용,여,38세,경상
2019030600100577,2019년 3월 6일 22시,수요일,대전광역시 유성구 관평동,경상사고,0,0,1,0,차대차 - 측면충돌,신호위반,건조,맑음,교차로 - 교차로안,승용,남,57세,상해없음,승용,여,48세,경상
2019030700100031,2019년 3월 7일 00시,목요일,대전광역시 서구 월평동,경상사고,0,0,2,0,차대차 - 기타,안전운전불이행,건조,맑음,교차로 - 교차로안,승용,남,29세,상해없음,승용,남,36세,경상
2019030700100040,2019년 3월 7일 01시,목요일,대전광역시 중구 대흥동,경상사고,0,0,1,0,차대차 - 측면충돌,신호위반,건조,맑음,교차로 - 교차로안,승용,남,40세,경상,승용,남,47세,상해없음
2019030700100041,2019년 3월 7일 01시,목요일,대전광역시 서구 용문동,경상사고,0,0,1,0,차대차 - 측면충돌,안전운전불이행,건조,맑음,단일로 - 기타,승용,여,30세,상해없음,승용,남,29세,경상
2019030700100052,2019년 3월 7일 02시,목요일,대전광역시 서구 월평동,경상사고,0,0,4,0,차대차 - 측면충돌,안전운전불이행,건조,맑음,교차로 - 교차로안,승용,남,75세,경상,승합,남,42세,경상
2019030700100107,2019년 3월 7일 07시,목요일,대전광역시 대덕구 오정동,경상사고,0,0,1,0,차대차 - 측면충돌,신호위반,건조,맑음,교차로 - 교차로부근,화물,남,59세,상해없음,승합,남,60세,경상
2019030700100108,2019년 3월 7일 07시,목요일,대전광역시 대덕구 법동,경상사고,0,0,1,0,차대차 - 측면충돌,안전운전불이행,건조,맑음,단일로 - 기타,승용,남,74세,상해없음,승용,남,72세,상해없음
2019030700100154,2019년 3월 7일 08시,목요일,대전광역시 서구 용문동,중상사고,0,1,0,0,차대사람 - 횡단중,안전운전불이행,건조,맑음,단일로 - 기타,승용,남,37세,상해없음,보행자,여,36세,중상
2019030700100205,2019년 3월 7일 10시,목요일,대전광역시 유성구 봉명동,경상사고,0,0,1,0,차대사람 - 기타,안전운전불이행,건조,맑음,단일로 - 기타,승용,남,22세,상해없음,보행자,남,57세,경상
2019030700100261,2019년 3월 7일 12시,목요일,대전광역시 동구 삼성동,중상사고,0,2,1,0,차대차 - 기타,신호위반,건조,맑음,교차로 - 교차로안,화물,남,54세,상해없음,승용,남,60세,중상
2019030700100262,2019년 3월 7일 12시,목요일,대전광역시 서구 월평동,경상사고,0,0,1,0,차대차 - 측면충돌,안전운전불이행,건조,맑음,교차로 - 교차로횡단보도내,화물,남,41세,상해없음,승용,여,25세,경상
2019030700100290,2019년 3월 7일 13시,목요일,대전광역시 서구 월평동,중상사고,0,1,0,0,차대차 - 측면충돌,안전운전불이행,건조,맑음,교차로 - 교차로횡단보도내,승용,남,57세,상해없음,개인형이동수단(PM),남,29세,중상
2019030700100320,2019년 3월 7일 14시,목요일,대전광역시 중구 오류동,경상사고,0,0,2,0,차대차 - 측면충돌,안전거리미확보,건조,맑음,단일로 - 기타,승용,남,26세,상해없음,승용,남,19세,경상
2019030700100321,2019년 3월 7일 14시,목요일,대전광역시 서구 월평동,경상사고,0,0,1,0,차대차 - 측면충돌,교차로운행방법위반,건조,맑음,교차로 - 교차로안,승용,여,30세,상해없음,승용,남,33세,경상
2019030700100392,2019년 3월 7일 16시,목요일,대전광역시 유성구 봉명동,경상사고,0,0,2,0,차대차 - 기타,신호위반,건조,맑음,교차로 - 교차로안,승용,여,48세,상해없음,승용,남,48세,경상
2019030700100471,2019년 3월 7일 18시,목요일,대전광역시 동구 대성동,경상사고,0,0,1,0,차대차 - 기타,안전운전불이행,건조,맑음,단일로 - 기타,승용,여,37세,상해없음,이륜,남,22세,경상
2019030700100472,2019년 3월 7일 18시,목요일,대전광역시 동구 용운동,경상사고,0,0,1,0,차대사람 - 횡단중,안전운전불이행,건조,맑음,교차로 - 교차로횡단보도내,승합,남,40세,상해없음,보행자,남,26세,경상
2019030700100473,2019년 3월 7일 18시,목요일,대전광역시 유성구 구암동,경상사고,0,0,1,0,차대차 - 기타,안전운전불이행,건조,맑음,단일로 - 기타,승용,남,63세,상해없음,승용,남,43세,경상
2019030700100474,2019년 3월 7일 18시,목요일,대전광역시 유성구 장대동,경상사고,0,0,2,0,차대차 - 측면충돌,안전운전불이행,건조,맑음,기타 - 기타,화물,남,56세,상해없음,승용,여,38세,경상
2019030700100550,2019년 3월 7일 20시,목요일,대전광역시 대덕구 중리동,경상사고,0,0,1,0,차대차 - 기타,신호위반,건조,맑음,교차로 - 교차로안,화물,남,63세,상해없음,승용,남,23세,경상
2019030700100551,2019년 3월 7일 20시,목요일,대전광역시 서구 만년동,경상사고,0,0,2,0,차대차 - 추돌,안전거리미확보,건조,맑음,단일로 - 지하차도(도로)내,승용,남,42세,경상,승용,여,53세,경상
2019030700100582,2019년 3월 7일 21시,목요일,대전광역시 중구 오류동,경상사고,0,0,1,0,차대차 - 측면충돌,안전운전불이행,건조,맑음,교차로 - 교차로부근,승용,남,26세,상해없음,승용,여,63세,경상
2019030700100609,2019년 3월 7일 22시,목요일,대전광역시 동구 홍도동,중상사고,0,1,0,0,차대사람 - 횡단중,보행자보호의무위반,건조,맑음,교차로 - 교차로부근,승용,남,37세,상해없음,보행자,여,48세,중상
2019030700100625,2019년 3월 7일 23시,목요일,대전광역시 유성구 장대동,경상사고,0,0,2,0,차대차 - 추돌,중앙선침범,건조,맑음,교차로 - 교차로부근,승용,남,43세,상해없음,승용,남,32세,경상
2019030800100026,2019년 3월 8일 00시,금요일,대전광역시 동구 삼성동,경상사고,0,0,1,0,차대차 - 측면충돌,안전운전불이행,건조,맑음,단일로 - 기타,승용,여,49세,상해없음,승용,남,55세,경상
2019030800100027,2019년 3월 8일 00시,금요일,대전광역시 동구 중동,사망사고,1,0,1,0,차대차 - 측면충돌,중앙선침범,건조,맑음,단일로 - 기타,이륜,남,60세,경상,승용,남,74세,상해없음
2019030800100028,2019년 3월 8일 00시,금요일,대전광역시 서구 월평동,중상사고,0,1,0,0,차대사람 - 차도통행중,안전운전불이행,건조,맑음,단일로 - 기타,승용,남,58세,상해없음,보행자,여,60세,중상
2019030800100029,2019년 3월 8일 00시,금요일,대전광역시 유성구 도룡동,경상사고,0,0,1,0,차대차 - 추돌,안전운전불이행,건조,맑음,단일로 - 기타,이륜,남,17세,경상,승용,기타불명,미분류,기타불명
2019030800100030,2019년 3월 8일 00시,금요일,대전광역시 유성구 구암동,중상사고,0,1,1,0,차대차 - 추돌,안전운전불이행,건조,맑음,교차로 - 교차로부근,승용,남,32세,중상,승용,남,26세,경상
2019030800100051,2019년 3월 8일 04시,금요일,대전광역시 대덕구 덕암동,경상사고,0,0,1,0,차대차 - 기타,안전운전불이행,건조,맑음,단일로 - 기타,화물,남,46세,상해없음,승용,남,59세,경상
2019030800100061,2019년 3월 8일 05시,금요일,대전광역시 서구 변동,경상사고,0,0,1,0,차대차 - 기타,신호위반,건조,맑음,교차로 - 교차로안,승용,남,46세,상해없음,승용,남,64세,경상
2019030800100062,2019년 3월 8일 05시,금요일,대전광역시 서구 탄방동,중상사고,0,1,0,0,차대사람 - 횡단중,신호위반,건조,맑음,교차로 - 교차로횡단보도내,승용,남,64세,상해없음,보행자,남,75세,중상
2019030800100083,2019년 3월 8일 06시,금요일,대전광역시 동구 용전동,경상사고,0,0,3,0,차대차 - 추돌,안전운전불이행,건조,맑음,단일로 - 기타,승용,남,50세,경상,승용,남,66세,기타불명
2019030800100084,2019년 3월 8일 06시,금요일,대전광역시 서구 월평동,경상사고,0,0,1,0,차대차 - 추돌,안전운전불이행,건조,맑음,단일로 - 교량,승용,남,23세,상해없음,승용,남,56세,경상
2019030800100085,2019년 3월 8일 06시,금요일,대전광역시 유성구 봉명동,경상사고,0,0,1,0,차대차 - 측면충돌,신호위반,건조,맑음,교차로 - 교차로안,승용,여,61세,상해없음,승용,남,61세,경상
2019030800100086,2019년 3월 8일 06시,금요일,대전광역시 유성구 구암동,사망사고,1,0,1,0,차대차 - 측면충돌,신호위반,건조,맑음,교차로 - 교차로안,화물,남,65세,사망,승합,남,74세,경상
2019030800100198,2019년 3월 8일 09시,금요일,대전광역시 유성구 봉명동,경상사고,0,0,1,0,차대차 - 기타,안전거리미확보,건조,맑음,단일로 - 기타,승용,여,55세,상해없음,승용,남,38세,경상
2019030800100238,2019년 3월 8일 10시,금요일,대전광역시 대덕구 신탄진동,경상사고,0,0,2,0,차대차 - 기타,안전운전불이행,건조,맑음,교차로 - 교차로안,승용,남,83세,상해없음,승용,여,50세,경상
2019030800100279,2019년 3월 8일 11시,금요일,대전광역시 서구 복수동,중상사고,0,1,0,0,차대차 - 측면충돌,신호위반,건조,맑음,교차로 - 교차로횡단보도내,건설기계,남,31세,상해없음,자전거,남,57세,중상
2019030800100280,2019년 3월 8일 11시,금요일,대전광역시 서구 용문동,경상사고,0,0,2,0,차대차 - 측면충돌,교차로운행방법위반,건조,맑음,교차로 - 교차로부근,승용,남,59세,상해없음,승용,남,38세,경상
2019030800100331,2019년 3월 8일 12시,금요일,대전광역시 대덕구 대화동,경상사고,0,0,1,0,차대차 - 추돌,안전운전불이행,건조,맑음,단일로 - 기타,화물,남,53세,상해없음,승용,남,37세,경상
2019030800100362,2019년 3월 8일 13시,금요일,대전광역시 동구 성남동,경상사고,0,0,1,0,차대차 - 기타,차로위반,건조,맑음,단일로 - 기타,화물,남,52세,상해없음,화물,남,61세,경상
2019030800100394,2019년 3월 8일 14시,금요일,대전광역시 중구 유천동,경상사고,0,0,1,0,차대차 - 추돌,신호위반,건조,맑음,단일로 - 기타,승용,여,58세,상해없음,승용,남,48세,경상
2019030800100430,2019년 3월 8일 15시,금요일,대전광역시 중구 부사동,경상사고,0,0,1,0,차대차 - 측면충돌,안전운전불이행,건조,맑음,교차로 - 교차로안,승용,여,62세,상해없음,화물,남,49세,경상
2019030800100471,2019년 3월 8일 16시,금요일,대전광역시 중구 대흥동,경상사고,0,0,1,0,차대차 - 측면충돌,안전거리미확보,건조,맑음,단일로 - 기타,승용,여,50세,상해없음,승용,남,42세,경상
2019030800100515,2019년 3월 8일 17시,금요일,대전광역시 유성구 장대동,경상사고,0,0,1,0,차대차 - 기타,안전운전불이행,건조,맑음,단일로 - 기타,승용,남,66세,상해없음,승용,여,26세,경상
2019030800100516,2019년 3월 8일 17시,금요일,대전광역시 유성구 노은동,경상사고,0,0,1,0,차대사람 - 기타,안전운전불이행,건조,맑음,교차로 - 교차로안,승용,여,48세,상해없음,보행자,남,43세,경상
2019030800100574,2019년 3월 8일 18시,금요일,대전광역시 서구 둔산동,경상사고,0,0,2,0,차대차 - 측면충돌,안전거리미확보,건조,맑음,교차로 - 교차로부근,화물,남,48세,상해없음,승용,남,65세,경상
2019030800100575,2019년 3월 8일 18시,금요일,대전광역시 서구 둔산동,경상사고,0,0,2,0,차대차 - 측면충돌,안전운전불이행,건조,맑음,교차로 - 교차로안,승용,남,40세,상해없음,승용,남,59세,경상
2019030800100624,2019년 3월 8일 19시,금요일,대전광역시 서구 갈마동,경상사고,0,0,2,0,차대차 - 측면충돌,안전운전불이행,건조,맑음,교차로 - 교차로부근,승합,남,22세,상해없음,승용,남,31세,경상
2019030800100625,2019년 3월 8일 19시,금요일,대전광역시 서구 갈마동,경상사고,0,0,1,0,차대차 - 추돌,안전거리미확보,건조,맑음,단일로 - 기타,승용,남,44세,상해없음,승용,남,52세,경상
2019030800100626,2019년 3월 8일 19시,금요일,대전광역시 유성구 봉명동,경상사고,0,0,1,0,차대차 - 기타,신호위반,건조,맑음,교차로 - 교차로안,승용,여,58세,상해없음,이륜,남,22세,경상
2019030800100627,2019년 3월 8일 19시,금요일,대전광역시 유성구 신성동,경상사고,0,0,5,0,차대차 - 기타,교차로운행방법위반,건조,맑음,교차로 - 교차로안,승용,남,28세,상해없음,승용,남,30세,경상
2019030800100628,2019년 3월 8일 19시,금요일,대전광역시 유성구 송강동,경상사고,0,0,1,0,차대차 - 기타,안전운전불이행,건조,맑음,교차로 - 교차로부근,승용,남,51세,상해없음,승용,남,63세,경상
2019030800100665,2019년 3월 8일 20시,금요일,대전광역시 서구 변동,중상사고,0,1,0,0,차대사람 - 기타,안전운전불이행,건조,맑음,교차로 - 교차로부근,화물,남,70세,상해없음,보행자,남,74세,중상
2019030800100666,2019년 3월 8일 20시,금요일,대전광역시 유성구 노은동,경상사고,0,0,1,0,차대차 - 기타,안전운전불이행,건조,맑음,교차로 - 교차로부근,이륜,남,47세,상해없음,승용,여,52세,경상
2019030800100683,2019년 3월 8일 21시,금요일,대전광역시 중구 용두동,경상사고,0,0,1,0,차대사람 - 횡단중,보행자보호의무위반,건조,맑음,교차로 - 교차로횡단보도내,승용,남,63세,상해없음,보행자,여,68세,경상
2019030800100684,2019년 3월 8일 21시,금요일,대전광역시 동구 용전동,경상사고,0,0,1,0,차대사람 - 기타,안전운전불이행,건조,맑음,교차로 - 교차로부근,승용,여,62세,상해없음,보행자,여,69세,경상
2019030800100685,2019년 3월 8일 21시,금요일,대전광역시 서구 괴정동,경상사고,0,0,1,0,차대차 - 추돌,안전운전불이행,건조,맑음,단일로 - 기타,승용,남,49세,상해없음,승용,남,50세,경상
2019030800100686,2019년 3월 8일 21시,금요일,대전광역시 서구 월평동,경상사고,0,0,1,0,차대차 - 측면충돌,안전거리미확보,건조,맑음,단일로 - 기타,승용,남,62세,상해없음,승용,남,65세,경상
2019030800100687,2019년 3월 8일 21시,금요일,대전광역시 서구 월평동,중상사고,0,1,0,0,차대사람 - 횡단중,안전운전불이행,건조,맑음,단일로 - 기타,승용,남,65세,상해없음,보행자,여,81세,중상
2019030800100688,2019년 3월 8일 21시,금요일,대전광역시 서구 둔산동,경상사고,0,0,1,0,차대사람 - 기타,안전운전불이행,건조,맑음,기타 - 기타,기타불명,기타불명,미분류,기타불명,보행자,여,34세,경상
2019030800100711,2019년 3월 8일 22시,금요일,대전광역시 중구 선화동,중상사고,0,1,0,0,차대차 - 측면충돌,안전운전불이행,건조,맑음,교차로 - 교차로안,승용,여,44세,상해없음,승용,여,56세,중상
2019030800100712,2019년 3월 8일 22시,금요일,대전광역시 서구 가장동,경상사고,0,0,1,0,차대차 - 기타,안전거리미확보,건조,맑음,단일로 - 기타,승용,남,56세,상해없음,승용,남,34세,경상
2019030800100729,2019년 3월 8일 23시,금요일,대전광역시 서구 갈마동,경상사고,0,0,1,0,차대차 - 추돌,안전운전불이행,건조,맑음,교차로 - 교차로부근,화물,남,63세,상해없음,승용,남,40세,경상
2019030900100053,2019년 3월 9일 01시,토요일,대전광역시 서구 둔산동,경상사고,0,0,1,0,차대차 - 측면충돌,신호위반,건조,맑음,단일로 - 기타,승용,남,52세,상해없음,승용,여,51세,경상
2019030900100069,2019년 3월 9일 02시,토요일,대전광역시 대덕구 비래동,경상사고,0,0,3,0,차대차 - 기타,중앙선침범,건조,기타,교차로 - 교차로부근,승용,남,20세,상해없음,승용,남,20세,경상