사고번호,사고일시,요일,시군구,사고내용,사망자수,중상자수,경상자수,부상신고자수,사고유형,법규위반,노면상태,기상상태,도로형태,가해운전자 차종,가해운전자 성별,가해운전자 연령,가해운전자 상해정도,피해운전자 차종,피해운전자 성별,피해운전자 연령,피해운전자 상해정도
2019031500100304,2019년 3월 15일 13시,금요일,대전광역시 중구 선화동,중상사고,0,1,0,0,차대사람 - 횡단중,신호위반,젖음/습기,비,단일로 - 기타,승용,여,56세,상해없음,보행자,여,35세,중상
2019031500100341,2019년 3월 15일 14시,금요일,대전광역시 중구 대사동,경상사고,0,0,2,0,차대차 - 측면충돌,신호위반,건조,맑음,단일로 - 기타,화물,여,62세,상해없음,승용,여,69세,경상
2019031500100380,2019년 3월 15일 15시,금요일,대전광역시 유성구 장대동,경상사고,0,0,1,0,차대차 - 추돌,안전운전불이행,건조,맑음,단일로 - 기타,승용,남,61세,상해없음,이륜,남,32세,경상
2019031500100431,2019년 3월 15일 16시,금요일,대전광역시 중구 오류동,경상사고,0,0,2,0,차대차 - 추돌,안전거리미확보,건조,맑음,단일로 - 기타,승용,남,66세,상해없음,승용,여,34세,경상
2019031500100432,2019년 3월 15일 16시,금요일,대전광역시 대덕구 오정동,경상사고,0,0,1,0,차대차 - 기타,안전운전불이행,건조,맑음,단일로 - 기타,자전거,여,43세,경상,승용,남,60세,상해없음
2019031500100588,2019년 3월 15일 19시,금요일,대전광역시 중구 대흥동,경상사고,0,0,1,0,차대사람 - 횡단중,보행자보호의무위반,건조,맑음,교차로 - 교차로횡단보도내,승합,남,56세,상해없음,보행자,남,49세,경상
2019031500100589,2019년 3월 15일 19시,금요일,대전광역시 동구 가양동,경상사고,0,0,1,0,차대차 - 기타,안전운전불이행,건조,맑음,교차로 - 교차로안,승용,남,55세,상해없음,승용,남,23세,경상
2019031500100590,2019년 3월 15일 19시,금요일,대전광역시 유성구 방동,경상사고,0,0,1,0,차대차 - 추돌,안전운전불이행,건조,맑음,단일로 - 기타,승용,여,72세,상해없음,승용,남,31세,경상
2019031500100591,2019년 3월 15일 19시,금요일,대전광역시 유성구 봉명동,중상사고,0,1,0,0,차대사람 - 기타,신호위반,젖음/습기,비,단일로 - 기타,승용,남,33세,상해없음,보행자,남,72세,중상
2019031500100635,2019년 3월 15일 20시,금요일,대전광역시 동구 가오동,경상사고,0,0,2,0,차대차 - 추돌,안전운전불이행,젖음/습기,비,단일로 - 기타,승용,남,37세,상해없음,승용,남,25세,경상
2019031500100636,2019년 3월 15일 20시,금요일,대전광역시 대덕구 평촌동,경상사고,0,0,1,0,차대차 - 기타,안전운전불이행,건조,맑음,교차로 - 교차로부근,승용,남,61세,상해없음,승용,남,39세,경상
2019031500100637,2019년 3월 15일 20시,금요일,대전광역시 유성구 장대동,중상사고,0,1,0,0,차대차 - 기타,신호위반,건조,맑음,교차로 - 교차로안,승용,남,27세,상해없음,이륜,남,57세,중상
2019031500100673,2019년 3월 15일 21시,금요일,대전광역시 중구 석교동,경상사고,0,0,2,0,차대차 - 기타,안전운전불이행,젖음/습기,비,교차로 - 교차로안,승합,남,61세,상해없음,승용,여,56세,경상
2019031500100674,2019년 3월 15일 21시,금요일,대전광역시 중구 부사동,부상신고사고,0,0,0,1,차대사람 - 횡단중,보행자보호의무위반,젖음/습기,눈,교차로 - 교차로부근,승용,남,56세,상해없음,보행자,남,17세,부상신고
2019031500100675,2019년 3월 15일 21시,금요일,대전광역시 서구 둔산동,경상사고,0,0,5,0,차대차 - 추돌,신호위반,건조,맑음,교차로 - 교차로안,승용,남,60세,상해없음,승용,여,28세,경상
2019031500100676,2019년 3월 15일 21시,금요일,대전광역시 유성구 봉명동,경상사고,0,0,2,0,차대차 - 측면충돌,신호위반,젖음/습기,비,교차로 - 교차로안,승용,남,49세,상해없음,승용,남,29세,경상
2019031500100711,2019년 3월 15일 22시,금요일,대전광역시 대덕구 비래동,경상사고,0,0,1,0,차대차 - 추돌,안전운전불이행,건조,흐림,단일로 - 기타,화물,남,42세,상해없음,승용,여,62세,경상
2019031500100712,2019년 3월 15일 22시,금요일,대전광역시 유성구 원내동,경상사고,0,0,1,0,차대차 - 측면충돌,신호위반,젖음/습기,비,교차로 - 교차로안,승용,여,56세,상해없음,승용,여,38세,경상
2019031500100735,2019년 3월 15일 23시,금요일,대전광역시 유성구 노은동,경상사고,0,0,1,0,차대차 - 추돌,안전운전불이행,젖음/습기,흐림,단일로 - 교량,승용,남,40세,상해없음,이륜,남,45세,경상
2019031600100063,2019년 3월 16일 01시,토요일,대전광역시 서구 둔산동,경상사고,0,0,1,0,차대차 - 측면충돌,직진우회전진행방해,건조,흐림,교차로 - 교차로안,승용,남,55세,상해없음,승용,여,39세,경상
2019031600100076,2019년 3월 16일 02시,토요일,대전광역시 유성구 노은동,경상사고,0,0,2,0,차대차 - 측면충돌,교차로운행방법위반,건조,맑음,교차로 - 교차로안,승용,남,28세,상해없음,승용,남,63세,경상
2019031600100085,2019년 3월 16일 03시,토요일,대전광역시 서구 내동,경상사고,0,0,1,0,차대차 - 측면충돌,안전운전불이행,건조,맑음,교차로 - 교차로부근,승용,남,28세,상해없음,승용,남,58세,상해없음
2019031600100096,2019년 3월 16일 04시,토요일,대전광역시 서구 괴정동,중상사고,0,1,2,0,차대차 - 측면충돌,신호위반,건조,맑음,교차로 - 교차로안,승용,남,25세,상해없음,승용,남,62세,중상
2019031600100108,2019년 3월 16일 05시,토요일,대전광역시 유성구 노은동,경상사고,0,0,2,0,차대차 - 측면충돌,신호위반,건조,맑음,교차로 - 교차로안,승용,남,26세,상해없음,승용,남,63세,경상
2019031600100118,2019년 3월 16일 06시,토요일,대전광역시 대덕구 덕암동,경상사고,0,0,1,0,차대차 - 추돌,안전운전불이행,건조,맑음,단일로 - 기타,승용,남,69세,상해없음,승용,여,65세,경상
2019031600100191,2019년 3월 16일 09시,토요일,대전광역시 동구 천동,경상사고,0,0,1,0,차량단독 - 주/정차차량 충돌,안전운전불이행,건조,맑음,교차로 - 교차로부근,승용,여,67세,경상,,,,
2019031600100221,2019년 3월 16일 10시,토요일,대전광역시 동구 원동,경상사고,0,0,1,0,차대사람 - 길가장자리구역통행중,안전운전불이행,건조,맑음,교차로 - 교차로부근,승용,여,61세,상해없음,보행자,여,61세,경상
2019031600100260,2019년 3월 16일 11시,토요일,대전광역시 동구 비룡동,경상사고,0,0,1,0,차대차 - 측면충돌,안전운전불이행,건조,맑음,단일로 - 기타,승용,여,31세,상해없음,화물,남,53세,경상
2019031600100292,2019년 3월 16일 12시,토요일,대전광역시 동구 성남동,경상사고,0,0,2,0,차대차 - 기타,안전운전불이행,건조,맑음,교차로 - 교차로안,승용,남,57세,상해없음,승용,여,45세,경상
2019031600100293,2019년 3월 16일 12시,토요일,대전광역시 동구 가오동,경상사고,0,0,1,0,차대차 - 측면충돌,안전운전불이행,건조,맑음,단일로 - 기타,승용,남,32세,상해없음,이륜,남,36세,경상
2019031600100294,2019년 3월 16일 12시,토요일,대전광역시 서구 둔산동,경상사고,0,0,1,0,차대차 - 추돌,안전거리미확보,건조,맑음,교차로 - 교차로부근,이륜,남,39세,상해없음,승용,남,30세,경상
2019031600100337,2019년 3월 16일 13시,토요일,대전광역시 유성구 구암동,중상사고,0,1,0,0,차대차 - 추돌,안전운전불이행,건조,맑음,단일로 - 기타,승용,남,60세,상해없음,승용,여,57세,중상
2019031600100371,2019년 3월 16일 14시,토요일,대전광역시 유성구 장대동,중상사고,0,2,1,0,차대차 - 측면충돌,안전운전불이행,건조,맑음,단일로 - 기타,승용,여,57세,상해없음,승용,여,39세,중상
2019031600100411,2019년 3월 16일 15시,토요일,대전광역시 대덕구 목상동,경상사고,0,0,1,0,차대차 - 기타,교차로운행방법위반,건조,맑음,교차로 - 교차로안,승용,여,56세,상해없음,승용,남,29세,경상
2019031600100519,2019년 3월 16일 19시,토요일,대전광역시 동구 구도동,경상사고,0,0,3,0,차대차 - 기타,안전운전불이행,건조,맑음,기타 - 기타,기타불명,기타불명,미분류,기타불명,승용,여,45세,경상
2019031600100537,2019년 3월 16일 19시,토요일,대전광역시 동구 용전동,경상사고,0,0,2,0,차대차 - 측면충돌,교차로운행방법위반,건조,맑음,교차로 - 교차로안,승용,남,22세,경상,승용,남,26세,경상
2019031600100538,2019년 3월 16일 19시,토요일,대전광역시 서구 갈마동,중상사고,0,2,2,0,차대차 - 측면충돌,안전운전불이행,건조,맑음,교차로 - 교차로안,승용,남,31세,상해없음,승용,남,56세,중상
2019031600100539,2019년 3월 16일 19시,토요일,대전광역시 유성구 장대동,중상사고,0,1,0,0,차대사람 - 횡단중,안전운전불이행,건조,맑음,단일로 - 기타,화물,남,64세,상해없음,보행자,남,72세,중상
2019031600100565,2019년 3월 16일 20시,토요일,대전광역시 서구 도마동,경상사고,0,0,1,0,차대차 - 정면충돌,중앙선침범,건조,맑음,단일로 - 기타,이륜,남,45세,상해없음,이륜,남,35세,경상
2019031600100566,2019년 3월 16일 20시,토요일,대전광역시 서구 둔산동,경상사고,0,0,1,0,차대사람 - 횡단중,보행자보호의무위반,건조,맑음,교차로 - 교차로횡단보도내,승합,남,19세,상해없음,보행자,여,34세,경상
2019031600100604,2019년 3월 16일 22시,토요일,대전광역시 중구 은행동,경상사고,0,0,2,0,차대차 - 측면충돌,안전거리미확보,건조,맑음,단일로 - 기타,승용,남,72세,상해없음,승용,남,30세,상해없음
2019031600100605,2019년 3월 16일 22시,토요일,대전광역시 동구 판암동,경상사고,0,0,7,0,차대차 - 추돌,안전운전불이행,건조,맑음,교차로 - 교차로부근,승용,남,77세,상해없음,승용,남,66세,경상
2019031600100622,2019년 3월 16일 23시,토요일,대전광역시 동구 삼성동,경상사고,0,0,2,0,차대차 - 추돌,안전거리미확보,건조,맑음,단일로 - 기타,승용,남,32세,상해없음,승용,남,26세,경상
2019031600100623,2019년 3월 16일 23시,토요일,대전광역시 서구 둔산동,중상사고,0,1,0,1,차대차 - 기타,신호위반,건조,맑음,교차로 - 교차로안,승용,여,45세,기타불명,승용,남,50세,중상
2019031700100076,2019년 3월 17일 03시,일요일,대전광역시 서구 둔산동,경상사고,0,0,1,0,차대사람 - 기타,안전운전불이행,건조,맑음,단일로 - 기타,승용,여,24세,상해없음,보행자,여,26세,경상
2019031700100124,2019년 3월 17일 08시,일요일,대전광역시 서구 가수원동,경상사고,0,0,1,0,차대차 - 기타,안전운전불이행,건조,맑음,교차로 - 교차로안,이륜,남,72세,상해없음,승용,남,43세,경상
2019031700100125,2019년 3월 17일 08시,일요일,대전광역시 유성구 봉명동,중상사고,0,1,0,0,차량단독 - 기타,안전운전불이행,건조,맑음,단일로 - 기타,승합,남,63세,상해없음,,,,
2019031700100141,2019년 3월 17일 09시,일요일,대전광역시 동구 대동,경상사고,0,0,1,0,차대차 - 기타,안전운전불이행,건조,맑음,단일로 - 기타,승용,남,63세,상해없음,이륜,남,58세,경상
2019031700100162,2019년 3월 17일 10시,일요일,대전광역시 중구 태평동,경상사고,0,0,1,0,차대사람 - 기타,보행자보호의무위반,건조,맑음,교차로 - 교차로횡단보도내,승용,여,49세,상해없음,보행자,여,30세,경상
2019031700100163,2019년 3월 17일 10시,일요일,대전광역시 서구 만년동,경상사고,0,0,1,0,차대차 - 측면충돌,안전거리미확보,건조,맑음,단일로 - 기타,화물,남,65세,상해없음,이륜,남,23세,경상
2019031700100218,2019년 3월 17일 12시,일요일,대전광역시 유성구 원신흥동,경상사고,0,0,2,0,차대차 - 기타,안전거리미확보,건조,맑음,단일로 - 기타,승용,여,55세,상해없음,승용,남,34세,경상
2019031700100260,2019년 3월 17일 13시,일요일,대전광역시 서구 용문동,경상사고,0,0,1,0,차대사람 - 기타,안전운전불이행,건조,맑음,단일로 - 기타,승용,남,29세,상해없음,보행자,남,56세,경상
2019031700100296,2019년 3월 17일 14시,일요일,대전광역시 유성구 방동,경상사고,0,0,2,0,차대차 - 추돌,안전거리미확보,건조,맑음,단일로 - 기타,승용,남,53세,상해없음,승용,여,68세,경상
2019031700100297,2019년 3월 17일 14시,일요일,대전광역시 유성구 봉명동,경상사고,0,0,1,0,차대차 - 기타,교차로운행방법위반,건조,맑음,교차로 - 교차로안,승용,여,49세,기타불명,승용,여,35세,경상
2019031700100322,2019년 3월 17일 15시,일요일,대전광역시 서구 복수동,경상사고,0,0,1,0,차대차 - 측면충돌,교차로운행방법위반,건조,맑음,교차로 - 교차로부근,승용,남,70세,기타불명,승용,남,27세,경상
2019031700100381,2019년 3월 17일 17시,일요일,대전광역시 서구 둔산동,경상사고,0,0,1,0,차대차 - 후진중충돌,안전운전불이행,건조,맑음,교차로 - 교차로안,승용,여,46세,상해없음,승용,여,30세,경상
2019031700100439,2019년 3월 17일 19시,일요일,대전광역시 서구 탄방동,경상사고,0,0,1,0,차대차 - 기타,안전운전불이행,건조,맑음,단일로 - 기타,승용,남,68세,상해없음,이륜,남,37세,경상
2019031700100458,2019년 3월 17일 20시,일요일,대전광역시 대덕구 오정동,중상사고,0,1,4,0,차대차 - 기타,신호위반,건조,맑음,교차로 - 교차로부근,승용,남,47세,상해없음,승합,남,50세,경상
2019031700100486,2019년 3월 17일 21시,일요일,대전광역시 동구 성남동,경상사고,0,0,3,0,차대차 - 추돌,안전운전불이행,건조,맑음,교차로 - 교차로안,승합,남,35세,상해없음,승용,남,57세,경상
2019031700100501,2019년 3월 17일 22시,일요일,대전광역시 유성구 봉명동,경상사고,0,0,1,0,차대차 - 측면충돌,안전운전불이행,건조,맑음,단일로 - 기타,승용,남,39세,상해없음,승용,남,46세,상해없음
2019031800100103,2019년 3월 18일 07시,월요일,대전광역시 중구 용두동,경상사고,0,0,2,0,차대차 - 측면충돌,안전거리미확보,건조,맑음,단일로 - 기타,승용,여,34세,상해없음,승용,남,50세,경상
2019031800100104,2019년 3월 18일 07시,월요일,대전광역시 서구 내동,경상사고,0,0,1,0,차대사람 - 횡단중,보행자보호의무위반,건조,맑음,교차로 - 교차로횡단보도내,승용,남,66세,상해없음,보행자,여,16세,경상
2019031800100149,2019년 3월 18일 08시,월요일,대전광역시 동구 가양동,경상사고,0,0,1,0,차대사람 - 기타,안전운전불이행,건조,맑음,단일로 - 기타,승용,남,22세,상해없음,보행자,남,70세,경상
2019031800100150,2019년 3월 18일 08시,월요일,대전광역시 유성구 봉명동,경상사고,0,0,2,0,차대차 - 측면충돌,교차로운행방법위반,건조,맑음,교차로 - 교차로안,승용,남,49세,경상,승용,여,58세,경상
2019031800100186,2019년 3월 18일 09시,월요일,대전광역시 동구 가양동,경상사고,0,0,1,0,차대차 - 기타,교차로운행방법위반,건조,맑음,교차로 - 교차로안,화물,남,64세,상해없음,승용,여,60세,경상
2019031800100187,2019년 3월 18일 09시,월요일,대전광역시 동구 가양동,중상사고,0,1,0,0,차대차 - 기타,안전운전불이행,건조,맑음,교차로 - 교차로부근,승용,여,56세,상해없음,자전거,남,62세,중상
2019031800100209,2019년 3월 18일 10시,월요일,대전광역시 중구 석교동,중상사고,0,1,0,0,차대차 - 측면충돌,신호위반,건조,맑음,교차로 - 교차로안,승용,남,62세,상해없음,자전거,남,56세,중상
2019031800100210,2019년 3월 18일 10시,월요일,대전광역시 중구 유천동,중상사고,0,1,0,0,차대사람 - 보도통행중,기타,건조,맑음,교차로 - 교차로부근,승용,남,53세,상해없음,보행자,여,27세,중상
2019031800100211,2019년 3월 18일 10시,월요일,대전광역시 서구 관저동,중상사고,0,1,0,0,차량단독 - 기타,안전운전불이행,건조,맑음,단일로 - 기타,승합,남,51세,상해없음,,,,
2019031800100243,2019년 3월 18일 11시,월요일,대전광역시 동구 중동,경상사고,0,0,1,0,차대차 - 기타,안전운전불이행,건조,맑음,교차로 - 교차로안,이륜,남,41세,경상,승용,남,64세,상해없음
2019031800100244,2019년 3월 18일 11시,월요일,대전광역시 유성구 반석동,경상사고,0,0,1,0,차대차 - 추돌,안전운전불이행,건조,맑음,단일로 - 기타,건설기계,남,61세,상해없음,승용,여,42세,경상
2019031800100352,2019년 3월 18일 15시,월요일,대전광역시 동구 가양동,경상사고,0,0,1,0,차대차 - 추돌,안전운전불이행,건조,맑음,교차로 - 교차로부근,승용,남,49세,상해없음,승용,남,61세,경상
2019031800100353,2019년 3월 18일 15시,월요일,대전광역시 서구 월평동,경상사고,0,0,2,0,차대차 - 기타,안전거리미확보,건조,맑음,단일로 - 교량,승용,여,51세,상해없음,승용,남,26세,경상
2019031800100395,2019년 3월 18일 16시,월요일,대전광역시 서구 둔산동,경상사고,0,0,1,0,차대사람 - 기타,안전운전불이행,건조,맑음,단일로 - 기타,승용,여,66세,상해없음,보행자,여,24세,경상
2019031800100396,2019년 3월 18일 16시,월요일,대전광역시 유성구 신성동,경상사고,0,0,2,0,차대차 - 기타,안전거리미확보,건조,맑음,단일로 - 기타,승용,여,43세,상해없음,승용,남,33세,경상
2019031800100498,2019년 3월 18일 19시,월요일,대전광역시 대덕구 대화동,경상사고,0,0,1,0,차대차 - 기타,안전운전불이행,건조,맑음,단일로 - 기타,승합,남,47세,기타불명,승용,남,41세,경상
2019031800100499,2019년 3월 18일 19시,월요일,대전광역시 유성구 궁동,경상사고,0,0,1,0,차대차 - 기타,안전운전불이행,건조,맑음,단일로 - 지하차도(도로)내,승용,여,47세,상해없음,승용,여,40세,경상
2019031800100521,2019년 3월 18일 20시,월요일,대전광역시 동구 중동,경상사고,0,0,1,0,차대차 - 측면충돌,안전운전불이행,건조,맑음,교차로 - 교차로안,승용,남,62세,상해없음,승용,남,49세,상해없음
2019031800100522,2019년 3월 18일 20시,월요일,대전광역시 서구 탄방동,경상사고,0,0,1,0,차대차 - 측면충돌,안전운전불이행,건조,맑음,단일로 - 기타,승용,남,75세,상해없음,승용,남,46세,경상
2019031800100569,2019년 3월 18일 22시,월요일,대전광역시 서구 갈마동,경상사고,0,0,1,0,차대사람 - 길가장자리구역통행중,안전운전불이행,건조,맑음,단일로 - 기타,기타불명,기타불명,미분류,기타불명,보행자,남,22세,경상
2019031800100590,2019년 3월 18일 23시,월요일,대전광역시 서구 가장동,경상사고,0,0,3,0,차대차 - 측면충돌,신호위반,건조,맑음,교차로 - 교차로안,승용,남,54세,상해없음,승용,남,46세,경상
2019031800100591,2019년 3월 18일 23시,월요일,대전광역시 대덕구 목상동,경상사고,0,0,2,0,차대차 - 후진중충돌,안전운전불이행,건조,맑음,교차로 - 교차로부근,화물,남,56세,상해없음,승용,남,53세,경상
2019031900100032,2019년 3월 19일 00시,화요일,대전광역시 대덕구 와동,중상사고,0,1,0,0,차대사람 - 기타,안전운전불이행,건조,맑음,단일로 - 기타,승용,남,69세,상해없음,보행자,여,21세,중상
2019031900100033,2019년 3월 19일 00시,화요일,대전광역시 유성구 구암동,경상사고,0,0,1,0,차대차 - 기타,안전운전불이행,건조,맑음,단일로 - 기타,승용,남,25세,상해없음,승용,남,43세,경상
2019031900100048,2019년 3월 19일 02시,화요일,대전광역시 서구 탄방동,경상사고,0,0,1,0,차대사람 - 보도통행중,기타,건조,맑음,단일로 - 기타,승용,남,40세,상해없음,보행자,남,31세,경상
2019031900100062,2019년 3월 19일 04시,화요일,대전광역시 중구 옥계동,경상사고,0,0,1,0,차대차 - 추돌,안전거리미확보,건조,맑음,단일로 - 기타,화물,남,42세,상해없음,승합,남,46세,경상
2019031900100114,2019년 3월 19일 07시,화요일,대전광역시 서구 내동,경상사고,0,0,1,0,차대차 - 기타,안전운전불이행,건조,맑음,교차로 - 교차로안,승용,남,65세,상해없음,승용,남,54세,경상
2019031900100177,2019년 3월 19일 09시,화요일,대전광역시 동구 대동,경상사고,0,0,1,0,차대차 - 측면충돌,중앙선침범,건조,맑음,교차로 - 교차로부근,승용,남,71세,상해없음,승용,남,72세,경상
2019031900100196,2019년 3월 19일 10시,화요일,대전광역시 서구 변동,경상사고,0,0,1,0,차대차 - 측면충돌,안전거리미확보,건조,맑음,교차로 - 교차로부근,승용,여,61세,상해없음,승용,남,24세,경상
2019031900100197,2019년 3월 19일 10시,화요일,대전광역시 유성구 가정동,경상사고,0,0,2,0,차대차 - 추돌,안전운전불이행,건조,맑음,교차로 - 교차로부근,승용,남,79세,상해없음,승용,남,72세,경상
2019031900100276,2019년 3월 19일 13시,화요일,대전광역시 동구 용전동,경상사고,0,0,1,0,차대차 - 추돌,안전운전불이행,건조,맑음,교차로 - 교차로부근,승용,남,27세,상해없음,승용,남,70세,경상
2019031900100341,2019년 3월 19일 15시,화요일,대전광역시 동구 원동,경상사고,0,0,1,0,차대차 - 기타,직진우회전진행방해,건조,맑음,교차로 - 교차로안,승용,여,50세,상해없음,승용,여,64세,경상
2019031900100342,2019년 3월 19일 15시,화요일,대전광역시 서구 용문동,경상사고,0,0,1,0,차대사람 - 길가장자리구역통행중,안전운전불이행,건조,맑음,단일로 - 기타,승용,여,49세,상해없음,보행자,남,56세,경상
2019031900100371,2019년 3월 19일 16시,화요일,대전광역시 유성구 궁동,경상사고,0,0,1,0,차대차 - 추돌,안전운전불이행,건조,맑음,단일로 - 기타,승용,여,58세,상해없음,화물,여,44세,경상
2019031900100471,2019년 3월 19일 19시,화요일,대전광역시 중구 사정동,중상사고,0,1,0,0,차대차 - 측면충돌,안전운전불이행,건조,흐림,단일로 - 기타,기타불명,기타불명,미분류,기타불명,자전거,남,63세,중상
2019031900100472,2019년 3월 19일 19시,화요일,대전광역시 서구 괴정동,경상사고,0,0,1,0,차대차 - 측면충돌,안전운전불이행,건조,맑음,기타 - 기타,승용,남,33세,상해없음,이륜,남,42세,경상
2019031900100473,2019년 3월 19일 19시,화요일,대전광역시 서구 탄방동,경상사고,0,0,2,1,차대차 - 측면충돌,교차로운행방법위반,건조,맑음,교차로 - 교차로안,승용,여,36세,경상,이륜,남,21세,부상신고
2019031900100497,2019년 3월 19일 20시,화요일,대전광역시 중구 태평동,경상사고,0,0,1,0,차대사람 - 보도통행중,보행자보호의무위반,건조,맑음,교차로 - 교차로안,이륜,남,46세,상해없음,보행자,남,36세,경상
2019031900100538,2019년 3월 19일 22시,화요일,대전광역시 동구 용전동,중상사고,0,1,0,0,차대차 - 기타,신호위반,건조,맑음,단일로 - 기타,승용,남,25세,상해없음,이륜,남,42세,중상
2019032000100222,2019년 3월 20일 10시,수요일,대전광역시 서구 둔산동,중상사고,0,1,0,0,차대사람 - 기타,보행자보호의무위반,건조,맑음,교차로 - 교차로횡단보도내,승용,여,46세,상해없음,보행자,남,90세 이상,중상
2019032000100241,2019년 3월 20일 11시,수요일,대전광역시 유성구 궁동,경상사고,0,0,1,0,차대사람 - 기타,안전운전불이행,건조,흐림,교차로 - 교차로부근,화물,남,59세,상해없음,보행자,여,61세,경상
2019032000100242,2019년 3월 20일 11시,수요일,대전광역시 유성구 신성동,경상사고,0,0,1,0,차대차 - 추돌,안전운전불이행,건조,맑음,교차로 - 교차로부근,승용,여,33세,상해없음,승용,남,45세,경상
2019032000100264,2019년 3월 20일 12시,수요일,대전광역시 대덕구 상서동,경상사고,0,0,2,0,차대차 - 정면충돌,안전운전불이행,건조,맑음,교차로 - 교차로안,승용,남,53세,상해없음,화물,남,50세,경상
2019032000100265,2019년 3월 20일 12시,수요일,대전광역시 유성구 봉명동,경상사고,0,0,1,0,차대사람 - 기타,보행자보호의무위반,건조,맑음,교차로 - 교차로부근,승용,남,44세,상해없음,보행자,남,58세,경상
2019032000100266,2019년 3월 20일 12시,수요일,대전광역시 유성구 봉명동,경상사고,0,0,1,0,차대차 - 추돌,안전운전불이행,건조,맑음,교차로 - 교차로부근,승용,남,63세,상해없음,승용,남,44세,경상
2019032000100296,2019년 3월 20일 13시,수요일,대전광역시 유성구 구암동,경상사고,0,0,1,0,차대차 - 기타,교차로운행방법위반,건조,맑음,교차로 - 교차로안,건설기계,남,58세,상해없음,승용,남,39세,경상
2019032000100337,2019년 3월 20일 14시,수요일,대전광역시 유성구 송강동,경상사고,0,0,1,0,차대사람 - 기타,보행자보호의무위반,건조,맑음,단일로 - 기타,승용,남,27세,상해없음,보행자,여,72세,경상
2019032000100407,2019년 3월 20일 16시,수요일,대전광역시 대덕구 법동,경상사고,0,0,1,0,차대차 - 기타,안전운전불이행,건조,맑음,교차로 - 교차로부근,화물,남,53세,기타불명,승용,여,53세,경상
2019032000100408,2019년 3월 20일 16시,수요일,대전광역시 유성구 봉명동,경상사고,0,0,1,0,차대차 - 측면충돌,안전운전불이행,젖음/습기,비,교차로 - 교차로안,승용,남,34세,상해없음,승용,남,32세,경상
2019032000100457,2019년 3월 20일 17시,수요일,대전광역시 유성구 지족동,경상사고,0,0,2,0,차대차 - 기타,안전운전불이행,젖음/습기,비,교차로 - 교차로부근,승용,남,56세,상해없음,승용,여,41세,경상
2019032000100557,2019년 3월 20일 19시,수요일,대전광역시 동구 낭월동,경상사고,0,0,3,0,차대차 - 추돌,안전운전불이행,젖음/습기,비,교차로 - 교차로부근,승용,여,25세,상해없음,승용,여,26세,경상
2019032000100558,2019년 3월 20일 19시,수요일,대전광역시 서구 월평동,중상사고,0,1,2,0,차대차 - 추돌,안전거리미확보,젖음/습기,비,단일로 - 기타,승용,남,70세,상해없음,승용,남,28세,경상
2019032000100609,2019년 3월 20일 20시,수요일,대전광역시 유성구 노은동,경상사고,0,0,1,0,차대차 - 기타,신호위반,젖음/습기,비,교차로 - 교차로안,화물,남,39세,상해없음,승용,남,65세,경상
2019032000100655,2019년 3월 20일 21시,수요일,대전광역시 중구 문창동,경상사고,0,0,2,0,차대차 - 측면충돌,안전거리미확보,젖음/습기,비,단일로 - 기타,승용,남,63세,상해없음,승용,남,29세,경상
2019032000100656,2019년 3월 20일 21시,수요일,대전광역시 동구 판암동,경상사고,0,0,2,0,차대차 - 기타,차로위반,젖음/습기,비,교차로 - 교차로부근,화물,남,61세,경상,승용,남,52세,경상
2019032000100657,2019년 3월 20일 21시,수요일,대전광역시 서구 월평동,경상사고,0,0,1,0,차대사람 - 기타,기타,젖음/습기,비,교차로 - 교차로부근,승합,남,36세,상해없음,보행자,여,57세,경상
2019032000100711,2019년 3월 20일 22시,수요일,대전광역시 서구 괴정동,경상사고,0,0,2,0,차대차 - 추돌,안전운전불이행,젖음/습기,비,교차로 - 교차로부근,승용,남,38세,상해없음,승용,남,61세,경상
2019032000100712,2019년 3월 20일 22시,수요일,대전광역시 대덕구 비래동,중상사고,0,1,0,0,차대차 - 기타,안전거리미확보,젖음/습기,비,교차로 - 교차로부근,승합,남,55세,상해없음,승용,여,47세,중상
2019032000100713,2019년 3월 20일 22시,수요일,대전광역시 유성구 봉명동,경상사고,0,0,2,0,차대차 - 기타,신호위반,젖음/습기,비,교차로 - 교차로안,승용,남,58세,상해없음,승용,남,58세,경상
2019032100100060,2019년 3월 21일 02시,목요일,대전광역시 유성구 안산동,경상사고,0,0,2,0,차대차 - 기타,안전운전불이행,건조,맑음,단일로 - 기타,승용,남,41세,상해없음,승용,남,55세,상해없음
2019032100100068,2019년 3월 21일 03시,목요일,대전광역시 서구 갈마동,중상사고,0,1,0,0,차대사람 - 기타,안전운전불이행,젖음/습기,비,단일로 - 기타,승용,남,33세,상해없음,보행자,남,22세,중상
2019032100100080,2019년 3월 21일 04시,목요일,대전광역시 동구 판암동,경상사고,0,0,1,0,차대차 - 기타,신호위반,젖음/습기,흐림,교차로 - 교차로안,승용,남,63세,상해없음,승용,남,48세,경상
2019032100100088,2019년 3월 21일 05시,목요일,대전광역시 동구 소제동,경상사고,0,0,1,0,차대차 - 측면충돌,신호위반,건조,맑음,교차로 - 교차로안,승용,남,57세,상해없음,승용,남,60세,경상
2019032100100121,2019년 3월 21일 07시,목요일,대전광역시 유성구 하기동,경상사고,0,0,1,0,차대차 - 기타,중앙선침범,건조,맑음,교차로 - 교차로안,승용,남,45세,상해없음,승용,여,54세,경상