사고번호,사고일시,요일,시군구,사고내용,사망자수,중상자수,경상자수,부상신고자수,사고유형,법규위반,노면상태,기상상태,도로형태,가해운전자 차종,가해운전자 성별,가해운전자 연령,가해운전자 상해정도,피해운전자 차종,피해운전자 성별,피해운전자 연령,피해운전자 상해정도
2019032100100208,2019년 3월 21일 09시,목요일,대전광역시 유성구 반석동,경상사고,0,0,1,0,차대차 - 기타,안전거리미확보,건조,맑음,단일로 - 기타,승용,여,32세,상해없음,승용,여,52세,경상
2019032100100290,2019년 3월 21일 12시,목요일,대전광역시 동구 가양동,중상사고,0,1,1,0,차대차 - 측면충돌,신호위반,건조,맑음,교차로 - 교차로안,승용,남,29세,경상,이륜,남,23세,중상
2019032100100291,2019년 3월 21일 12시,목요일,대전광역시 유성구 원내동,경상사고,0,0,1,0,차대차 - 측면충돌,안전운전불이행,건조,맑음,단일로 - 기타,승용,남,50세,상해없음,승용,여,45세,경상
2019032100100318,2019년 3월 21일 13시,목요일,대전광역시 유성구 전민동,경상사고,0,0,2,0,차대차 - 측면충돌,신호위반,건조,맑음,교차로 - 교차로안,승용,여,56세,상해없음,승용,남,29세,경상
2019032100100381,2019년 3월 21일 15시,목요일,대전광역시 서구 탄방동,경상사고,0,0,1,0,차대차 - 기타,안전거리미확보,건조,맑음,단일로 - 기타,승용,남,64세,상해없음,이륜,남,21세,경상
2019032100100411,2019년 3월 21일 16시,목요일,대전광역시 서구 용문동,경상사고,0,0,1,0,차대사람 - 횡단중,신호위반,건조,맑음,단일로 - 기타,승용,남,36세,상해없음,보행자,여,64세,경상
2019032100100448,2019년 3월 21일 17시,목요일,대전광역시 서구 가수원동,경상사고,0,0,5,0,차대차 - 측면충돌,신호위반,건조,맑음,교차로 - 교차로부근,화물,남,27세,상해없음,승합,남,44세,상해없음
2019032100100449,2019년 3월 21일 17시,목요일,대전광역시 서구 월평동,경상사고,0,0,1,0,차대차 - 기타,중앙선침범,건조,맑음,교차로 - 교차로부근,승용,여,56세,상해없음,이륜,남,26세,경상
2019032100100492,2019년 3월 21일 18시,목요일,대전광역시 동구 정동,경상사고,0,0,3,0,차대차 - 추돌,안전운전불이행,건조,맑음,교차로 - 교차로부근,승용,여,36세,상해없음,승용,남,27세,경상
2019032100100493,2019년 3월 21일 18시,목요일,대전광역시 서구 도마동,경상사고,0,0,1,0,차대차 - 기타,안전운전불이행,건조,맑음,단일로 - 기타,승용,남,50세,상해없음,승용,남,69세,경상
2019032100100544,2019년 3월 21일 19시,목요일,대전광역시 중구 문화동,경상사고,0,0,3,0,차대차 - 추돌,신호위반,건조,맑음,교차로 - 교차로부근,승용,남,28세,상해없음,승합,남,49세,경상
2019032100100598,2019년 3월 21일 21시,목요일,대전광역시 중구 안영동,경상사고,0,0,3,0,차대차 - 추돌,안전운전불이행,건조,맑음,교차로 - 교차로부근,승용,여,31세,상해없음,승용,여,31세,경상
2019032100100599,2019년 3월 21일 21시,목요일,대전광역시 중구 문화동,경상사고,0,0,1,0,차대차 - 측면충돌,안전거리미확보,건조,맑음,교차로 - 교차로부근,승용,남,54세,상해없음,승용,남,37세,경상
2019032100100600,2019년 3월 21일 21시,목요일,대전광역시 서구 만년동,경상사고,0,0,1,0,차량단독 - 기타,안전운전불이행,건조,맑음,교차로 - 교차로부근,승합,남,51세,상해없음,,,,
2019032100100645,2019년 3월 21일 23시,목요일,대전광역시 서구 갈마동,중상사고,0,1,0,0,차대사람 - 차도통행중,안전운전불이행,건조,맑음,교차로 - 교차로부근,이륜,남,58세,상해없음,보행자,남,49세,중상
2019032200100035,2019년 3월 22일 01시,금요일,대전광역시 중구 은행동,경상사고,0,0,2,0,차대차 - 추돌,중앙선침범,건조,맑음,단일로 - 기타,승용,남,61세,상해없음,화물,남,61세,경상
2019032200100036,2019년 3월 22일 01시,금요일,대전광역시 서구 월평동,경상사고,0,0,1,0,차대차 - 기타,안전운전불이행,건조,맑음,교차로 - 교차로부근,화물,남,26세,상해없음,승용,여,27세,경상
2019032200100045,2019년 3월 22일 02시,금요일,대전광역시 유성구 궁동,경상사고,0,0,1,0,차대차 - 기타,안전운전불이행,건조,맑음,교차로 - 교차로안,승용,남,53세,상해없음,승용,남,62세,경상
2019032200100053,2019년 3월 22일 03시,금요일,대전광역시 동구 용전동,경상사고,0,0,1,0,차대차 - 기타,안전거리미확보,건조,맑음,단일로 - 기타,승용,남,69세,상해없음,원동기,남,34세,경상
2019032200100081,2019년 3월 22일 06시,금요일,대전광역시 중구 중촌동,경상사고,0,0,1,0,차대차 - 추돌,안전운전불이행,건조,맑음,교차로 - 교차로안,승용,남,37세,상해없음,승용,여,42세,경상
2019032200100144,2019년 3월 22일 08시,금요일,대전광역시 서구 도마동,경상사고,0,0,1,0,차량단독 - 기타,안전운전불이행,건조,맑음,단일로 - 기타,승합,남,58세,상해없음,,,,
2019032200100145,2019년 3월 22일 08시,금요일,대전광역시 유성구 궁동,경상사고,0,0,1,0,차대차 - 기타,안전거리미확보,건조,맑음,단일로 - 기타,승용,여,28세,상해없음,승합,남,45세,상해없음
2019032200100174,2019년 3월 22일 09시,금요일,대전광역시 서구 둔산동,경상사고,0,0,1,0,차대차 - 추돌,안전거리미확보,건조,맑음,교차로 - 교차로부근,승용,남,30세,상해없음,승용,남,45세,경상
2019032200100227,2019년 3월 22일 11시,금요일,대전광역시 중구 용두동,중상사고,0,1,0,0,차량단독 - 공작물충돌,안전운전불이행,건조,맑음,교차로 - 교차로부근,승용,남,66세,상해없음,,,,
2019032200100228,2019년 3월 22일 11시,금요일,대전광역시 중구 대사동,중상사고,0,1,0,0,차량단독 - 기타,기타,건조,맑음,단일로 - 기타,승합,남,49세,상해없음,,,,
2019032200100229,2019년 3월 22일 11시,금요일,대전광역시 동구 가양동,경상사고,0,0,1,0,차대차 - 추돌,안전운전불이행,건조,맑음,단일로 - 기타,화물,남,56세,상해없음,승용,남,32세,경상
2019032200100255,2019년 3월 22일 12시,금요일,대전광역시 서구 만년동,경상사고,0,0,1,0,차대차 - 측면충돌,신호위반,건조,맑음,교차로 - 교차로안,승용,여,66세,상해없음,승용,남,70세,경상
2019032200100290,2019년 3월 22일 13시,금요일,대전광역시 대덕구 법동,경상사고,0,0,2,0,차대차 - 기타,안전운전불이행,건조,맑음,단일로 - 기타,승용,남,55세,경상,승용,남,54세,경상
2019032200100291,2019년 3월 22일 13시,금요일,대전광역시 서구 둔산동,경상사고,0,0,1,0,차대차 - 추돌,안전운전불이행,건조,맑음,단일로 - 기타,승용,남,43세,상해없음,승용,여,56세,경상
2019032200100396,2019년 3월 22일 16시,금요일,대전광역시 중구 대흥동,경상사고,0,0,3,2,차대차 - 추돌,안전운전불이행,건조,맑음,교차로 - 교차로안,승합,남,56세,상해없음,승용,남,64세,부상신고
2019032200100450,2019년 3월 22일 17시,금요일,대전광역시 서구 둔산동,중상사고,0,1,0,0,차대차 - 기타,안전운전불이행,건조,맑음,단일로 - 기타,승용,남,67세,상해없음,이륜,남,42세,중상
2019032200100451,2019년 3월 22일 17시,금요일,대전광역시 유성구 복용동,경상사고,0,0,2,0,차대차 - 측면충돌,중앙선침범,건조,맑음,단일로 - 기타,화물,남,51세,상해없음,승용,남,38세,경상
2019032200100499,2019년 3월 22일 18시,금요일,대전광역시 대덕구 오정동,경상사고,0,0,1,0,차대차 - 기타,안전거리미확보,건조,맑음,교차로 - 교차로부근,승용,여,22세,상해없음,승용,남,23세,경상
2019032200100544,2019년 3월 22일 19시,금요일,대전광역시 유성구 도룡동,경상사고,0,0,1,0,차대차 - 측면충돌,신호위반,건조,맑음,단일로 - 기타,승용,여,38세,상해없음,승용,남,61세,경상
2019032200100545,2019년 3월 22일 19시,금요일,대전광역시 유성구 덕명동,경상사고,0,0,2,0,차대차 - 측면충돌,안전운전불이행,건조,맑음,교차로 - 교차로안,이륜,남,29세,경상,승용,여,29세,경상
2019032200100576,2019년 3월 22일 20시,금요일,대전광역시 서구 용문동,경상사고,0,0,2,0,차대사람 - 기타,안전운전불이행,건조,맑음,교차로 - 교차로부근,화물,남,53세,상해없음,보행자,남,25세,경상
2019032200100577,2019년 3월 22일 20시,금요일,대전광역시 서구 월평동,부상신고사고,0,0,0,1,차대차 - 기타,안전운전불이행,건조,맑음,교차로 - 교차로안,승용,여,50세,상해없음,이륜,남,25세,부상신고
2019032200100635,2019년 3월 22일 22시,금요일,대전광역시 서구 변동,경상사고,0,0,1,0,차대차 - 추돌,안전거리미확보,건조,맑음,교차로 - 교차로부근,승용,남,62세,상해없음,화물,여,58세,경상
2019032200100657,2019년 3월 22일 23시,금요일,대전광역시 서구 둔산동,중상사고,0,1,0,0,차대사람 - 기타,안전운전불이행,건조,맑음,교차로 - 교차로부근,승용,남,37세,상해없음,보행자,남,20세,중상
2019032200100658,2019년 3월 22일 23시,금요일,대전광역시 유성구 봉명동,경상사고,0,0,2,0,차대차 - 측면충돌,안전거리미확보,건조,맑음,교차로 - 교차로부근,승용,남,26세,상해없음,승용,남,56세,경상
2019032300100046,2019년 3월 23일 01시,토요일,대전광역시 중구 대흥동,중상사고,0,2,0,0,차대사람 - 횡단중,안전운전불이행,건조,맑음,단일로 - 기타,승용,남,38세,상해없음,보행자,남,45세,중상
2019032300100089,2019년 3월 23일 05시,토요일,대전광역시 서구 내동,경상사고,0,0,1,0,차대차 - 추돌,안전운전불이행,건조,맑음,단일로 - 기타,승용,남,28세,상해없음,승용,남,27세,경상
2019032300100120,2019년 3월 23일 07시,토요일,대전광역시 동구 용전동,중상사고,0,1,0,0,차대차 - 측면충돌,불법유턴,건조,맑음,교차로 - 교차로안,승용,남,55세,상해없음,승용,남,44세,중상
2019032300100121,2019년 3월 23일 07시,토요일,대전광역시 서구 도안동,경상사고,0,0,1,0,차대차 - 추돌,안전거리미확보,건조,맑음,단일로 - 기타,승합,남,56세,상해없음,승용,남,29세,경상
2019032300100122,2019년 3월 23일 07시,토요일,대전광역시 서구 월평동,경상사고,0,0,1,0,차대차 - 기타,안전운전불이행,건조,맑음,교차로 - 교차로안,승용,남,23세,상해없음,화물,남,47세,경상
2019032300100123,2019년 3월 23일 07시,토요일,대전광역시 서구 탄방동,경상사고,0,0,1,0,차대사람 - 기타,기타,건조,맑음,단일로 - 기타,승합,남,46세,상해없음,보행자,여,36세,경상
2019032300100193,2019년 3월 23일 10시,토요일,대전광역시 중구 선화동,경상사고,0,0,1,0,차대차 - 측면충돌,신호위반,건조,맑음,교차로 - 교차로안,승용,여,23세,상해없음,승용,여,44세,경상
2019032300100194,2019년 3월 23일 10시,토요일,대전광역시 중구 옥계동,경상사고,0,0,1,0,차대차 - 추돌,안전운전불이행,건조,맑음,교차로 - 교차로안,승용,남,61세,상해없음,이륜,남,37세,경상
2019032300100229,2019년 3월 23일 11시,토요일,대전광역시 서구 관저동,중상사고,0,1,0,0,차대사람 - 횡단중,안전운전불이행,건조,맑음,교차로 - 교차로부근,승용,남,56세,상해없음,보행자,여,13세,중상
2019032300100263,2019년 3월 23일 12시,토요일,대전광역시 유성구 구암동,경상사고,0,0,4,0,차대차 - 기타,안전운전불이행,건조,맑음,교차로 - 교차로안,승용,남,66세,상해없음,승용,남,34세,경상
2019032300100264,2019년 3월 23일 12시,토요일,대전광역시 유성구 봉명동,중상사고,0,1,0,0,차대차 - 기타,안전운전불이행,건조,맑음,단일로 - 기타,승용,남,34세,기타불명,이륜,남,61세,중상
2019032300100303,2019년 3월 23일 13시,토요일,대전광역시 동구 용전동,경상사고,0,0,1,0,차대사람 - 횡단중,보행자보호의무위반,젖음/습기,비,교차로 - 교차로안,승용,남,19세,상해없음,보행자,남,27세,경상
2019032300100304,2019년 3월 23일 13시,토요일,대전광역시 서구 만년동,중상사고,0,2,1,0,차대차 - 측면충돌,안전운전불이행,젖음/습기,비,단일로 - 기타,승용,남,63세,상해없음,승용,여,46세,중상
2019032300100305,2019년 3월 23일 13시,토요일,대전광역시 유성구 송강동,중상사고,0,1,0,0,차대사람 - 보도통행중,보행자보호의무위반,젖음/습기,비,단일로 - 기타,승합,남,44세,상해없음,보행자,남,8세,중상
2019032300100353,2019년 3월 23일 14시,토요일,대전광역시 중구 사정동,경상사고,0,0,2,0,차대차 - 기타,안전운전불이행,젖음/습기,비,교차로 - 교차로부근,승용,남,52세,상해없음,승용,남,73세,경상
2019032300100387,2019년 3월 23일 15시,토요일,대전광역시 중구 태평동,경상사고,0,0,2,0,차대차 - 추돌,안전운전불이행,건조,맑음,교차로 - 교차로안,승용,남,57세,상해없음,승용,여,44세,경상
2019032300100388,2019년 3월 23일 15시,토요일,대전광역시 서구 갈마동,경상사고,0,0,1,0,차대차 - 측면충돌,신호위반,젖음/습기,흐림,교차로 - 교차로부근,화물,남,68세,상해없음,승용,여,25세,경상
2019032300100389,2019년 3월 23일 15시,토요일,대전광역시 서구 둔산동,중상사고,0,1,0,0,차대사람 - 기타,안전운전불이행,건조,맑음,교차로 - 교차로안,승용,남,19세,기타불명,보행자,남,79세,중상
2019032300100432,2019년 3월 23일 16시,토요일,대전광역시 서구 탄방동,부상신고사고,0,0,0,1,차대사람 - 횡단중,안전운전불이행,젖음/습기,비,단일로 - 기타,승용,남,35세,상해없음,보행자,여,59세,부상신고
2019032300100433,2019년 3월 23일 16시,토요일,대전광역시 서구 월평동,경상사고,0,0,1,0,차대차 - 기타,안전운전불이행,젖음/습기,맑음,단일로 - 기타,승용,남,62세,상해없음,승용,남,58세,상해없음
2019032300100528,2019년 3월 23일 19시,토요일,대전광역시 중구 유천동,경상사고,0,0,1,0,차대차 - 기타,신호위반,건조,맑음,교차로 - 교차로안,승용,남,19세,상해없음,이륜,남,47세,경상
2019032300100529,2019년 3월 23일 19시,토요일,대전광역시 동구 성남동,중상사고,0,1,0,0,차대사람 - 횡단중,안전운전불이행,건조,맑음,단일로 - 기타,승용,남,21세,상해없음,보행자,남,57세,중상
2019032300100530,2019년 3월 23일 19시,토요일,대전광역시 대덕구 읍내동,경상사고,0,0,1,0,차대차 - 추돌,안전운전불이행,건조,맑음,단일로 - 기타,승용,여,56세,상해없음,승용,남,52세,경상
2019032300100578,2019년 3월 23일 21시,토요일,대전광역시 서구 만년동,중상사고,0,3,2,1,차대차 - 기타,안전거리미확보,건조,맑음,단일로 - 기타,승용,남,53세,부상신고,승용,남,29세,경상
2019032300100605,2019년 3월 23일 22시,토요일,대전광역시 중구 문화동,경상사고,0,0,6,0,차대차 - 측면충돌,직진우회전진행방해,건조,맑음,교차로 - 교차로안,승용,남,44세,경상,승용,남,55세,경상
2019032300100606,2019년 3월 23일 22시,토요일,대전광역시 서구 둔산동,중상사고,0,1,0,0,차대사람 - 횡단중,보행자보호의무위반,건조,맑음,교차로 - 교차로횡단보도내,승용,남,46세,상해없음,보행자,남,60세,중상
2019032300100630,2019년 3월 23일 23시,토요일,대전광역시 서구 괴정동,경상사고,0,0,1,0,차대차 - 측면충돌,안전운전불이행,건조,맑음,단일로 - 기타,승용,여,48세,상해없음,승용,남,53세,기타불명
2019032300100631,2019년 3월 23일 23시,토요일,대전광역시 서구 갈마동,경상사고,0,0,1,0,차대차 - 기타,안전운전불이행,건조,맑음,단일로 - 기타,승용,여,48세,상해없음,승용,남,47세,경상
2019032400100044,2019년 3월 24일 00시,일요일,대전광역시 대덕구 비래동,경상사고,0,0,1,0,차대차 - 기타,안전운전불이행,건조,맑음,단일로 - 기타,승용,남,40세,상해없음,승용,남,52세,경상
2019032400100055,2019년 3월 24일 01시,일요일,대전광역시 동구 용전동,경상사고,0,0,2,0,차대차 - 추돌,안전운전불이행,건조,맑음,단일로 - 기타,승용,남,49세,상해없음,승용,남,32세,상해없음
2019032400100079,2019년 3월 24일 03시,일요일,대전광역시 서구 둔산동,중상사고,0,1,0,0,차대사람 - 기타,안전운전불이행,건조,맑음,단일로 - 기타,승용,남,32세,상해없음,보행자,남,24세,중상
2019032400100080,2019년 3월 24일 03시,일요일,대전광역시 유성구 장대동,경상사고,0,0,1,0,차대차 - 추돌,안전운전불이행,건조,맑음,교차로 - 교차로부근,승용,남,28세,상해없음,승용,남,62세,경상
2019032400100089,2019년 3월 24일 04시,일요일,대전광역시 서구 탄방동,경상사고,0,0,2,0,차대차 - 측면충돌,신호위반,건조,맑음,교차로 - 교차로안,승용,남,60세,상해없음,화물,남,48세,경상
2019032400100140,2019년 3월 24일 09시,일요일,대전광역시 유성구 장대동,경상사고,0,0,1,0,차대차 - 측면충돌,안전운전불이행,건조,맑음,단일로 - 기타,승용,여,45세,상해없음,승합,남,60세,상해없음
2019032400100168,2019년 3월 24일 10시,일요일,대전광역시 동구 가양동,경상사고,0,0,1,0,차대차 - 측면충돌,교차로운행방법위반,건조,맑음,교차로 - 교차로안,화물,남,58세,상해없음,승용,여,62세,경상
2019032400100199,2019년 3월 24일 11시,일요일,대전광역시 서구 월평동,중상사고,0,1,0,0,차대차 - 기타,안전운전불이행,건조,맑음,교차로 - 교차로횡단보도내,승용,남,27세,상해없음,자전거,남,61세,중상
2019032400100200,2019년 3월 24일 11시,일요일,대전광역시 유성구 장대동,경상사고,0,0,1,0,차대차 - 기타,안전운전불이행,건조,맑음,단일로 - 기타,승용,여,55세,상해없음,승합,남,42세,상해없음
2019032400100201,2019년 3월 24일 11시,일요일,대전광역시 유성구 봉명동,경상사고,0,0,1,0,차대사람 - 기타,기타,건조,맑음,기타 - 기타,승합,남,54세,기타불명,보행자,여,61세,경상
2019032400100265,2019년 3월 24일 13시,일요일,대전광역시 서구 괴정동,경상사고,0,0,1,0,차대사람 - 차도통행중,안전운전불이행,건조,맑음,단일로 - 기타,승용,남,38세,기타불명,보행자,남,30세,경상
2019032400100266,2019년 3월 24일 13시,일요일,대전광역시 유성구 학하동,경상사고,0,0,5,2,차대차 - 측면충돌,중앙선침범,건조,맑음,교차로 - 교차로부근,승용,남,59세,기타불명,승용,여,41세,경상
2019032400100294,2019년 3월 24일 14시,일요일,대전광역시 중구 산성동,중상사고,0,1,0,0,차대차 - 측면충돌,기타,건조,맑음,교차로 - 교차로부근,승용,남,70세,상해없음,이륜,남,42세,중상
2019032400100361,2019년 3월 24일 16시,일요일,대전광역시 동구 성남동,경상사고,0,0,1,0,차대차 - 측면충돌,안전거리미확보,건조,맑음,단일로 - 기타,승용,여,38세,상해없음,승용,여,50세,경상
2019032400100362,2019년 3월 24일 16시,일요일,대전광역시 동구 가양동,경상사고,0,0,2,0,차대차 - 측면충돌,안전운전불이행,건조,맑음,단일로 - 기타,승용,남,45세,상해없음,이륜,남,35세,경상
2019032400100390,2019년 3월 24일 17시,일요일,대전광역시 중구 문화동,경상사고,0,0,1,0,차대차 - 측면충돌,중앙선침범,건조,맑음,단일로 - 기타,승용,남,59세,상해없음,승용,남,30세,경상
2019032400100391,2019년 3월 24일 17시,일요일,대전광역시 서구 둔산동,중상사고,0,1,3,0,차대차 - 기타,신호위반,건조,맑음,교차로 - 교차로안,승용,여,51세,상해없음,승용,남,40세,경상
2019032400100392,2019년 3월 24일 17시,일요일,대전광역시 서구 월평동,경상사고,0,0,1,0,차대차 - 기타,안전운전불이행,건조,맑음,단일로 - 기타,승용,여,50세,상해없음,이륜,남,19세,경상
2019032400100413,2019년 3월 24일 18시,일요일,대전광역시 대덕구 와동,경상사고,0,0,1,0,차대차 - 기타,안전운전불이행,건조,맑음,단일로 - 기타,승용,여,29세,상해없음,승용,남,49세,경상
2019032400100468,2019년 3월 24일 20시,일요일,대전광역시 유성구 장대동,경상사고,0,0,1,2,차대차 - 기타,안전운전불이행,건조,맑음,교차로 - 교차로부근,승용,남,51세,상해없음,승용,남,30세,경상
2019032400100469,2019년 3월 24일 20시,일요일,대전광역시 유성구 봉명동,경상사고,0,0,1,0,차대사람 - 기타,안전운전불이행,건조,맑음,단일로 - 기타,승용,남,54세,상해없음,보행자,여,22세,경상
2019032400100493,2019년 3월 24일 21시,일요일,대전광역시 동구 가양동,경상사고,0,0,2,0,차대차 - 측면충돌,안전운전불이행,건조,맑음,교차로 - 교차로부근,승용,남,53세,상해없음,승용,여,32세,경상
2019032400100513,2019년 3월 24일 22시,일요일,대전광역시 동구 신흥동,중상사고,0,1,1,0,차대차 - 추돌,안전운전불이행,건조,맑음,교차로 - 교차로부근,승용,남,53세,상해없음,승용,남,36세,경상
2019032500100040,2019년 3월 25일 04시,월요일,대전광역시 서구 변동,중상사고,0,1,0,0,차대차 - 추돌,신호위반,건조,맑음,교차로 - 교차로부근,승용,남,24세,상해없음,승용,남,55세,중상
2019032500100140,2019년 3월 25일 08시,월요일,대전광역시 중구 어남동,경상사고,0,0,1,0,차량단독 - 공작물충돌,안전운전불이행,건조,맑음,단일로 - 기타,건설기계,남,45세,경상,,,,
2019032500100141,2019년 3월 25일 08시,월요일,대전광역시 서구 관저동,중상사고,0,1,2,0,차대차 - 측면충돌,안전운전불이행,건조,맑음,교차로 - 교차로안,건설기계,남,56세,경상,승용,남,34세,중상
2019032500100142,2019년 3월 25일 08시,월요일,대전광역시 대덕구 읍내동,경상사고,0,0,2,0,차대차 - 기타,안전거리미확보,건조,맑음,단일로 - 기타,화물,남,36세,상해없음,승용,남,29세,경상
2019032500100168,2019년 3월 25일 09시,월요일,대전광역시 서구 괴정동,경상사고,0,0,1,0,차대사람 - 보도통행중,안전운전불이행,건조,맑음,단일로 - 기타,승용,여,23세,상해없음,보행자,여,34세,경상
2019032500100169,2019년 3월 25일 09시,월요일,대전광역시 서구 탄방동,경상사고,0,0,10,4,차대차 - 측면충돌,안전거리미확보,건조,맑음,단일로 - 기타,승용,여,46세,상해없음,승합,남,58세,상해없음
2019032500100198,2019년 3월 25일 10시,월요일,대전광역시 대덕구 신일동,경상사고,0,0,1,0,차대차 - 기타,안전운전불이행,건조,맑음,단일로 - 기타,화물,남,37세,기타불명,승용,남,82세,경상
2019032500100224,2019년 3월 25일 11시,월요일,대전광역시 서구 갈마동,경상사고,0,0,2,1,차대차 - 추돌,안전운전불이행,건조,맑음,교차로 - 교차로안,승합,남,41세,상해없음,승용,남,38세,경상
2019032500100278,2019년 3월 25일 13시,월요일,대전광역시 대덕구 신탄진동,중상사고,0,1,0,0,차대사람 - 기타,안전운전불이행,건조,맑음,교차로 - 교차로부근,승합,남,72세,상해없음,보행자,남,66세,중상
2019032500100349,2019년 3월 25일 15시,월요일,대전광역시 서구 둔산동,경상사고,0,0,2,0,차대차 - 기타,안전운전불이행,건조,맑음,교차로 - 교차로안,승용,남,62세,경상,승용,남,44세,경상
2019032500100385,2019년 3월 25일 16시,월요일,대전광역시 중구 중촌동,경상사고,0,0,1,0,차대차 - 후진중충돌,불법유턴,건조,맑음,단일로 - 기타,승용,여,60세,상해없음,원동기,남,23세,경상
2019032500100386,2019년 3월 25일 16시,월요일,대전광역시 서구 둔산동,경상사고,0,0,1,0,차대사람 - 기타,보행자보호의무위반,건조,맑음,기타 - 기타,승용,여,29세,상해없음,보행자,남,24세,경상
2019032500100387,2019년 3월 25일 16시,월요일,대전광역시 유성구 지족동,경상사고,0,0,1,0,차대차 - 추돌,안전운전불이행,건조,맑음,교차로 - 교차로안,승용,여,26세,상해없음,승용,여,66세,경상
2019032500100430,2019년 3월 25일 17시,월요일,대전광역시 중구 안영동,경상사고,0,0,1,0,차량단독 - 기타,안전운전불이행,건조,맑음,단일로 - 교량,승합,남,49세,상해없음,,,,
2019032500100431,2019년 3월 25일 17시,월요일,대전광역시 서구 관저동,경상사고,0,0,1,0,차대차 - 측면충돌,불법유턴,건조,맑음,단일로 - 기타,자전거,남,83세,경상,승용,여,57세,상해없음
2019032500100472,2019년 3월 25일 18시,월요일,대전광역시 중구 중촌동,중상사고,0,2,0,0,차량단독 - 공작물충돌,안전운전불이행,건조,맑음,단일로 - 터널,승용,남,25세,중상,,,,
2019032500100473,2019년 3월 25일 18시,월요일,대전광역시 서구 도마동,경상사고,0,0,1,0,차대차 - 측면충돌,안전운전불이행,건조,맑음,교차로 - 교차로안,승용,남,30세,상해없음,이륜,남,26세,경상
2019032500100509,2019년 3월 25일 19시,월요일,대전광역시 서구 탄방동,경상사고,0,0,3,0,차대차 - 추돌,안전거리미확보,건조,맑음,단일로 - 기타,승용,남,27세,상해없음,승용,남,23세,경상
2019032500100510,2019년 3월 25일 19시,월요일,대전광역시 유성구 교촌동,경상사고,0,0,1,0,차대사람 - 기타,안전운전불이행,건조,맑음,단일로 - 기타,화물,남,43세,상해없음,보행자,남,74세,경상
2019032500100540,2019년 3월 25일 20시,월요일,대전광역시 서구 괴정동,경상사고,0,0,2,0,차대차 - 측면충돌,기타,건조,맑음,교차로 - 교차로부근,승합,남,41세,상해없음,승용,남,27세,경상
2019032500100541,2019년 3월 25일 20시,월요일,대전광역시 대덕구 법동,경상사고,0,0,1,0,차대차 - 기타,신호위반,건조,맑음,교차로 - 교차로안,기타불명,기타불명,미분류,기타불명,승용,남,54세,경상
2019032500100542,2019년 3월 25일 20시,월요일,대전광역시 유성구 노은동,경상사고,0,0,1,0,차대차 - 기타,안전운전불이행,건조,맑음,교차로 - 교차로안,승용,여,45세,상해없음,자전거,남,16세,경상
2019032500100599,2019년 3월 25일 22시,월요일,대전광역시 유성구 원신흥동,경상사고,0,0,2,0,차대차 - 측면충돌,신호위반,건조,맑음,교차로 - 교차로안,승합,남,48세,상해없음,승용,여,41세,경상
2019032600100029,2019년 3월 26일 00시,화요일,대전광역시 서구 관저동,경상사고,0,0,1,0,차대사람 - 기타,기타,건조,맑음,단일로 - 기타,승용,남,61세,기타불명,보행자,여,23세,경상
2019032600100050,2019년 3월 26일 02시,화요일,대전광역시 서구 도마동,경상사고,0,0,1,0,차대차 - 측면충돌,안전운전불이행,건조,맑음,단일로 - 기타,승용,남,25세,상해없음,승용,남,38세,경상
2019032600100079,2019년 3월 26일 05시,화요일,대전광역시 유성구 봉산동,경상사고,0,0,1,0,차대차 - 측면충돌,교차로운행방법위반,건조,맑음,교차로 - 교차로안,승용,여,60세,상해없음,승용,여,56세,경상
2019032600100148,2019년 3월 26일 08시,화요일,대전광역시 대덕구 읍내동,경상사고,0,0,1,0,차대차 - 기타,안전운전불이행,건조,맑음,기타 - 기타,승용,여,31세,상해없음,승용,여,34세,경상
2019032600100149,2019년 3월 26일 08시,화요일,대전광역시 유성구 관평동,경상사고,0,0,1,0,차대차 - 추돌,안전운전불이행,건조,맑음,교차로 - 교차로부근,승용,남,24세,상해없음,승용,남,57세,경상
2019032600100185,2019년 3월 26일 09시,화요일,대전광역시 동구 소제동,경상사고,0,0,1,0,차대차 - 측면충돌,안전거리미확보,건조,맑음,단일로 - 기타,승용,여,43세,상해없음,승용,여,41세,경상
2019032600100207,2019년 3월 26일 10시,화요일,대전광역시 중구 용두동,경상사고,0,0,1,0,차대차 - 기타,안전거리미확보,건조,맑음,단일로 - 기타,승용,여,24세,상해없음,승용,여,30세,경상
2019032600100244,2019년 3월 26일 11시,화요일,대전광역시 중구 유천동,경상사고,0,0,1,0,차대차 - 측면충돌,신호위반,건조,맑음,교차로 - 교차로안,승용,남,41세,상해없음,승합,남,47세,경상
2019032600100245,2019년 3월 26일 11시,화요일,대전광역시 동구 중동,경상사고,0,0,2,0,차량단독 - 기타,기타,건조,맑음,교차로 - 교차로안,승합,남,55세,상해없음,,,,
2019032600100272,2019년 3월 26일 12시,화요일,대전광역시 서구 둔산동,경상사고,0,0,1,0,차대차 - 기타,안전거리미확보,건조,맑음,단일로 - 기타,승용,남,30세,상해없음,승용,남,32세,경상
2019032600100273,2019년 3월 26일 12시,화요일,대전광역시 유성구 원내동,경상사고,0,0,1,0,차대차 - 측면충돌,안전운전불이행,건조,맑음,교차로 - 교차로안,승용,남,57세,상해없음,승용,남,36세,경상