사고번호,사고일시,요일,시군구,사고내용,사망자수,중상자수,경상자수,부상신고자수,사고유형,법규위반,노면상태,기상상태,도로형태,가해운전자 차종,가해운전자 성별,가해운전자 연령,가해운전자 상해정도,피해운전자 차종,피해운전자 성별,피해운전자 연령,피해운전자 상해정도
2019032600100274,2019년 3월 26일 12시,화요일,대전광역시 유성구 구암동,부상신고사고,0,0,0,2,차대차 - 추돌,안전운전불이행,건조,맑음,단일로 - 기타,승용,여,34세,상해없음,승용,남,30세,부상신고
2019032600100299,2019년 3월 26일 13시,화요일,대전광역시 동구 용전동,경상사고,0,0,1,0,차대사람 - 차도통행중,안전운전불이행,건조,맑음,단일로 - 기타,승용,남,58세,상해없음,보행자,남,43세,경상
2019032600100300,2019년 3월 26일 13시,화요일,대전광역시 유성구 전민동,경상사고,0,0,1,0,차대차 - 측면충돌,안전운전불이행,건조,맑음,교차로 - 교차로안,승용,여,38세,상해없음,이륜,남,25세,경상
2019032600100361,2019년 3월 26일 15시,화요일,대전광역시 중구 대사동,경상사고,0,0,1,0,차대차 - 기타,안전운전불이행,건조,맑음,교차로 - 교차로안,승용,남,69세,상해없음,승용,남,21세,경상
2019032600100362,2019년 3월 26일 15시,화요일,대전광역시 중구 대흥동,경상사고,0,0,2,0,차대차 - 기타,교차로운행방법위반,건조,맑음,교차로 - 교차로안,승용,여,46세,상해없음,승용,남,38세,경상
2019032600100363,2019년 3월 26일 15시,화요일,대전광역시 동구 성남동,중상사고,0,1,0,0,차대차 - 측면충돌,안전운전불이행,건조,맑음,교차로 - 교차로안,승용,남,63세,상해없음,자전거,남,82세,중상
2019032600100364,2019년 3월 26일 15시,화요일,대전광역시 동구 삼성동,경상사고,0,0,1,0,차대차 - 측면충돌,안전운전불이행,건조,맑음,교차로 - 교차로안,승용,여,43세,상해없음,승용,남,26세,경상
2019032600100365,2019년 3월 26일 15시,화요일,대전광역시 대덕구 신탄진동,경상사고,0,0,2,0,차대차 - 추돌,안전운전불이행,건조,맑음,단일로 - 기타,승용,남,29세,상해없음,승용,여,48세,경상
2019032600100366,2019년 3월 26일 15시,화요일,대전광역시 서구 월평동,경상사고,0,0,5,0,차대차 - 기타,교차로운행방법위반,건조,맑음,교차로 - 교차로안,승용,남,58세,상해없음,승합,남,25세,경상
2019032600100410,2019년 3월 26일 16시,화요일,대전광역시 유성구 하기동,경상사고,0,0,2,0,차대차 - 추돌,안전거리미확보,건조,맑음,단일로 - 지하차도(도로)내,승용,여,37세,경상,승용,남,27세,상해없음
2019032600100496,2019년 3월 26일 18시,화요일,대전광역시 유성구 봉명동,경상사고,0,0,1,0,차대사람 - 횡단중,안전운전불이행,건조,맑음,교차로 - 교차로부근,화물,남,44세,상해없음,보행자,남,53세,경상
2019032600100528,2019년 3월 26일 19시,화요일,대전광역시 중구 태평동,경상사고,0,0,1,0,차대차 - 측면충돌,안전운전불이행,건조,맑음,주차장 - 주차장,승용,여,53세,상해없음,승용,여,43세,경상
2019032600100529,2019년 3월 26일 19시,화요일,대전광역시 서구 탄방동,경상사고,0,0,1,0,차대사람 - 기타,안전운전불이행,건조,맑음,단일로 - 기타,승용,남,48세,상해없음,보행자,남,59세,경상
2019032600100564,2019년 3월 26일 20시,화요일,대전광역시 중구 산성동,중상사고,0,1,0,0,차대사람 - 횡단중,안전운전불이행,건조,맑음,교차로 - 교차로횡단보도내,승용,남,65세,기타불명,보행자,남,61세,중상
2019032600100565,2019년 3월 26일 20시,화요일,대전광역시 중구 선화동,중상사고,0,1,2,0,차대차 - 측면충돌,신호위반,건조,맑음,교차로 - 교차로안,원동기,남,36세,중상,승용,남,30세,경상
2019032600100566,2019년 3월 26일 20시,화요일,대전광역시 서구 내동,경상사고,0,0,1,0,차량단독 - 공작물충돌,안전운전불이행,건조,맑음,단일로 - 기타,승용,남,29세,경상,,,,
2019032600100615,2019년 3월 26일 22시,화요일,대전광역시 중구 유천동,경상사고,0,0,2,0,차대차 - 측면충돌,신호위반,건조,맑음,교차로 - 교차로안,승용,여,51세,상해없음,승용,남,41세,경상
2019032600100616,2019년 3월 26일 22시,화요일,대전광역시 유성구 궁동,경상사고,0,0,2,0,차대차 - 후진중충돌,안전운전불이행,건조,맑음,교차로 - 교차로부근,승용,남,36세,상해없음,화물,남,29세,경상
2019032600100638,2019년 3월 26일 23시,화요일,대전광역시 동구 용전동,경상사고,0,0,1,0,차대차 - 기타,신호위반,건조,맑음,교차로 - 교차로안,승용,남,69세,상해없음,이륜,남,27세,경상
2019032700100028,2019년 3월 27일 00시,수요일,대전광역시 유성구 외삼동,중상사고,0,1,3,0,차대차 - 추돌,안전운전불이행,건조,맑음,교차로 - 교차로부근,특수,남,48세,상해없음,특수,남,25세,중상
2019032700100037,2019년 3월 27일 01시,수요일,대전광역시 서구 둔산동,경상사고,0,0,2,0,차대차 - 후진중충돌,안전운전불이행,건조,맑음,단일로 - 기타,승용,남,57세,상해없음,승용,남,22세,경상
2019032700100115,2019년 3월 27일 07시,수요일,대전광역시 서구 도마동,경상사고,0,0,1,0,차대차 - 추돌,안전운전불이행,건조,맑음,교차로 - 교차로부근,승용,남,59세,상해없음,승용,남,64세,경상
2019032700100156,2019년 3월 27일 08시,수요일,대전광역시 대덕구 읍내동,중상사고,0,1,0,0,차대차 - 기타,안전운전불이행,건조,맑음,단일로 - 기타,승용,여,68세,상해없음,이륜,남,47세,중상
2019032700100238,2019년 3월 27일 11시,수요일,대전광역시 중구 대흥동,경상사고,0,0,4,0,차대차 - 측면충돌,안전운전불이행,건조,맑음,교차로 - 교차로안,승용,여,55세,경상,승용,여,47세,경상
2019032700100265,2019년 3월 27일 12시,수요일,대전광역시 유성구 장대동,경상사고,0,0,1,0,차대차 - 추돌,안전운전불이행,건조,맑음,단일로 - 기타,승용,남,40세,상해없음,승용,여,31세,경상
2019032700100289,2019년 3월 27일 13시,수요일,대전광역시 동구 대동,경상사고,0,0,1,0,차대차 - 측면충돌,안전운전불이행,건조,맑음,기타 - 기타,화물,남,53세,상해없음,자전거,여,55세,경상
2019032700100315,2019년 3월 27일 14시,수요일,대전광역시 중구 대흥동,경상사고,0,0,2,0,차대차 - 추돌,안전운전불이행,건조,맑음,주차장 - 주차장,승용,남,48세,상해없음,화물,남,28세,경상
2019032700100344,2019년 3월 27일 15시,수요일,대전광역시 서구 도마동,중상사고,0,1,0,0,차대차 - 측면충돌,안전거리미확보,건조,맑음,교차로 - 교차로부근,승용,여,52세,상해없음,이륜,남,59세,중상
2019032700100374,2019년 3월 27일 16시,수요일,대전광역시 서구 정림동,경상사고,0,0,1,0,차대차 - 측면충돌,안전운전불이행,건조,맑음,교차로 - 교차로부근,승용,남,40세,상해없음,자전거,남,59세,경상
2019032700100409,2019년 3월 27일 17시,수요일,대전광역시 유성구 봉산동,중상사고,0,1,0,0,차량단독 - 전도전복 - 전도,신호위반,건조,맑음,교차로 - 교차로안,원동기,남,62세,중상,,,,
2019032700100450,2019년 3월 27일 18시,수요일,대전광역시 동구 판암동,경상사고,0,0,4,0,차대차 - 측면충돌,안전거리미확보,건조,맑음,교차로 - 교차로부근,승용,남,38세,경상,승용,여,57세,경상
2019032700100451,2019년 3월 27일 18시,수요일,대전광역시 유성구 상대동,경상사고,0,0,1,0,차대차 - 측면충돌,안전운전불이행,건조,맑음,단일로 - 기타,승용,남,56세,상해없음,이륜,남,27세,경상
2019032700100512,2019년 3월 27일 20시,수요일,대전광역시 동구 대동,경상사고,0,0,1,0,차대차 - 측면충돌,안전운전불이행,건조,맑음,교차로 - 교차로안,승용,남,63세,상해없음,승용,남,32세,경상
2019032700100513,2019년 3월 27일 20시,수요일,대전광역시 서구 둔산동,경상사고,0,0,1,1,차대차 - 기타,안전운전불이행,건조,맑음,단일로 - 기타,승용,남,64세,상해없음,승용,여,30세,경상
2019032700100563,2019년 3월 27일 22시,수요일,대전광역시 대덕구 법동,경상사고,0,0,1,0,차대차 - 추돌,안전운전불이행,젖음/습기,흐림,단일로 - 기타,승용,여,51세,상해없음,승용,남,55세,경상
2019032700100564,2019년 3월 27일 22시,수요일,대전광역시 서구 둔산동,중상사고,0,1,0,0,차대사람 - 기타,안전운전불이행,건조,맑음,기타 - 기타,승용,여,32세,상해없음,보행자,남,36세,중상
2019032700100565,2019년 3월 27일 22시,수요일,대전광역시 유성구 봉명동,경상사고,0,0,1,0,차대차 - 측면충돌,중앙선침범,건조,맑음,단일로 - 기타,승용,남,48세,상해없음,승용,남,35세,상해없음
2019032700100585,2019년 3월 27일 23시,수요일,대전광역시 서구 갈마동,부상신고사고,0,0,0,3,차대차 - 추돌,안전운전불이행,건조,맑음,단일로 - 교량,승용,남,67세,상해없음,승용,남,22세,상해없음
2019032800100069,2019년 3월 28일 05시,목요일,대전광역시 동구 정동,중상사고,0,1,0,0,차대사람 - 기타,기타,건조,맑음,단일로 - 기타,승용,남,57세,상해없음,보행자,남,48세,중상
2019032800100153,2019년 3월 28일 08시,목요일,대전광역시 대덕구 와동,경상사고,0,0,1,0,차대차 - 기타,안전운전불이행,건조,맑음,교차로 - 교차로부근,화물,여,54세,상해없음,승용,남,68세,경상
2019032800100212,2019년 3월 28일 10시,목요일,대전광역시 중구 산성동,중상사고,0,1,0,0,차대사람 - 횡단중,보행자보호의무위반,건조,맑음,교차로 - 교차로횡단보도내,승용,남,58세,상해없음,보행자,여,67세,중상
2019032800100213,2019년 3월 28일 10시,목요일,대전광역시 동구 삼성동,중상사고,0,1,0,0,차대차 - 측면충돌,교차로운행방법위반,건조,맑음,교차로 - 교차로안,이륜,여,72세,중상,화물,남,69세,상해없음
2019032800100214,2019년 3월 28일 10시,목요일,대전광역시 대덕구 법동,중상사고,0,1,0,0,차대사람 - 횡단중,신호위반,건조,맑음,교차로 - 교차로횡단보도내,승용,남,20세,상해없음,보행자,여,65세,중상
2019032800100235,2019년 3월 28일 11시,목요일,대전광역시 서구 관저동,경상사고,0,0,4,0,차대차 - 추돌,안전운전불이행,건조,맑음,단일로 - 터널,승용,여,27세,상해없음,승용,남,28세,경상
2019032800100365,2019년 3월 28일 15시,목요일,대전광역시 서구 갈마동,경상사고,0,0,1,0,차대사람 - 기타,안전운전불이행,건조,맑음,주차장 - 주차장,화물,남,37세,상해없음,보행자,남,21세,경상
2019032800100412,2019년 3월 28일 16시,목요일,대전광역시 동구 가양동,경상사고,0,0,1,0,차대차 - 측면충돌,안전운전불이행,건조,맑음,단일로 - 기타,이륜,남,68세,경상,승용,남,63세,상해없음
2019032800100413,2019년 3월 28일 16시,목요일,대전광역시 서구 괴정동,중상사고,0,1,0,0,차대사람 - 횡단중,보행자보호의무위반,건조,맑음,교차로 - 교차로부근,승용,여,28세,기타불명,보행자,여,20세,중상
2019032800100414,2019년 3월 28일 16시,목요일,대전광역시 유성구 장대동,경상사고,0,0,1,0,차대차 - 측면충돌,안전운전불이행,건조,맑음,단일로 - 기타,특수,남,45세,상해없음,승용,여,34세,경상
2019032800100460,2019년 3월 28일 17시,목요일,대전광역시 서구 둔산동,경상사고,0,0,1,0,차대차 - 추돌,안전운전불이행,건조,맑음,교차로 - 교차로횡단보도내,승용,여,42세,상해없음,이륜,남,26세,경상
2019032800100540,2019년 3월 28일 19시,목요일,대전광역시 중구 은행동,부상신고사고,0,0,0,1,차대사람 - 차도통행중,안전운전불이행,건조,맑음,단일로 - 기타,승용,남,46세,기타불명,보행자,남,51세,부상신고
2019032800100541,2019년 3월 28일 19시,목요일,대전광역시 서구 내동,경상사고,0,0,1,0,차대차 - 측면충돌,신호위반,건조,맑음,교차로 - 교차로안,이륜,남,44세,상해없음,승용,남,23세,경상
2019032800100542,2019년 3월 28일 19시,목요일,대전광역시 서구 탄방동,경상사고,0,0,2,0,차대차 - 기타,안전운전불이행,건조,맑음,교차로 - 교차로안,승용,여,49세,경상,승용,남,53세,경상
2019032800100606,2019년 3월 28일 21시,목요일,대전광역시 대덕구 비래동,경상사고,0,0,2,0,차대차 - 기타,교차로운행방법위반,건조,맑음,교차로 - 교차로안,승용,여,49세,상해없음,승합,남,38세,경상
2019032900100042,2019년 3월 29일 01시,금요일,대전광역시 서구 둔산동,경상사고,0,0,1,0,차대사람 - 기타,안전운전불이행,건조,맑음,단일로 - 기타,승용,남,20세,기타불명,보행자,남,20세,경상
2019032900100043,2019년 3월 29일 01시,금요일,대전광역시 유성구 노은동,경상사고,0,0,1,1,차대차 - 추돌,안전운전불이행,건조,맑음,교차로 - 교차로부근,승용,남,63세,상해없음,승용,여,48세,부상신고
2019032900100048,2019년 3월 29일 02시,금요일,대전광역시 서구 둔산동,경상사고,0,0,2,1,차대차 - 기타,신호위반,건조,맑음,교차로 - 교차로안,승용,여,21세,상해없음,승용,남,76세,경상
2019032900100102,2019년 3월 29일 07시,금요일,대전광역시 유성구 장대동,중상사고,0,1,0,0,차대차 - 추돌,과속,건조,맑음,교차로 - 교차로안,승용,여,50세,상해없음,자전거,남,86세,중상
2019032900100103,2019년 3월 29일 07시,금요일,대전광역시 유성구 봉명동,경상사고,0,0,1,0,차대차 - 추돌,안전운전불이행,건조,맑음,단일로 - 기타,승용,여,29세,상해없음,승용,여,49세,경상
2019032900100144,2019년 3월 29일 08시,금요일,대전광역시 중구 오류동,경상사고,0,0,1,0,차대차 - 기타,안전거리미확보,건조,맑음,단일로 - 기타,원동기,남,36세,상해없음,승용,남,65세,경상
2019032900100145,2019년 3월 29일 08시,금요일,대전광역시 중구 용두동,중상사고,0,1,0,0,차대사람 - 차도통행중,안전운전불이행,건조,맑음,단일로 - 기타,승용,여,44세,상해없음,보행자,여,79세,중상
2019032900100173,2019년 3월 29일 09시,금요일,대전광역시 중구 대사동,경상사고,0,0,1,0,차대차 - 기타,신호위반,건조,맑음,교차로 - 교차로안,화물,남,70세,상해없음,승용,남,70세,경상
2019032900100256,2019년 3월 29일 11시,금요일,대전광역시 중구 은행동,사망사고,1,0,0,0,차대사람 - 기타,보행자보호의무위반,건조,맑음,교차로 - 교차로횡단보도내,화물,남,46세,상해없음,보행자,남,84세,사망
2019032900100257,2019년 3월 29일 11시,금요일,대전광역시 서구 관저동,경상사고,0,0,4,0,차대차 - 측면충돌,안전거리미확보,건조,맑음,단일로 - 기타,승용,여,21세,경상,화물,남,66세,경상
2019032900100288,2019년 3월 29일 12시,금요일,대전광역시 유성구 죽동,경상사고,0,0,1,0,차대차 - 기타,안전운전불이행,건조,맑음,단일로 - 기타,승용,여,23세,상해없음,이륜,남,29세,경상
2019032900100399,2019년 3월 29일 15시,금요일,대전광역시 동구 홍도동,경상사고,0,0,1,0,차대사람 - 기타,안전운전불이행,건조,맑음,단일로 - 기타,승용,남,24세,상해없음,보행자,남,45세,경상
2019032900100451,2019년 3월 29일 16시,금요일,대전광역시 중구 중촌동,경상사고,0,0,1,0,차대차 - 추돌,안전운전불이행,건조,맑음,교차로 - 교차로횡단보도내,승용,남,64세,상해없음,승용,여,46세,상해없음
2019032900100452,2019년 3월 29일 16시,금요일,대전광역시 유성구 용산동,경상사고,0,0,1,0,차대차 - 기타,안전거리미확보,건조,맑음,단일로 - 기타,승용,남,43세,상해없음,화물,남,27세,경상
2019032900100453,2019년 3월 29일 16시,금요일,대전광역시 유성구 구성동,중상사고,0,1,1,0,차대차 - 기타,안전운전불이행,건조,맑음,교차로 - 교차로안,승용,남,54세,상해없음,화물,남,47세,경상
2019032900100504,2019년 3월 29일 17시,금요일,대전광역시 대덕구 신탄진동,경상사고,0,0,1,0,차대차 - 기타,안전운전불이행,건조,맑음,단일로 - 기타,이륜,남,24세,상해없음,승용,남,43세,경상
2019032900100551,2019년 3월 29일 18시,금요일,대전광역시 동구 가양동,경상사고,0,0,2,0,차대차 - 측면충돌,교차로운행방법위반,건조,맑음,교차로 - 교차로안,승용,여,35세,상해없음,승용,여,30세,경상
2019032900100595,2019년 3월 29일 19시,금요일,대전광역시 동구 가오동,경상사고,0,0,1,0,차대차 - 추돌,안전운전불이행,건조,맑음,교차로 - 교차로부근,승합,남,37세,상해없음,승용,여,42세,경상
2019032900100596,2019년 3월 29일 19시,금요일,대전광역시 서구 갈마동,경상사고,0,0,3,0,차대차 - 기타,안전거리미확보,건조,맑음,단일로 - 기타,승용,남,48세,상해없음,승용,여,54세,경상
2019032900100627,2019년 3월 29일 20시,금요일,대전광역시 중구 대흥동,부상신고사고,0,0,0,1,차대차 - 기타,안전운전불이행,건조,맑음,단일로 - 기타,이륜,남,60세,상해없음,승용,여,54세,부상신고
2019032900100628,2019년 3월 29일 20시,금요일,대전광역시 중구 산성동,경상사고,0,0,1,0,차대사람 - 기타,안전운전불이행,건조,맑음,교차로 - 교차로안,화물,남,62세,상해없음,보행자,여,69세,경상
2019032900100629,2019년 3월 29일 20시,금요일,대전광역시 유성구 상대동,중상사고,0,1,0,0,차대차 - 측면충돌,신호위반,건조,맑음,단일로 - 기타,승용,남,63세,상해없음,자전거,남,13세,중상
2019032900100668,2019년 3월 29일 21시,금요일,대전광역시 유성구 관평동,경상사고,0,0,1,0,차대차 - 측면충돌,교차로운행방법위반,건조,맑음,교차로 - 교차로안,승용,여,45세,기타불명,승용,여,35세,경상
2019032900100693,2019년 3월 29일 22시,금요일,대전광역시 동구 용전동,경상사고,0,0,1,0,차대사람 - 횡단중,보행자보호의무위반,건조,맑음,단일로 - 기타,승용,남,36세,상해없음,보행자,남,76세,경상
2019033000100042,2019년 3월 30일 00시,토요일,대전광역시 서구 탄방동,경상사고,0,0,1,0,차량단독 - 공작물충돌,안전운전불이행,건조,맑음,교차로 - 교차로안,승용,여,66세,상해없음,,,,
2019033000100077,2019년 3월 30일 01시,토요일,대전광역시 중구 오류동,경상사고,0,0,1,0,차대차 - 정면충돌,교차로운행방법위반,젖음/습기,흐림,교차로 - 교차로안,승용,남,52세,상해없음,이륜,남,32세,경상
2019033000100078,2019년 3월 30일 01시,토요일,대전광역시 서구 둔산동,경상사고,0,0,2,0,차대차 - 정면충돌,중앙선침범,젖음/습기,비,교차로 - 교차로안,승용,남,49세,상해없음,승합,남,52세,경상
2019033000100079,2019년 3월 30일 01시,토요일,대전광역시 유성구 관평동,중상사고,0,1,0,0,차대차 - 측면충돌,신호위반,젖음/습기,비,교차로 - 교차로안,승용,여,46세,기타불명,승용,남,56세,중상
2019033000100099,2019년 3월 30일 02시,토요일,대전광역시 중구 선화동,중상사고,0,1,0,0,차대사람 - 횡단중,안전운전불이행,젖음/습기,비,단일로 - 기타,이륜,남,33세,상해없음,보행자,남,39세,중상
2019033000100100,2019년 3월 30일 02시,토요일,대전광역시 유성구 봉명동,경상사고,0,0,2,0,차대차 - 추돌,안전거리미확보,젖음/습기,비,단일로 - 기타,승용,남,24세,상해없음,승용,남,62세,경상
2019033000100124,2019년 3월 30일 03시,토요일,대전광역시 서구 월평동,경상사고,0,0,5,0,차대차 - 기타,안전거리미확보,젖음/습기,비,단일로 - 기타,승용,여,24세,경상,승용,여,23세,경상
2019033000100148,2019년 3월 30일 05시,토요일,대전광역시 서구 둔산동,경상사고,0,0,1,0,차대사람 - 기타,안전운전불이행,젖음/습기,비,교차로 - 교차로부근,승용,남,65세,상해없음,보행자,남,24세,경상
2019033000100149,2019년 3월 30일 05시,토요일,대전광역시 유성구 봉명동,경상사고,0,0,1,0,차대차 - 측면충돌,신호위반,젖음/습기,흐림,교차로 - 교차로안,승용,여,25세,상해없음,승용,남,38세,경상
2019033000100164,2019년 3월 30일 06시,토요일,대전광역시 유성구 장대동,중상사고,0,1,0,0,차대차 - 측면충돌,신호위반,건조,맑음,교차로 - 교차로안,승용,여,69세,기타불명,승용,남,68세,중상
2019033000100204,2019년 3월 30일 08시,토요일,대전광역시 유성구 봉명동,경상사고,0,0,5,0,차대차 - 측면충돌,안전운전불이행,건조,맑음,교차로 - 교차로부근,승용,남,61세,상해없음,승용,남,25세,경상
2019033000100256,2019년 3월 30일 10시,토요일,대전광역시 대덕구 비래동,경상사고,0,0,1,0,차대차 - 기타,안전운전불이행,건조,맑음,교차로 - 교차로안,화물,남,77세,상해없음,화물,남,54세,경상
2019033000100257,2019년 3월 30일 10시,토요일,대전광역시 서구 만년동,경상사고,0,0,1,0,차대차 - 추돌,안전운전불이행,건조,맑음,단일로 - 기타,화물,남,44세,상해없음,승용,남,40세,경상
2019033000100258,2019년 3월 30일 10시,토요일,대전광역시 유성구 궁동,경상사고,0,0,2,0,차대차 - 측면충돌,교차로운행방법위반,건조,맑음,교차로 - 교차로안,승용,남,24세,상해없음,승용,여,45세,경상
2019033000100384,2019년 3월 30일 13시,토요일,대전광역시 유성구 봉명동,경상사고,0,0,2,0,차대사람 - 횡단중,안전운전불이행,건조,맑음,교차로 - 교차로안,승용,남,57세,상해없음,보행자,여,23세,경상
2019033000100453,2019년 3월 30일 15시,토요일,대전광역시 동구 인동,경상사고,0,0,1,0,차대차 - 기타,신호위반,건조,맑음,교차로 - 교차로안,승용,남,72세,상해없음,이륜,남,36세,경상
2019033000100496,2019년 3월 30일 16시,토요일,대전광역시 서구 탄방동,경상사고,0,0,2,0,차대차 - 추돌,안전운전불이행,건조,맑음,교차로 - 교차로부근,승용,여,40세,상해없음,승용,남,24세,경상
2019033000100534,2019년 3월 30일 17시,토요일,대전광역시 중구 오류동,경상사고,0,0,1,0,차대차 - 측면충돌,신호위반,건조,맑음,교차로 - 교차로안,승용,여,45세,상해없음,승용,여,52세,경상
2019033000100535,2019년 3월 30일 17시,토요일,대전광역시 서구 도마동,중상사고,0,1,1,0,차대차 - 측면충돌,안전운전불이행,건조,흐림,교차로 - 교차로부근,이륜,남,48세,중상,승용,남,61세,경상
2019033000100563,2019년 3월 30일 18시,토요일,대전광역시 서구 둔산동,경상사고,0,0,2,0,차대차 - 기타,안전거리미확보,젖음/습기,비,단일로 - 기타,승용,남,53세,상해없음,화물,남,53세,경상
2019033000100597,2019년 3월 30일 19시,토요일,대전광역시 대덕구 비래동,경상사고,0,0,1,0,차대차 - 후진중충돌,안전운전불이행,건조,맑음,단일로 - 기타,승용,남,37세,상해없음,이륜,남,52세,경상
2019033000100685,2019년 3월 30일 22시,토요일,대전광역시 동구 용전동,경상사고,0,0,1,0,차대차 - 후진중충돌,안전운전불이행,건조,맑음,교차로 - 교차로안,승용,남,33세,상해없음,승용,남,23세,경상
2019033000100703,2019년 3월 30일 23시,토요일,대전광역시 동구 홍도동,경상사고,0,0,1,0,차대차 - 기타,안전운전불이행,건조,맑음,단일로 - 기타,승용,남,39세,상해없음,이륜,남,42세,경상
2019033000100704,2019년 3월 30일 23시,토요일,대전광역시 대덕구 신탄진동,경상사고,0,0,3,0,차대차 - 측면충돌,안전운전불이행,건조,맑음,단일로 - 기타,승용,남,64세,상해없음,승용,남,26세,경상
2019033100100083,2019년 3월 31일 04시,일요일,대전광역시 중구 은행동,경상사고,0,0,1,0,차대차 - 정면충돌,중앙선침범,건조,맑음,단일로 - 기타,승용,남,48세,상해없음,승용,남,25세,상해없음
2019033100100102,2019년 3월 31일 07시,일요일,대전광역시 동구 용전동,경상사고,0,0,1,0,차대차 - 기타,안전운전불이행,건조,맑음,단일로 - 기타,승용,여,51세,상해없음,승용,남,54세,경상
2019033100100103,2019년 3월 31일 07시,일요일,대전광역시 서구 괴정동,중상사고,0,1,0,0,차대차 - 측면충돌,안전운전불이행,건조,맑음,교차로 - 교차로안,승용,남,26세,상해없음,승용,여,29세,중상
2019033100100188,2019년 3월 31일 12시,일요일,대전광역시 동구 삼성동,경상사고,0,0,1,0,차대차 - 측면충돌,신호위반,건조,맑음,교차로 - 교차로부근,승용,남,70세,상해없음,승용,남,55세,경상
2019033100100189,2019년 3월 31일 12시,일요일,대전광역시 서구 탄방동,경상사고,0,0,1,0,차대차 - 추돌,안전운전불이행,건조,맑음,교차로 - 교차로부근,승용,남,37세,상해없음,승용,남,60세,경상
2019033100100190,2019년 3월 31일 12시,일요일,대전광역시 서구 월평동,경상사고,0,0,7,0,차대차 - 추돌,안전운전불이행,건조,맑음,교차로 - 교차로부근,승용,남,23세,상해없음,승용,여,62세,경상
2019033100100191,2019년 3월 31일 12시,일요일,대전광역시 유성구 반석동,부상신고사고,0,0,0,1,차대차 - 기타,안전거리미확보,건조,맑음,단일로 - 기타,승용,남,46세,상해없음,승용,남,19세,부상신고
2019033100100247,2019년 3월 31일 14시,일요일,대전광역시 중구 대흥동,경상사고,0,0,1,0,차대차 - 측면충돌,안전운전불이행,건조,맑음,단일로 - 기타,승용,남,19세,상해없음,승용,남,26세,경상
2019033100100272,2019년 3월 31일 15시,일요일,대전광역시 중구 오류동,경상사고,0,0,1,0,차대차 - 측면충돌,안전운전불이행,건조,맑음,단일로 - 기타,승용,여,50세,상해없음,승용,여,39세,경상
2019033100100273,2019년 3월 31일 15시,일요일,대전광역시 서구 변동,경상사고,0,0,1,0,차대사람 - 횡단중,신호위반,건조,맑음,교차로 - 교차로횡단보도내,승용,여,57세,상해없음,보행자,남,7세,경상
2019033100100274,2019년 3월 31일 15시,일요일,대전광역시 대덕구 중리동,경상사고,0,0,2,0,차대차 - 기타,안전운전불이행,건조,맑음,기타 - 기타,승용,남,46세,기타불명,승용,여,36세,경상
2019033100100275,2019년 3월 31일 15시,일요일,대전광역시 유성구 지족동,중상사고,0,1,0,0,차량단독 - 기타,안전운전불이행,건조,맑음,단일로 - 기타,이륜,남,16세,상해없음,,,,
2019033100100366,2019년 3월 31일 18시,일요일,대전광역시 중구 목동,경상사고,0,0,1,0,차대차 - 추돌,안전운전불이행,건조,맑음,교차로 - 교차로부근,화물,남,56세,상해없음,승용,남,54세,경상
2019033100100367,2019년 3월 31일 18시,일요일,대전광역시 중구 호동,경상사고,0,0,1,0,차대차 - 측면충돌,안전운전불이행,건조,맑음,교차로 - 교차로안,승용,남,64세,상해없음,승용,여,45세,경상
2019033100100398,2019년 3월 31일 19시,일요일,대전광역시 유성구 죽동,경상사고,0,0,1,0,차대차 - 기타,교차로운행방법위반,건조,흐림,교차로 - 교차로안,승용,남,52세,상해없음,승용,여,66세,경상
2019033100100459,2019년 3월 31일 22시,일요일,대전광역시 유성구 지족동,경상사고,0,0,2,0,차대차 - 측면충돌,안전운전불이행,건조,맑음,교차로 - 교차로안,승용,남,50세,상해없음,승용,남,46세,경상
2019040100100126,2019년 4월 1일 07시,월요일,대전광역시 서구 둔산동,경상사고,0,0,1,0,차대차 - 추돌,안전운전불이행,건조,맑음,단일로 - 기타,승합,남,67세,상해없음,승용,남,30세,경상
2019040100100176,2019년 4월 1일 08시,월요일,대전광역시 대덕구 송촌동,중상사고,0,1,0,0,차대차 - 기타,안전운전불이행,건조,맑음,단일로 - 기타,화물,남,63세,상해없음,자전거,남,83세,중상
2019040100100177,2019년 4월 1일 08시,월요일,대전광역시 대덕구 오정동,경상사고,0,0,1,0,차대사람 - 기타,안전운전불이행,건조,맑음,교차로 - 교차로안,승용,남,54세,상해없음,보행자,여,35세,경상
2019040100100316,2019년 4월 1일 12시,월요일,대전광역시 서구 만년동,경상사고,0,0,1,0,차대차 - 기타,안전운전불이행,건조,맑음,교차로 - 교차로안,승용,여,49세,상해없음,건설기계,남,63세,경상
2019040100100516,2019년 4월 1일 17시,월요일,대전광역시 중구 태평동,사망사고,1,0,0,0,차대사람 - 기타,안전운전불이행,건조,맑음,단일로 - 기타,승용,남,59세,상해없음,보행자,여,55세,사망
2019040100100517,2019년 4월 1일 17시,월요일,대전광역시 유성구 원내동,중상사고,0,1,0,0,차대차 - 기타,안전거리미확보,건조,맑음,단일로 - 기타,승용,남,74세,상해없음,승합,남,62세,상해없음
2019040100100571,2019년 4월 1일 18시,월요일,대전광역시 동구 가양동,경상사고,0,0,1,0,차대사람 - 횡단중,안전운전불이행,건조,맑음,단일로 - 기타,승합,남,57세,상해없음,보행자,여,6세,경상
2019040100100572,2019년 4월 1일 18시,월요일,대전광역시 서구 갈마동,경상사고,0,0,2,0,차대차 - 측면충돌,신호위반,건조,맑음,교차로 - 교차로안,승용,여,51세,상해없음,승용,남,64세,경상