사고번호,사고일시,요일,시군구,사고내용,사망자수,중상자수,경상자수,부상신고자수,사고유형,법규위반,노면상태,기상상태,도로형태,가해운전자 차종,가해운전자 성별,가해운전자 연령,가해운전자 상해정도,피해운전자 차종,피해운전자 성별,피해운전자 연령,피해운전자 상해정도
2019040100100659,2019년 4월 1일 21시,월요일,대전광역시 중구 오류동,경상사고,0,0,1,0,차대사람 - 횡단중,보행자보호의무위반,건조,맑음,교차로 - 교차로횡단보도내,승용,남,65세,상해없음,보행자,여,48세,경상
2019040100100660,2019년 4월 1일 21시,월요일,대전광역시 유성구 봉명동,경상사고,0,0,5,2,차대차 - 측면충돌,신호위반,건조,맑음,교차로 - 교차로부근,승용,여,57세,상해없음,승합,남,39세,경상
2019040100100677,2019년 4월 1일 22시,월요일,대전광역시 서구 만년동,경상사고,0,0,1,0,차대차 - 측면충돌,신호위반,건조,맑음,교차로 - 교차로안,승용,남,53세,상해없음,승용,여,48세,경상
2019040100100678,2019년 4월 1일 22시,월요일,대전광역시 유성구 장대동,경상사고,0,0,2,0,차대차 - 기타,신호위반,건조,맑음,교차로 - 교차로안,승용,남,27세,상해없음,화물,남,37세,상해없음
2019040100100697,2019년 4월 1일 23시,월요일,대전광역시 중구 문화동,경상사고,0,0,1,0,차량단독 - 기타,안전운전불이행,건조,맑음,기타 - 기타,승용,남,34세,상해없음,,,,
2019040100100698,2019년 4월 1일 23시,월요일,대전광역시 서구 둔산동,경상사고,0,0,1,0,차대차 - 측면충돌,신호위반,건조,맑음,교차로 - 교차로안,승용,남,32세,상해없음,승용,남,30세,경상
2019040200100060,2019년 4월 2일 03시,화요일,대전광역시 중구 유천동,중상사고,0,1,2,0,차대차 - 측면충돌,신호위반,건조,맑음,교차로 - 교차로안,승용,남,70세,상해없음,승용,남,48세,경상
2019040200100089,2019년 4월 2일 06시,화요일,대전광역시 대덕구 신일동,중상사고,0,1,1,0,차대차 - 기타,신호위반,건조,맑음,교차로 - 교차로안,승용,여,53세,상해없음,승용,여,56세,중상
2019040200100179,2019년 4월 2일 08시,화요일,대전광역시 유성구 죽동,경상사고,0,0,3,0,차대차 - 추돌,신호위반,건조,맑음,교차로 - 교차로안,승용,남,67세,상해없음,승용,남,56세,경상
2019040200100316,2019년 4월 2일 12시,화요일,대전광역시 동구 용전동,경상사고,0,0,2,0,차대차 - 측면충돌,안전운전불이행,건조,맑음,단일로 - 기타,화물,남,55세,상해없음,화물,남,61세,경상
2019040200100317,2019년 4월 2일 12시,화요일,대전광역시 서구 월평동,경상사고,0,0,1,0,차대차 - 기타,안전운전불이행,건조,맑음,단일로 - 기타,화물,남,53세,상해없음,자전거,남,65세,경상
2019040200100349,2019년 4월 2일 13시,화요일,대전광역시 중구 태평동,부상신고사고,0,0,0,1,차대차 - 측면충돌,안전운전불이행,건조,맑음,교차로 - 교차로횡단보도내,자전거,남,79세,부상신고,승용,남,56세,상해없음
2019040200100350,2019년 4월 2일 13시,화요일,대전광역시 유성구 봉명동,경상사고,0,0,1,0,차대차 - 기타,안전운전불이행,건조,맑음,단일로 - 기타,승용,남,52세,상해없음,이륜,남,31세,경상
2019040200100424,2019년 4월 2일 15시,화요일,대전광역시 유성구 덕진동,부상신고사고,0,0,0,1,차대차 - 측면충돌,안전운전불이행,건조,맑음,교차로 - 교차로부근,승용,남,67세,상해없음,승용,남,62세,부상신고
2019040200100461,2019년 4월 2일 16시,화요일,대전광역시 동구 가양동,경상사고,0,0,2,0,차대차 - 측면충돌,안전운전불이행,건조,맑음,단일로 - 기타,이륜,남,54세,경상,승용,남,40세,경상
2019040200100499,2019년 4월 2일 17시,화요일,대전광역시 중구 부사동,경상사고,0,0,4,0,차대차 - 측면충돌,신호위반,건조,맑음,교차로 - 교차로부근,승용,남,60세,상해없음,승용,남,64세,경상
2019040200100500,2019년 4월 2일 17시,화요일,대전광역시 대덕구 대화동,경상사고,0,0,1,0,차대차 - 기타,안전운전불이행,건조,맑음,단일로 - 기타,승용,남,29세,기타불명,승합,남,47세,경상
2019040200100501,2019년 4월 2일 17시,화요일,대전광역시 유성구 봉산동,경상사고,0,0,1,0,차대차 - 기타,안전운전불이행,건조,맑음,교차로 - 교차로안,승용,남,57세,상해없음,자전거,남,63세,경상
2019040200100502,2019년 4월 2일 17시,화요일,대전광역시 유성구 장대동,경상사고,0,0,1,0,차대사람 - 길가장자리구역통행중,안전운전불이행,건조,맑음,단일로 - 기타,화물,남,70세,기타불명,보행자,남,51세,경상
2019040200100545,2019년 4월 2일 18시,화요일,대전광역시 중구 선화동,경상사고,0,0,1,0,차대차 - 측면충돌,안전운전불이행,건조,맑음,단일로 - 기타,기타불명,기타불명,미분류,기타불명,승용,여,55세,경상
2019040200100589,2019년 4월 2일 19시,화요일,대전광역시 중구 유천동,경상사고,0,0,1,0,차대차 - 추돌,안전운전불이행,건조,맑음,교차로 - 교차로안,승용,여,52세,상해없음,승용,남,37세,경상
2019040200100590,2019년 4월 2일 19시,화요일,대전광역시 서구 관저동,경상사고,0,0,1,0,차대차 - 측면충돌,안전거리미확보,건조,맑음,교차로 - 교차로부근,기타불명,기타불명,미분류,기타불명,이륜,남,72세,경상
2019040200100623,2019년 4월 2일 20시,화요일,대전광역시 중구 산성동,경상사고,0,0,1,0,차대사람 - 기타,보행자보호의무위반,건조,맑음,교차로 - 교차로횡단보도내,승용,여,48세,상해없음,보행자,남,54세,경상
2019040200100663,2019년 4월 2일 22시,화요일,대전광역시 대덕구 비래동,경상사고,0,0,2,0,차대차 - 추돌,안전운전불이행,젖음/습기,흐림,기타 - 기타,승용,여,24세,상해없음,승용,남,32세,경상
2019040300100046,2019년 4월 3일 01시,수요일,대전광역시 동구 삼성동,경상사고,0,0,1,0,차대차 - 측면충돌,신호위반,건조,맑음,교차로 - 교차로안,화물,남,53세,상해없음,승용,여,33세,경상
2019040300100047,2019년 4월 3일 01시,수요일,대전광역시 동구 가양동,경상사고,0,0,2,0,차대차 - 추돌,안전운전불이행,건조,맑음,교차로 - 교차로부근,승용,남,66세,상해없음,승합,남,58세,경상
2019040300100121,2019년 4월 3일 07시,수요일,대전광역시 서구 관저동,경상사고,0,0,1,0,차대차 - 측면충돌,교차로운행방법위반,건조,맑음,교차로 - 교차로안,승용,남,64세,상해없음,승용,여,44세,경상
2019040300100122,2019년 4월 3일 07시,수요일,대전광역시 유성구 궁동,중상사고,0,1,0,0,차대차 - 기타,안전운전불이행,건조,맑음,교차로 - 교차로안,승용,여,23세,상해없음,승용,남,48세,중상
2019040300100192,2019년 4월 3일 09시,수요일,대전광역시 동구 가오동,경상사고,0,0,3,0,차대차 - 측면충돌,신호위반,건조,맑음,교차로 - 교차로안,승용,남,59세,경상,승용,남,69세,경상
2019040300100221,2019년 4월 3일 10시,수요일,대전광역시 대덕구 문평동,경상사고,0,0,1,0,차대차 - 기타,안전운전불이행,건조,맑음,단일로 - 기타,승용,여,56세,상해없음,자전거,남,66세,경상
2019040300100302,2019년 4월 3일 13시,수요일,대전광역시 유성구 반석동,경상사고,0,0,1,0,차대차 - 측면충돌,안전거리미확보,건조,맑음,단일로 - 기타,승용,여,39세,기타불명,승용,남,58세,경상
2019040300100343,2019년 4월 3일 14시,수요일,대전광역시 중구 선화동,경상사고,0,0,1,0,차대사람 - 차도통행중,안전운전불이행,건조,맑음,단일로 - 기타,승용,남,57세,상해없음,보행자,여,74세,경상
2019040300100374,2019년 4월 3일 15시,수요일,대전광역시 유성구 반석동,경상사고,0,0,4,0,차대차 - 측면충돌,안전운전불이행,건조,맑음,교차로 - 교차로부근,승용,여,42세,상해없음,승용,여,33세,경상
2019040300100413,2019년 4월 3일 16시,수요일,대전광역시 서구 월평동,경상사고,0,0,2,0,차대차 - 측면충돌,안전운전불이행,건조,맑음,교차로 - 교차로안,승용,남,38세,상해없음,승용,남,30세,경상
2019040300100414,2019년 4월 3일 16시,수요일,대전광역시 유성구 궁동,경상사고,0,0,1,0,차대사람 - 기타,신호위반,건조,맑음,교차로 - 교차로부근,이륜,남,21세,상해없음,보행자,남,40세,경상
2019040300100467,2019년 4월 3일 17시,수요일,대전광역시 서구 탄방동,경상사고,0,0,1,0,차대차 - 기타,안전운전불이행,건조,맑음,단일로 - 기타,화물,남,46세,상해없음,승용,여,47세,경상
2019040300100468,2019년 4월 3일 17시,수요일,대전광역시 유성구 구암동,경상사고,0,0,1,0,차대차 - 측면충돌,안전거리미확보,건조,맑음,단일로 - 기타,승용,남,40세,상해없음,승용,남,65세,경상
2019040300100469,2019년 4월 3일 17시,수요일,대전광역시 유성구 관평동,경상사고,0,0,1,0,차대차 - 기타,중앙선침범,건조,맑음,단일로 - 기타,원동기,남,37세,상해없음,승용,남,37세,경상
2019040300100502,2019년 4월 3일 18시,수요일,대전광역시 서구 도마동,경상사고,0,0,1,0,차대차 - 측면충돌,기타,건조,맑음,교차로 - 교차로부근,자전거,남,36세,경상,승용,여,56세,상해없음
2019040300100503,2019년 4월 3일 18시,수요일,대전광역시 서구 월평동,경상사고,0,0,1,0,차대사람 - 기타,안전운전불이행,건조,맑음,단일로 - 기타,승용,여,48세,상해없음,보행자,남,7세,경상
2019040300100504,2019년 4월 3일 18시,수요일,대전광역시 서구 탄방동,경상사고,0,0,2,0,차량단독 - 기타,안전운전불이행,건조,맑음,단일로 - 기타,승합,남,50세,상해없음,,,,
2019040300100594,2019년 4월 3일 21시,수요일,대전광역시 서구 월평동,경상사고,0,0,2,0,차대차 - 기타,안전운전불이행,건조,맑음,교차로 - 교차로부근,승용,남,20세,상해없음,승용,남,72세,경상
2019040400100028,2019년 4월 4일 00시,목요일,대전광역시 서구 둔산동,중상사고,0,1,0,0,차대사람 - 기타,안전운전불이행,건조,맑음,단일로 - 기타,승용,남,40세,상해없음,보행자,남,37세,중상
2019040400100038,2019년 4월 4일 01시,목요일,대전광역시 서구 둔산동,경상사고,0,0,2,0,차대차 - 추돌,안전운전불이행,건조,맑음,교차로 - 교차로부근,승용,남,56세,상해없음,승용,남,51세,경상
2019040400100072,2019년 4월 4일 05시,목요일,대전광역시 중구 대흥동,경상사고,0,0,2,0,차대차 - 측면충돌,안전운전불이행,건조,맑음,교차로 - 교차로안,승용,여,63세,상해없음,화물,남,26세,경상
2019040400100119,2019년 4월 4일 07시,목요일,대전광역시 서구 둔산동,경상사고,0,0,1,0,차대사람 - 기타,보행자보호의무위반,건조,맑음,교차로 - 교차로횡단보도내,승용,남,57세,상해없음,보행자,여,33세,경상
2019040400100120,2019년 4월 4일 07시,목요일,대전광역시 유성구 봉산동,경상사고,0,0,1,0,차량단독 - 기타,기타,건조,맑음,단일로 - 기타,승합,남,57세,기타불명,,,,
2019040400100173,2019년 4월 4일 08시,목요일,대전광역시 대덕구 법동,경상사고,0,0,1,0,차대차 - 측면충돌,안전운전불이행,건조,맑음,단일로 - 기타,승용,여,52세,상해없음,승용,남,32세,경상
2019040400100206,2019년 4월 4일 09시,목요일,대전광역시 유성구 장대동,경상사고,0,0,1,0,차대차 - 기타,안전운전불이행,건조,맑음,교차로 - 교차로부근,승용,여,44세,상해없음,승용,여,55세,경상
2019040400100328,2019년 4월 4일 13시,목요일,대전광역시 대덕구 비래동,중상사고,0,1,0,0,차대사람 - 횡단중,보행자보호의무위반,건조,맑음,교차로 - 교차로횡단보도내,건설기계,남,55세,상해없음,보행자,여,78세,중상
2019040400100329,2019년 4월 4일 13시,목요일,대전광역시 서구 둔산동,경상사고,0,0,1,0,차대사람 - 길가장자리구역통행중,안전운전불이행,건조,맑음,단일로 - 기타,승용,남,25세,기타불명,보행자,남,29세,경상
2019040400100330,2019년 4월 4일 13시,목요일,대전광역시 유성구 관평동,경상사고,0,0,2,0,차대차 - 기타,안전운전불이행,건조,맑음,단일로 - 기타,승용,여,39세,상해없음,승용,여,48세,경상
2019040400100433,2019년 4월 4일 16시,목요일,대전광역시 서구 도마동,중상사고,0,1,0,0,차대차 - 기타,안전운전불이행,건조,맑음,단일로 - 기타,승용,여,68세,상해없음,자전거,남,70세,중상
2019040400100434,2019년 4월 4일 16시,목요일,대전광역시 서구 용문동,경상사고,0,0,1,0,차량단독 - 기타,안전운전불이행,건조,맑음,단일로 - 기타,승합,남,53세,상해없음,,,,
2019040400100479,2019년 4월 4일 17시,목요일,대전광역시 서구 도마동,경상사고,0,0,1,0,차대차 - 추돌,안전운전불이행,건조,맑음,단일로 - 기타,승용,남,29세,상해없음,승용,남,36세,경상
2019040400100559,2019년 4월 4일 19시,목요일,대전광역시 동구 성남동,경상사고,0,0,1,0,차대차 - 정면충돌,신호위반,건조,맑음,교차로 - 교차로안,승용,남,63세,상해없음,자전거,남,12세,경상
2019040400100560,2019년 4월 4일 19시,목요일,대전광역시 유성구 하기동,경상사고,0,0,1,0,차대차 - 기타,안전운전불이행,건조,맑음,교차로 - 교차로안,승용,남,28세,상해없음,이륜,남,19세,경상
2019040400100602,2019년 4월 4일 20시,목요일,대전광역시 서구 관저동,경상사고,0,0,1,0,차대차 - 추돌,안전운전불이행,건조,맑음,단일로 - 기타,이륜,남,27세,경상,승합,남,65세,상해없음
2019040400100675,2019년 4월 4일 23시,목요일,대전광역시 유성구 장대동,경상사고,0,0,1,0,차대차 - 기타,신호위반,건조,맑음,교차로 - 교차로안,승용,남,59세,상해없음,승용,남,23세,경상
2019040500100050,2019년 4월 5일 00시,금요일,대전광역시 중구 용두동,경상사고,0,0,3,0,차대차 - 추돌,안전운전불이행,건조,맑음,교차로 - 교차로부근,승용,여,36세,상해없음,승용,남,22세,경상
2019040500100068,2019년 4월 5일 03시,금요일,대전광역시 유성구 봉명동,경상사고,0,0,1,0,차대사람 - 기타,안전운전불이행,건조,맑음,교차로 - 교차로안,승용,여,39세,상해없음,보행자,여,58세,경상
2019040500100081,2019년 4월 5일 05시,금요일,대전광역시 대덕구 법동,중상사고,0,1,0,0,차대사람 - 횡단중,보행자보호의무위반,건조,맑음,교차로 - 교차로부근,승용,남,63세,상해없음,보행자,남,41세,중상
2019040500100113,2019년 4월 5일 07시,금요일,대전광역시 동구 성남동,경상사고,0,0,1,0,차대차 - 추돌,안전거리미확보,건조,맑음,단일로 - 기타,승용,여,58세,상해없음,화물,남,43세,경상
2019040500100150,2019년 4월 5일 08시,금요일,대전광역시 동구 가양동,경상사고,0,0,2,0,차대차 - 추돌,안전운전불이행,건조,맑음,교차로 - 교차로부근,승용,여,52세,상해없음,승용,남,58세,경상
2019040500100151,2019년 4월 5일 08시,금요일,대전광역시 유성구 장대동,경상사고,0,0,3,0,차대차 - 추돌,안전거리미확보,건조,맑음,교차로 - 교차로부근,승용,남,30세,상해없음,승용,여,63세,경상
2019040500100181,2019년 4월 5일 09시,금요일,대전광역시 유성구 도룡동,중상사고,0,1,1,0,차대차 - 측면충돌,안전운전불이행,건조,맑음,교차로 - 교차로부근,승용,여,61세,상해없음,이륜,남,73세,경상
2019040500100208,2019년 4월 5일 10시,금요일,대전광역시 서구 월평동,경상사고,0,0,1,0,차대차 - 기타,교차로운행방법위반,건조,맑음,교차로 - 교차로안,승합,남,61세,상해없음,승용,여,59세,경상
2019040500100330,2019년 4월 5일 14시,금요일,대전광역시 중구 문화동,경상사고,0,0,2,0,차대차 - 측면충돌,교차로운행방법위반,건조,맑음,교차로 - 교차로안,화물,남,61세,경상,승용,여,53세,경상
2019040500100331,2019년 4월 5일 14시,금요일,대전광역시 동구 원동,경상사고,0,0,1,0,차대사람 - 기타,안전운전불이행,건조,맑음,단일로 - 기타,승용,여,36세,상해없음,보행자,여,66세,경상
2019040500100410,2019년 4월 5일 16시,금요일,대전광역시 서구 둔산동,중상사고,0,1,3,0,차대차 - 기타,안전운전불이행,건조,맑음,교차로 - 교차로안,승용,여,41세,중상,승용,남,63세,경상
2019040500100411,2019년 4월 5일 16시,금요일,대전광역시 유성구 구암동,경상사고,0,0,2,0,차대차 - 기타,차로위반,건조,맑음,단일로 - 기타,승용,남,74세,상해없음,승용,남,61세,경상
2019040500100470,2019년 4월 5일 17시,금요일,대전광역시 중구 유천동,중상사고,0,1,0,0,차대사람 - 횡단중,보행자보호의무위반,건조,맑음,교차로 - 교차로안,승용,여,64세,상해없음,보행자,여,5세,중상
2019040500100471,2019년 4월 5일 17시,금요일,대전광역시 서구 둔산동,중상사고,0,1,0,0,차대차 - 기타,교차로운행방법위반,건조,맑음,교차로 - 교차로안,승용,여,47세,상해없음,승용,남,43세,중상
2019040500100520,2019년 4월 5일 18시,금요일,대전광역시 서구 복수동,경상사고,0,0,1,0,차대차 - 추돌,안전운전불이행,건조,맑음,단일로 - 기타,승용,여,50세,상해없음,승용,여,53세,경상
2019040500100521,2019년 4월 5일 18시,금요일,대전광역시 대덕구 석봉동,중상사고,0,1,0,0,차대사람 - 횡단중,보행자보호의무위반,건조,맑음,교차로 - 교차로횡단보도내,화물,남,56세,상해없음,보행자,남,59세,중상
2019040500100522,2019년 4월 5일 18시,금요일,대전광역시 유성구 자운동,경상사고,0,0,1,0,차대차 - 기타,신호위반,건조,맑음,교차로 - 교차로부근,승용,여,25세,상해없음,승용,남,59세,경상
2019040500100578,2019년 4월 5일 19시,금요일,대전광역시 중구 용두동,중상사고,0,1,0,0,차대사람 - 길가장자리구역통행중,안전운전불이행,건조,맑음,교차로 - 교차로안,승용,남,49세,상해없음,보행자,여,65세,중상
2019040500100579,2019년 4월 5일 19시,금요일,대전광역시 중구 대사동,경상사고,0,0,3,0,차대차 - 기타,안전거리미확보,건조,맑음,교차로 - 교차로횡단보도내,화물,남,33세,상해없음,승용,여,52세,경상
2019040500100580,2019년 4월 5일 19시,금요일,대전광역시 동구 가양동,경상사고,0,0,2,0,차량단독 - 기타,안전거리미확보,건조,맑음,단일로 - 기타,승용,남,63세,상해없음,,,,
2019040500100581,2019년 4월 5일 19시,금요일,대전광역시 동구 용전동,경상사고,0,0,1,0,차대차 - 후진중충돌,안전운전불이행,건조,맑음,단일로 - 기타,승용,여,76세,상해없음,승용,여,22세,경상
2019040500100582,2019년 4월 5일 19시,금요일,대전광역시 대덕구 비래동,중상사고,0,1,0,0,차대차 - 기타,안전운전불이행,건조,맑음,교차로 - 교차로부근,승용,남,71세,상해없음,이륜,여,33세,중상
2019040500100583,2019년 4월 5일 19시,금요일,대전광역시 서구 월평동,경상사고,0,0,1,0,차대차 - 측면충돌,안전운전불이행,건조,맑음,교차로 - 교차로부근,이륜,남,17세,상해없음,자전거,남,14세,경상
2019040500100625,2019년 4월 5일 20시,금요일,대전광역시 동구 자양동,경상사고,0,0,2,0,차대차 - 측면충돌,교차로운행방법위반,건조,맑음,교차로 - 교차로안,승용,남,33세,상해없음,승용,남,28세,경상
2019040500100659,2019년 4월 5일 21시,금요일,대전광역시 중구 유천동,중상사고,0,1,0,0,차대사람 - 길가장자리구역통행중,안전운전불이행,건조,맑음,교차로 - 교차로안,승용,남,41세,상해없음,보행자,남,50세,중상
2019040500100716,2019년 4월 5일 23시,금요일,대전광역시 유성구 봉명동,경상사고,0,0,1,0,차대사람 - 횡단중,안전운전불이행,건조,맑음,단일로 - 기타,승용,여,43세,상해없음,보행자,남,52세,경상
2019040600100046,2019년 4월 6일 00시,토요일,대전광역시 서구 만년동,경상사고,0,0,2,0,차대차 - 추돌,안전운전불이행,건조,맑음,교차로 - 교차로부근,승용,여,44세,상해없음,승용,남,36세,경상
2019040600100178,2019년 4월 6일 09시,토요일,대전광역시 서구 관저동,경상사고,0,0,1,0,차대차 - 측면충돌,안전운전불이행,건조,맑음,교차로 - 교차로횡단보도내,자전거,여,74세,경상,승용,남,48세,상해없음
2019040600100179,2019년 4월 6일 09시,토요일,대전광역시 서구 도마동,경상사고,0,0,1,0,차대차 - 측면충돌,안전운전불이행,건조,맑음,단일로 - 기타,승용,여,54세,기타불명,승용,여,54세,경상
2019040600100180,2019년 4월 6일 09시,토요일,대전광역시 유성구 봉명동,경상사고,0,0,1,0,차대차 - 측면충돌,교차로운행방법위반,건조,맑음,교차로 - 교차로안,승용,남,69세,상해없음,승용,남,40세,상해없음
2019040600100181,2019년 4월 6일 09시,토요일,대전광역시 유성구 장대동,중상사고,0,1,0,0,차대차 - 기타,중앙선침범,건조,맑음,단일로 - 기타,승용,남,52세,상해없음,승합,남,57세,상해없음
2019040600100218,2019년 4월 6일 10시,토요일,대전광역시 서구 용문동,경상사고,0,0,1,0,차대사람 - 기타,안전운전불이행,건조,맑음,단일로 - 기타,승용,남,49세,상해없음,보행자,여,49세,경상
2019040600100285,2019년 4월 6일 12시,토요일,대전광역시 중구 대사동,경상사고,0,0,1,0,차대차 - 측면충돌,안전운전불이행,건조,맑음,단일로 - 기타,승용,남,62세,상해없음,자전거,남,60세,경상
2019040600100286,2019년 4월 6일 12시,토요일,대전광역시 동구 용전동,경상사고,0,0,2,0,차대차 - 측면충돌,안전거리미확보,건조,맑음,단일로 - 기타,승용,남,50세,경상,이륜,남,33세,경상
2019040600100287,2019년 4월 6일 12시,토요일,대전광역시 대덕구 중리동,중상사고,0,1,0,0,차대사람 - 기타,안전운전불이행,건조,맑음,기타 - 기타,승용,남,53세,상해없음,보행자,남,77세,중상
2019040600100373,2019년 4월 6일 14시,토요일,대전광역시 중구 대흥동,경상사고,0,0,3,0,차대차 - 추돌,안전운전불이행,건조,맑음,단일로 - 기타,승용,남,63세,기타불명,승용,남,29세,경상
2019040600100445,2019년 4월 6일 16시,토요일,대전광역시 서구 정림동,경상사고,0,0,3,0,차대차 - 측면충돌,안전거리미확보,건조,맑음,교차로 - 교차로안,승용,남,49세,상해없음,승용,남,29세,경상
2019040600100509,2019년 4월 6일 18시,토요일,대전광역시 유성구 관평동,중상사고,0,2,1,0,차대차 - 기타,중앙선침범,건조,맑음,단일로 - 기타,승용,여,44세,상해없음,승용,남,35세,중상
2019040600100510,2019년 4월 6일 18시,토요일,대전광역시 유성구 구성동,경상사고,0,0,1,0,차대차 - 측면충돌,안전운전불이행,건조,맑음,단일로 - 기타,승용,남,49세,기타불명,자전거,남,23세,경상
2019040600100550,2019년 4월 6일 19시,토요일,대전광역시 중구 태평동,경상사고,0,0,5,0,차대차 - 측면충돌,교차로운행방법위반,건조,맑음,교차로 - 교차로안,승용,남,56세,경상,원동기,남,24세,경상
2019040600100551,2019년 4월 6일 19시,토요일,대전광역시 유성구 원내동,경상사고,0,0,1,0,차대사람 - 길가장자리구역통행중,안전운전불이행,건조,맑음,단일로 - 기타,이륜,남,50세,기타불명,보행자,여,74세,경상
2019040600100577,2019년 4월 6일 20시,토요일,대전광역시 서구 복수동,경상사고,0,0,2,0,차대차 - 측면충돌,안전운전불이행,건조,맑음,교차로 - 교차로안,승용,여,51세,상해없음,승용,남,41세,경상
2019040600100578,2019년 4월 6일 20시,토요일,대전광역시 서구 정림동,중상사고,0,1,0,0,차대사람 - 횡단중,보행자보호의무위반,건조,맑음,교차로 - 교차로횡단보도내,승용,남,42세,상해없음,보행자,남,64세,중상
2019040600100579,2019년 4월 6일 20시,토요일,대전광역시 서구 도안동,경상사고,0,0,1,0,차대차 - 후진중충돌,안전운전불이행,건조,맑음,단일로 - 기타,승합,남,48세,기타불명,이륜,남,41세,경상
2019040600100603,2019년 4월 6일 21시,토요일,대전광역시 동구 용전동,경상사고,0,0,1,0,차대차 - 추돌,안전운전불이행,건조,맑음,교차로 - 교차로부근,승용,여,69세,상해없음,승용,남,33세,상해없음
2019040600100604,2019년 4월 6일 21시,토요일,대전광역시 동구 용전동,중상사고,0,1,3,0,차대차 - 기타,신호위반,건조,맑음,교차로 - 교차로부근,원동기,남,26세,중상,승용,여,43세,경상
2019040600100605,2019년 4월 6일 21시,토요일,대전광역시 서구 도마동,경상사고,0,0,1,0,차대차 - 추돌,안전운전불이행,건조,맑음,단일로 - 기타,승용,남,70세,기타불명,승용,여,35세,경상
2019040600100654,2019년 4월 6일 23시,토요일,대전광역시 동구 정동,경상사고,0,0,1,0,차대차 - 기타,신호위반,건조,맑음,교차로 - 교차로안,승용,남,52세,상해없음,승용,남,45세,경상
2019040600100655,2019년 4월 6일 23시,토요일,대전광역시 서구 둔산동,중상사고,0,1,0,0,차대차 - 추돌,안전운전불이행,건조,맑음,교차로 - 교차로부근,승용,남,54세,상해없음,이륜,남,63세,중상
2019040600100656,2019년 4월 6일 23시,토요일,대전광역시 서구 둔산동,경상사고,0,0,1,0,차대차 - 기타,신호위반,건조,맑음,교차로 - 교차로안,승용,남,59세,상해없음,승용,남,31세,경상
2019040700100041,2019년 4월 7일 00시,일요일,대전광역시 서구 둔산동,경상사고,0,0,1,0,차대사람 - 길가장자리구역통행중,안전운전불이행,건조,맑음,기타 - 기타,승용,남,26세,상해없음,보행자,남,46세,경상
2019040700100054,2019년 4월 7일 01시,일요일,대전광역시 서구 용문동,경상사고,0,0,1,0,차대사람 - 기타,안전운전불이행,건조,맑음,단일로 - 기타,승용,남,27세,상해없음,보행자,여,25세,경상
2019040700100055,2019년 4월 7일 01시,일요일,대전광역시 유성구 장대동,경상사고,0,0,1,0,차대사람 - 횡단중,보행자보호의무위반,건조,맑음,교차로 - 교차로안,승용,남,59세,상해없음,보행자,남,33세,경상
2019040700100056,2019년 4월 7일 01시,일요일,대전광역시 유성구 도룡동,중상사고,0,1,0,0,차대사람 - 횡단중,안전운전불이행,건조,맑음,단일로 - 기타,승용,남,45세,상해없음,보행자,여,65세,중상
2019040700100099,2019년 4월 7일 06시,일요일,대전광역시 대덕구 읍내동,중상사고,0,1,0,0,차대차 - 측면충돌,안전거리미확보,건조,흐림,단일로 - 기타,승용,남,24세,상해없음,화물,남,52세,중상
2019040700100114,2019년 4월 7일 07시,일요일,대전광역시 서구 둔산동,중상사고,0,2,0,0,차대사람 - 기타,안전운전불이행,건조,맑음,단일로 - 기타,건설기계,남,67세,상해없음,보행자,남,46세,중상
2019040700100166,2019년 4월 7일 10시,일요일,대전광역시 중구 중촌동,중상사고,0,1,1,0,차대차 - 기타,안전운전불이행,건조,맑음,단일로 - 기타,자전거,남,71세,경상,이륜,남,50세,중상
2019040700100167,2019년 4월 7일 10시,일요일,대전광역시 유성구 구성동,경상사고,0,0,2,0,차대차 - 추돌,안전운전불이행,건조,맑음,단일로 - 기타,승용,남,39세,상해없음,승용,여,57세,기타불명
2019040700100251,2019년 4월 7일 13시,일요일,대전광역시 중구 대흥동,경상사고,0,0,1,0,차량단독 - 기타,안전운전불이행,건조,맑음,교차로 - 교차로부근,승용,남,64세,상해없음,,,,
2019040700100252,2019년 4월 7일 13시,일요일,대전광역시 서구 탄방동,경상사고,0,0,1,0,차대차 - 기타,안전운전불이행,건조,맑음,단일로 - 기타,승용,남,56세,상해없음,이륜,남,54세,경상
2019040700100284,2019년 4월 7일 14시,일요일,대전광역시 동구 신상동,경상사고,0,0,3,0,차대차 - 측면충돌,안전운전불이행,건조,맑음,교차로 - 교차로안,승용,남,37세,경상,승용,남,43세,경상
2019040700100316,2019년 4월 7일 15시,일요일,대전광역시 동구 가양동,경상사고,0,0,1,0,차대차 - 후진중충돌,불법유턴,건조,맑음,단일로 - 기타,승용,남,68세,상해없음,승용,남,45세,상해없음
2019040700100359,2019년 4월 7일 16시,일요일,대전광역시 대덕구 신탄진동,경상사고,0,0,1,0,차대차 - 측면충돌,안전운전불이행,건조,맑음,단일로 - 기타,승용,여,21세,상해없음,특수,남,43세,경상
2019040700100360,2019년 4월 7일 16시,일요일,대전광역시 유성구 봉명동,중상사고,0,1,1,0,차대차 - 측면충돌,신호위반,건조,맑음,교차로 - 교차로안,승용,남,25세,경상,승용,남,32세,중상
2019040700100387,2019년 4월 7일 17시,일요일,대전광역시 서구 둔산동,중상사고,0,1,0,1,차대차 - 측면충돌,신호위반,건조,맑음,교차로 - 교차로안,승용,남,38세,기타불명,승용,여,46세,중상
2019040700100467,2019년 4월 7일 20시,일요일,대전광역시 서구 도안동,경상사고,0,0,2,0,차대차 - 측면충돌,신호위반,건조,맑음,교차로 - 교차로안,승용,남,25세,상해없음,승용,남,26세,경상