사고번호,사고일시,요일,시군구,사고내용,사망자수,중상자수,경상자수,부상신고자수,사고유형,법규위반,노면상태,기상상태,도로형태,가해운전자 차종,가해운전자 성별,가해운전자 연령,가해운전자 상해정도,피해운전자 차종,피해운전자 성별,피해운전자 연령,피해운전자 상해정도
2019041200100682,2019년 4월 12일 23시,금요일,대전광역시 서구 도안동,경상사고,0,0,1,0,차대차 - 측면충돌,신호위반,건조,맑음,교차로 - 교차로안,승용,여,42세,상해없음,승용,남,46세,경상
2019041300100037,2019년 4월 13일 00시,토요일,대전광역시 중구 사정동,중상사고,0,2,2,0,차대차 - 측면충돌,신호위반,건조,맑음,교차로 - 교차로안,승용,남,22세,상해없음,승용,남,34세,경상
2019041300100038,2019년 4월 13일 00시,토요일,대전광역시 서구 탄방동,경상사고,0,0,3,0,차대차 - 추돌,안전운전불이행,건조,맑음,교차로 - 교차로부근,승용,남,29세,상해없음,승용,여,21세,경상
2019041300100052,2019년 4월 13일 01시,토요일,대전광역시 서구 갈마동,경상사고,0,0,1,0,차대차 - 측면충돌,안전운전불이행,건조,맑음,교차로 - 교차로안,승용,여,46세,상해없음,특수,남,44세,경상
2019041300100091,2019년 4월 13일 03시,토요일,대전광역시 동구 대성동,중상사고,0,1,0,0,차량단독 - 전도전복 - 전도,기타,건조,맑음,교차로 - 교차로부근,특수,남,63세,중상,,,,
2019041300100092,2019년 4월 13일 03시,토요일,대전광역시 서구 월평동,경상사고,0,0,1,0,차대차 - 추돌,안전운전불이행,건조,맑음,교차로 - 교차로부근,승용,남,35세,상해없음,승용,남,66세,경상
2019041300100098,2019년 4월 13일 04시,토요일,대전광역시 대덕구 오정동,부상신고사고,0,0,0,1,차대사람 - 기타,안전운전불이행,건조,맑음,단일로 - 기타,기타불명,기타불명,미분류,기타불명,보행자,남,62세,부상신고
2019041300100110,2019년 4월 13일 05시,토요일,대전광역시 서구 탄방동,경상사고,0,0,1,0,차대차 - 후진중충돌,안전운전불이행,건조,맑음,단일로 - 기타,승용,남,34세,상해없음,승용,남,26세,경상
2019041300100187,2019년 4월 13일 09시,토요일,대전광역시 유성구 신성동,경상사고,0,0,1,0,차대차 - 측면충돌,신호위반,건조,맑음,교차로 - 교차로안,승용,여,27세,상해없음,승용,여,46세,경상
2019041300100202,2019년 4월 13일 10시,토요일,대전광역시 대덕구 덕암동,경상사고,0,0,1,0,차대차 - 기타,안전운전불이행,건조,맑음,단일로 - 기타,화물,남,27세,상해없음,승용,남,42세,경상
2019041300100265,2019년 4월 13일 11시,토요일,대전광역시 서구 둔산동,경상사고,0,0,1,0,차대차 - 후진중충돌,안전운전불이행,건조,맑음,교차로 - 교차로안,승용,남,75세,상해없음,승용,여,45세,경상
2019041300100305,2019년 4월 13일 12시,토요일,대전광역시 대덕구 석봉동,경상사고,0,0,1,0,차대사람 - 기타,안전운전불이행,건조,맑음,기타 - 기타,승용,여,55세,상해없음,보행자,남,36세,경상
2019041300100354,2019년 4월 13일 13시,토요일,대전광역시 중구 오류동,경상사고,0,0,1,0,차대차 - 측면충돌,안전운전불이행,건조,맑음,단일로 - 기타,화물,남,52세,상해없음,승용,여,32세,경상
2019041300100355,2019년 4월 13일 13시,토요일,대전광역시 동구 원동,중상사고,0,1,0,0,차대차 - 측면충돌,안전운전불이행,건조,맑음,교차로 - 교차로부근,자전거,여,69세,중상,승용,여,48세,상해없음
2019041300100391,2019년 4월 13일 14시,토요일,대전광역시 동구 용전동,경상사고,0,0,1,0,차대차 - 추돌,안전운전불이행,건조,맑음,교차로 - 교차로부근,기타불명,기타불명,미분류,기타불명,승용,여,35세,경상
2019041300100426,2019년 4월 13일 15시,토요일,대전광역시 유성구 죽동,경상사고,0,0,1,0,차대차 - 기타,신호위반,건조,맑음,교차로 - 교차로부근,승용,남,22세,상해없음,승용,남,29세,경상
2019041300100503,2019년 4월 13일 17시,토요일,대전광역시 서구 갈마동,중상사고,0,1,0,0,차대사람 - 기타,안전운전불이행,건조,맑음,교차로 - 교차로횡단보도내,승용,남,32세,상해없음,보행자,여,65세,중상
2019041300100504,2019년 4월 13일 17시,토요일,대전광역시 유성구 노은동,경상사고,0,0,1,0,차대차 - 기타,신호위반,건조,맑음,교차로 - 교차로안,승용,여,44세,상해없음,이륜,남,42세,경상
2019041300100544,2019년 4월 13일 18시,토요일,대전광역시 동구 대성동,경상사고,0,0,1,0,차대차 - 추돌,안전거리미확보,건조,맑음,교차로 - 교차로부근,화물,남,48세,상해없음,승용,여,54세,경상
2019041300100545,2019년 4월 13일 18시,토요일,대전광역시 서구 괴정동,경상사고,0,0,1,0,차대차 - 측면충돌,안전운전불이행,건조,흐림,단일로 - 기타,승용,남,26세,상해없음,이륜,남,25세,경상
2019041300100586,2019년 4월 13일 19시,토요일,대전광역시 동구 용전동,경상사고,0,0,1,0,차대사람 - 기타,안전운전불이행,건조,맑음,교차로 - 교차로부근,승용,남,28세,상해없음,보행자,남,36세,경상
2019041300100587,2019년 4월 13일 19시,토요일,대전광역시 서구 갈마동,경상사고,0,0,2,0,차대차 - 기타,안전운전불이행,건조,맑음,단일로 - 기타,이륜,남,32세,상해없음,승용,남,32세,경상
2019041300100588,2019년 4월 13일 19시,토요일,대전광역시 서구 둔산동,경상사고,0,0,1,0,차대차 - 측면충돌,안전운전불이행,건조,맑음,단일로 - 기타,승용,여,43세,상해없음,승용,남,26세,경상
2019041300100660,2019년 4월 13일 21시,토요일,대전광역시 동구 정동,경상사고,0,0,1,0,차대사람 - 기타,안전운전불이행,건조,맑음,단일로 - 기타,승용,남,60세,상해없음,보행자,여,26세,경상
2019041300100661,2019년 4월 13일 21시,토요일,대전광역시 대덕구 송촌동,중상사고,0,1,0,0,차대사람 - 횡단중,보행자보호의무위반,건조,맑음,교차로 - 교차로횡단보도내,승용,여,22세,상해없음,보행자,남,57세,중상
2019041300100662,2019년 4월 13일 21시,토요일,대전광역시 유성구 대정동,중상사고,0,1,3,0,차대차 - 기타,안전거리미확보,건조,맑음,교차로 - 교차로부근,승용,여,27세,상해없음,이륜,남,43세,중상
2019041400100082,2019년 4월 14일 04시,일요일,대전광역시 서구 괴정동,경상사고,0,0,1,0,차대차 - 추돌,안전거리미확보,건조,맑음,교차로 - 교차로부근,승용,남,22세,상해없음,승용,남,74세,경상
2019041400100087,2019년 4월 14일 05시,일요일,대전광역시 서구 갈마동,경상사고,0,0,3,0,차대차 - 기타,교차로운행방법위반,건조,맑음,교차로 - 교차로안,승용,남,24세,상해없음,승용,여,31세,경상
2019041400100114,2019년 4월 14일 08시,일요일,대전광역시 유성구 구성동,중상사고,0,1,0,0,차대차 - 측면충돌,안전운전불이행,건조,맑음,교차로 - 교차로안,승용,남,31세,상해없음,이륜,남,50세,중상
2019041400100128,2019년 4월 14일 09시,일요일,대전광역시 동구 용전동,경상사고,0,0,1,0,차대차 - 측면충돌,직진우회전진행방해,건조,맑음,교차로 - 교차로안,승용,남,56세,상해없음,승용,여,63세,상해없음
2019041400100129,2019년 4월 14일 09시,일요일,대전광역시 서구 도마동,경상사고,0,0,1,0,차대차 - 측면충돌,신호위반,건조,맑음,교차로 - 교차로부근,승용,남,52세,상해없음,이륜,남,27세,경상
2019041400100150,2019년 4월 14일 10시,일요일,대전광역시 서구 탄방동,경상사고,0,0,1,0,차대차 - 기타,안전운전불이행,건조,흐림,단일로 - 기타,승용,남,24세,상해없음,승용,남,59세,경상
2019041400100195,2019년 4월 14일 12시,일요일,대전광역시 유성구 봉명동,경상사고,0,0,1,0,차대차 - 기타,안전운전불이행,젖음/습기,흐림,단일로 - 기타,승용,남,32세,상해없음,이륜,남,30세,경상
2019041400100224,2019년 4월 14일 13시,일요일,대전광역시 동구 가양동,경상사고,0,0,1,0,차대차 - 기타,안전운전불이행,젖음/습기,흐림,단일로 - 기타,이륜,남,56세,상해없음,이륜,남,36세,경상
2019041400100225,2019년 4월 14일 13시,일요일,대전광역시 서구 둔산동,중상사고,0,1,1,0,차대차 - 기타,직진우회전진행방해,젖음/습기,흐림,교차로 - 교차로안,승용,여,40세,경상,이륜,남,53세,중상
2019041400100252,2019년 4월 14일 14시,일요일,대전광역시 동구 용전동,중상사고,0,1,1,0,차대차 - 측면충돌,신호위반,건조,맑음,교차로 - 교차로부근,승용,남,30세,상해없음,이륜,남,20세,중상
2019041400100278,2019년 4월 14일 15시,일요일,대전광역시 동구 용전동,경상사고,0,0,1,0,차대차 - 측면충돌,안전운전불이행,건조,맑음,교차로 - 교차로안,승용,남,72세,상해없음,자전거,여,73세,경상
2019041400100302,2019년 4월 14일 16시,일요일,대전광역시 중구 석교동,중상사고,0,2,0,0,차대차 - 측면충돌,신호위반,건조,맑음,교차로 - 교차로안,이륜,여,56세,중상,이륜,남,86세,중상
2019041400100324,2019년 4월 14일 17시,일요일,대전광역시 동구 홍도동,경상사고,0,0,1,0,차대차 - 측면충돌,안전운전불이행,건조,맑음,단일로 - 기타,이륜,남,26세,경상,승용,남,51세,상해없음
2019041400100325,2019년 4월 14일 17시,일요일,대전광역시 동구 용운동,경상사고,0,0,2,0,차대차 - 추돌,안전운전불이행,건조,맑음,단일로 - 기타,승용,남,19세,상해없음,승용,여,54세,경상
2019041400100326,2019년 4월 14일 17시,일요일,대전광역시 유성구 관평동,경상사고,0,0,1,0,차대사람 - 횡단중,보행자보호의무위반,건조,흐림,교차로 - 교차로횡단보도내,승용,여,28세,상해없음,보행자,여,13세,경상
2019041400100352,2019년 4월 14일 18시,일요일,대전광역시 중구 중촌동,경상사고,0,0,1,0,차대차 - 추돌,안전운전불이행,건조,맑음,교차로 - 교차로안,승용,남,45세,상해없음,이륜,남,45세,경상
2019041400100353,2019년 4월 14일 18시,일요일,대전광역시 서구 월평동,경상사고,0,0,1,0,차대차 - 기타,교차로운행방법위반,건조,맑음,교차로 - 교차로안,승용,남,63세,경상,승용,남,47세,상해없음
2019041400100379,2019년 4월 14일 19시,일요일,대전광역시 서구 용문동,경상사고,0,0,1,0,차대차 - 추돌,안전운전불이행,건조,맑음,교차로 - 교차로부근,승용,여,53세,상해없음,자전거,남,64세,경상
2019041400100401,2019년 4월 14일 20시,일요일,대전광역시 유성구 도룡동,경상사고,0,0,3,0,차대차 - 기타,안전거리미확보,건조,맑음,단일로 - 기타,승용,남,55세,상해없음,승용,남,56세,경상
2019041400100425,2019년 4월 14일 21시,일요일,대전광역시 유성구 상대동,경상사고,0,0,1,0,차대차 - 추돌,안전운전불이행,건조,맑음,교차로 - 교차로부근,승용,남,23세,상해없음,승용,남,42세,경상
2019041400100441,2019년 4월 14일 22시,일요일,대전광역시 중구 오류동,경상사고,0,0,1,0,차대사람 - 기타,안전운전불이행,건조,맑음,단일로 - 기타,승용,여,56세,상해없음,보행자,남,60세,경상
2019041500100044,2019년 4월 15일 02시,월요일,대전광역시 동구 홍도동,경상사고,0,0,3,0,차대차 - 측면충돌,교차로운행방법위반,건조,맑음,교차로 - 교차로안,승용,남,30세,경상,승용,남,28세,경상
2019041500100098,2019년 4월 15일 07시,월요일,대전광역시 중구 문화동,경상사고,0,0,2,0,차대차 - 추돌,직진우회전진행방해,건조,맑음,교차로 - 교차로안,화물,여,51세,상해없음,승용,남,29세,경상
2019041500100099,2019년 4월 15일 07시,월요일,대전광역시 중구 오류동,경상사고,0,0,1,0,차대차 - 측면충돌,교차로운행방법위반,건조,맑음,교차로 - 교차로안,승용,남,71세,상해없음,승용,여,43세,경상
2019041500100158,2019년 4월 15일 08시,월요일,대전광역시 대덕구 신일동,경상사고,0,0,1,0,차대차 - 기타,안전운전불이행,건조,맑음,기타 - 기타,승용,남,61세,기타불명,자전거,여,39세,경상
2019041500100159,2019년 4월 15일 08시,월요일,대전광역시 서구 월평동,중상사고,0,1,1,0,차대차 - 측면충돌,안전운전불이행,건조,맑음,교차로 - 교차로안,승용,남,71세,경상,승용,남,71세,상해없음
2019041500100160,2019년 4월 15일 08시,월요일,대전광역시 서구 둔산동,중상사고,0,2,4,0,차대차 - 기타,중앙선침범,건조,맑음,교차로 - 교차로부근,승용,남,21세,상해없음,승용,여,43세,중상
2019041500100235,2019년 4월 15일 10시,월요일,대전광역시 서구 용문동,경상사고,0,0,1,1,차대차 - 측면충돌,신호위반,건조,맑음,교차로 - 교차로안,승용,여,56세,부상신고,승용,남,40세,경상
2019041500100286,2019년 4월 15일 12시,월요일,대전광역시 서구 둔산동,경상사고,0,0,2,0,차대차 - 측면충돌,교차로운행방법위반,건조,맑음,교차로 - 교차로안,승용,남,27세,상해없음,승용,남,30세,경상
2019041500100332,2019년 4월 15일 13시,월요일,대전광역시 유성구 봉명동,경상사고,0,0,1,0,차대차 - 기타,안전운전불이행,건조,맑음,교차로 - 교차로안,승용,남,56세,상해없음,승용,여,57세,경상
2019041500100376,2019년 4월 15일 14시,월요일,대전광역시 동구 정동,중상사고,0,1,0,0,차대차 - 기타,안전운전불이행,건조,맑음,단일로 - 기타,승용,여,55세,상해없음,승합,남,54세,상해없음
2019041500100377,2019년 4월 15일 14시,월요일,대전광역시 서구 용문동,경상사고,0,0,1,0,차대차 - 추돌,안전운전불이행,건조,맑음,단일로 - 기타,특수,남,43세,상해없음,승용,남,54세,경상
2019041500100378,2019년 4월 15일 14시,월요일,대전광역시 대덕구 법동,경상사고,0,0,1,0,차대차 - 기타,교차로운행방법위반,건조,맑음,교차로 - 교차로안,승용,남,43세,상해없음,승용,남,40세,경상
2019041500100482,2019년 4월 15일 16시,월요일,대전광역시 대덕구 중리동,경상사고,0,0,1,0,차대사람 - 기타,안전운전불이행,건조,맑음,단일로 - 기타,승용,여,46세,상해없음,보행자,남,50세,경상
2019041500100535,2019년 4월 15일 17시,월요일,대전광역시 동구 용전동,중상사고,0,1,0,0,차대사람 - 차도통행중,안전운전불이행,건조,맑음,교차로 - 교차로안,승용,남,51세,상해없음,보행자,여,63세,중상
2019041500100588,2019년 4월 15일 18시,월요일,대전광역시 유성구 궁동,경상사고,0,0,1,0,차대차 - 추돌,안전거리미확보,건조,맑음,교차로 - 교차로부근,승용,남,77세,상해없음,승용,남,53세,경상
2019041500100589,2019년 4월 15일 18시,월요일,대전광역시 유성구 봉명동,경상사고,0,0,1,0,차량단독 - 기타,안전운전불이행,건조,맑음,단일로 - 기타,승용,여,62세,상해없음,,,,
2019041500100629,2019년 4월 15일 19시,월요일,대전광역시 중구 대흥동,부상신고사고,0,0,0,1,차대차 - 기타,안전운전불이행,건조,맑음,단일로 - 기타,승합,남,54세,상해없음,승합,기타불명,미분류,기타불명
2019041500100630,2019년 4월 15일 19시,월요일,대전광역시 동구 대동,경상사고,0,0,2,0,차대차 - 측면충돌,신호위반,건조,맑음,교차로 - 교차로안,승용,남,66세,상해없음,승용,여,38세,경상
2019041500100631,2019년 4월 15일 19시,월요일,대전광역시 서구 둔산동,경상사고,0,0,2,0,차대차 - 기타,직진우회전진행방해,건조,맑음,교차로 - 교차로안,승용,여,58세,경상,승용,여,56세,경상
2019041500100683,2019년 4월 15일 21시,월요일,대전광역시 서구 둔산동,중상사고,0,1,0,0,차대사람 - 기타,안전운전불이행,건조,맑음,단일로 - 기타,승용,남,46세,상해없음,보행자,여,25세,중상
2019041500100705,2019년 4월 15일 22시,월요일,대전광역시 서구 용문동,경상사고,0,0,2,0,차대차 - 기타,안전운전불이행,건조,맑음,단일로 - 기타,이륜,남,23세,상해없음,승용,여,34세,경상
2019041500100706,2019년 4월 15일 22시,월요일,대전광역시 서구 탄방동,경상사고,0,0,1,0,차대사람 - 기타,안전운전불이행,건조,맑음,단일로 - 기타,기타불명,기타불명,미분류,기타불명,보행자,여,30세,경상
2019041500100722,2019년 4월 15일 23시,월요일,대전광역시 유성구 봉명동,사망사고,1,0,0,0,차대사람 - 횡단중,안전운전불이행,건조,맑음,단일로 - 기타,승용,남,66세,상해없음,보행자,남,74세,사망
2019041600100033,2019년 4월 16일 00시,화요일,대전광역시 대덕구 중리동,경상사고,0,0,2,0,차대차 - 기타,안전운전불이행,건조,맑음,단일로 - 기타,승용,남,37세,상해없음,승용,여,60세,경상
2019041600100041,2019년 4월 16일 01시,화요일,대전광역시 동구 용전동,중상사고,0,1,0,5,차대차 - 측면충돌,신호위반,건조,맑음,단일로 - 기타,승용,남,20세,부상신고,승용,남,24세,중상
2019041600100069,2019년 4월 16일 05시,화요일,대전광역시 서구 월평동,중상사고,0,1,2,0,차대차 - 기타,신호위반,건조,맑음,교차로 - 교차로안,승용,남,40세,상해없음,승용,남,67세,중상
2019041600100114,2019년 4월 16일 07시,화요일,대전광역시 동구 용전동,경상사고,0,0,1,0,차대차 - 측면충돌,안전운전불이행,건조,맑음,단일로 - 기타,승용,남,72세,상해없음,자전거,남,58세,경상
2019041600100115,2019년 4월 16일 07시,화요일,대전광역시 동구 가오동,경상사고,0,0,2,0,차대차 - 기타,신호위반,건조,맑음,교차로 - 교차로부근,승용,남,63세,상해없음,승합,남,63세,상해없음
2019041600100172,2019년 4월 16일 08시,화요일,대전광역시 중구 문화동,경상사고,0,0,2,0,차대차 - 기타,안전운전불이행,건조,맑음,단일로 - 기타,승용,여,41세,상해없음,승용,여,40세,경상
2019041600100173,2019년 4월 16일 08시,화요일,대전광역시 동구 가양동,경상사고,0,0,1,0,차대차 - 추돌,안전거리미확보,건조,맑음,단일로 - 기타,승용,남,55세,상해없음,승용,남,62세,경상
2019041600100174,2019년 4월 16일 08시,화요일,대전광역시 유성구 도룡동,경상사고,0,0,1,0,차대차 - 추돌,안전운전불이행,건조,맑음,단일로 - 기타,승용,남,25세,상해없음,승용,남,62세,경상
2019041600100246,2019년 4월 16일 10시,화요일,대전광역시 서구 탄방동,경상사고,0,0,1,0,차대차 - 후진중충돌,안전운전불이행,건조,맑음,단일로 - 기타,승용,여,57세,상해없음,승용,여,45세,경상
2019041600100286,2019년 4월 16일 11시,화요일,대전광역시 중구 정생동,부상신고사고,0,0,0,1,차량단독 - 전도전복 - 전도,안전운전불이행,기타,맑음,단일로 - 기타,이륜,남,56세,부상신고,,,,
2019041600100287,2019년 4월 16일 11시,화요일,대전광역시 대덕구 목상동,경상사고,0,0,1,0,차대차 - 측면충돌,교차로운행방법위반,건조,맑음,교차로 - 교차로안,승용,여,49세,상해없음,화물,남,57세,경상
2019041600100288,2019년 4월 16일 11시,화요일,대전광역시 대덕구 오정동,경상사고,0,0,1,0,차대차 - 기타,신호위반,건조,맑음,교차로 - 교차로부근,이륜,남,38세,기타불명,승용,여,58세,경상
2019041600100289,2019년 4월 16일 11시,화요일,대전광역시 서구 둔산동,경상사고,0,0,1,0,차대차 - 기타,신호위반,건조,맑음,교차로 - 교차로안,승용,남,26세,상해없음,이륜,남,59세,경상
2019041600100290,2019년 4월 16일 11시,화요일,대전광역시 유성구 반석동,중상사고,0,1,2,0,차대차 - 기타,안전운전불이행,건조,맑음,교차로 - 교차로부근,승용,여,62세,상해없음,승용,남,51세,중상
2019041600100319,2019년 4월 16일 12시,화요일,대전광역시 서구 용문동,중상사고,0,1,0,0,차대차 - 기타,안전운전불이행,건조,맑음,교차로 - 교차로부근,화물,남,33세,상해없음,자전거,남,70세,중상
2019041600100320,2019년 4월 16일 12시,화요일,대전광역시 대덕구 덕암동,경상사고,0,0,1,0,차대차 - 측면충돌,교차로운행방법위반,건조,맑음,교차로 - 교차로안,이륜,남,19세,상해없음,승용,여,36세,경상
2019041600100344,2019년 4월 16일 13시,화요일,대전광역시 서구 가수원동,경상사고,0,0,1,0,차대차 - 기타,안전운전불이행,건조,맑음,교차로 - 교차로부근,건설기계,남,62세,상해없음,승용,여,59세,경상
2019041600100345,2019년 4월 16일 13시,화요일,대전광역시 유성구 하기동,경상사고,0,0,3,0,차대차 - 측면충돌,안전운전불이행,건조,맑음,단일로 - 기타,승용,여,44세,상해없음,승용,여,26세,경상
2019041600100417,2019년 4월 16일 15시,화요일,대전광역시 동구 원동,경상사고,0,0,1,0,차대차 - 기타,기타,건조,맑음,교차로 - 교차로안,승합,남,69세,상해없음,승용,남,32세,경상
2019041600100418,2019년 4월 16일 15시,화요일,대전광역시 서구 둔산동,경상사고,0,0,1,0,차대차 - 측면충돌,안전운전불이행,건조,맑음,교차로 - 교차로부근,승용,여,37세,상해없음,승용,여,52세,경상
2019041600100461,2019년 4월 16일 16시,화요일,대전광역시 서구 둔산동,중상사고,0,1,0,0,차대사람 - 보도통행중,신호위반,건조,맑음,교차로 - 교차로횡단보도내,승용,남,73세,상해없음,보행자,여,26세,중상
2019041600100515,2019년 4월 16일 17시,화요일,대전광역시 서구 둔산동,중상사고,0,1,3,0,차대차 - 측면충돌,신호위반,건조,맑음,교차로 - 교차로안,승용,여,49세,경상,승용,남,64세,중상
2019041600100516,2019년 4월 16일 17시,화요일,대전광역시 서구 만년동,경상사고,0,0,2,0,차대차 - 측면충돌,안전거리미확보,건조,맑음,단일로 - 기타,승용,남,33세,경상,승용,여,61세,경상
2019041600100517,2019년 4월 16일 17시,화요일,대전광역시 서구 월평동,경상사고,0,0,1,0,차대차 - 측면충돌,안전운전불이행,건조,맑음,단일로 - 기타,승용,여,26세,상해없음,승용,여,50세,경상
2019041600100518,2019년 4월 16일 17시,화요일,대전광역시 유성구 송강동,경상사고,0,0,2,0,차대차 - 기타,안전운전불이행,건조,맑음,단일로 - 기타,승용,여,36세,경상,승용,여,55세,경상
2019041600100595,2019년 4월 16일 19시,화요일,대전광역시 대덕구 신탄진동,경상사고,0,0,1,0,차대차 - 기타,안전운전불이행,건조,맑음,단일로 - 지하차도(도로)내,승용,남,48세,상해없음,승용,남,31세,경상
2019041600100626,2019년 4월 16일 20시,화요일,대전광역시 서구 만년동,경상사고,0,0,1,0,차대차 - 측면충돌,안전운전불이행,건조,맑음,교차로 - 교차로부근,승용,여,23세,상해없음,승용,남,29세,경상
2019041600100627,2019년 4월 16일 20시,화요일,대전광역시 서구 갈마동,중상사고,0,1,0,0,차대차 - 기타,불법유턴,건조,맑음,교차로 - 교차로부근,자전거,남,12세,중상,승용,남,71세,상해없음
2019041600100679,2019년 4월 16일 22시,화요일,대전광역시 대덕구 법동,중상사고,0,1,0,0,차대사람 - 기타,안전운전불이행,건조,맑음,기타 - 기타,승용,남,55세,상해없음,보행자,남,61세,중상
2019041600100700,2019년 4월 16일 23시,화요일,대전광역시 서구 갈마동,경상사고,0,0,1,1,차대차 - 측면충돌,안전운전불이행,건조,맑음,교차로 - 교차로부근,승용,남,53세,상해없음,승용,남,56세,상해없음
2019041700100042,2019년 4월 17일 01시,수요일,대전광역시 중구 중촌동,경상사고,0,0,1,0,차대차 - 추돌,안전운전불이행,건조,맑음,교차로 - 교차로부근,승용,남,21세,상해없음,승용,남,42세,경상
2019041700100115,2019년 4월 17일 07시,수요일,대전광역시 대덕구 읍내동,경상사고,0,0,1,0,차대차 - 기타,안전거리미확보,건조,맑음,단일로 - 기타,화물,남,46세,상해없음,승용,여,54세,경상
2019041700100160,2019년 4월 17일 08시,수요일,대전광역시 동구 용운동,경상사고,0,0,1,0,차대차 - 후진중충돌,안전운전불이행,건조,맑음,단일로 - 기타,승용,여,48세,상해없음,승용,남,44세,경상
2019041700100161,2019년 4월 17일 08시,수요일,대전광역시 서구 괴정동,경상사고,0,0,1,0,차대차 - 측면충돌,안전운전불이행,건조,맑음,단일로 - 기타,승용,여,39세,상해없음,승용,여,50세,경상
2019041700100162,2019년 4월 17일 08시,수요일,대전광역시 유성구 원신흥동,경상사고,0,0,1,0,차대차 - 기타,안전운전불이행,건조,맑음,교차로 - 교차로안,이륜,남,55세,경상,건설기계,남,68세,상해없음
2019041700100197,2019년 4월 17일 09시,수요일,대전광역시 중구 대흥동,중상사고,0,1,0,0,차대사람 - 보도통행중,안전운전불이행,건조,맑음,교차로 - 교차로부근,승용,남,72세,상해없음,보행자,여,87세,중상
2019041700100198,2019년 4월 17일 09시,수요일,대전광역시 동구 자양동,경상사고,0,0,1,0,차대차 - 추돌,안전운전불이행,건조,맑음,단일로 - 기타,승용,남,53세,상해없음,승용,여,27세,경상
2019041700100199,2019년 4월 17일 09시,수요일,대전광역시 서구 갈마동,중상사고,0,1,0,0,차대사람 - 기타,안전운전불이행,건조,맑음,교차로 - 교차로부근,승용,남,39세,상해없음,보행자,여,66세,중상
2019041700100258,2019년 4월 17일 11시,수요일,대전광역시 서구 도마동,중상사고,0,1,0,0,차대차 - 측면충돌,안전거리미확보,건조,맑음,교차로 - 교차로부근,승용,남,66세,상해없음,승용,남,39세,중상
2019041700100284,2019년 4월 17일 12시,수요일,대전광역시 중구 오류동,경상사고,0,0,1,0,차대차 - 측면충돌,안전운전불이행,건조,맑음,교차로 - 교차로부근,승용,여,29세,상해없음,승용,여,40세,경상
2019041700100320,2019년 4월 17일 13시,수요일,대전광역시 중구 선화동,경상사고,0,0,1,0,차대차 - 추돌,안전거리미확보,건조,맑음,단일로 - 기타,승합,남,56세,상해없음,승용,여,42세,경상
2019041700100321,2019년 4월 17일 13시,수요일,대전광역시 서구 가장동,경상사고,0,0,2,0,차대차 - 측면충돌,중앙선침범,건조,맑음,단일로 - 기타,승용,남,35세,상해없음,승용,여,53세,경상
2019041700100322,2019년 4월 17일 13시,수요일,대전광역시 유성구 궁동,경상사고,0,0,1,0,차대차 - 추돌,안전운전불이행,건조,맑음,교차로 - 교차로부근,승용,여,36세,상해없음,승용,남,50세,상해없음
2019041700100351,2019년 4월 17일 14시,수요일,대전광역시 대덕구 비래동,중상사고,0,1,1,0,차대차 - 기타,중앙선침범,건조,맑음,단일로 - 기타,승용,여,62세,상해없음,승용,여,46세,경상
2019041700100394,2019년 4월 17일 15시,수요일,대전광역시 유성구 갑동,경상사고,0,0,1,0,차대차 - 측면충돌,신호위반,건조,맑음,교차로 - 교차로안,자전거,남,59세,상해없음,승용,남,60세,경상
2019041700100427,2019년 4월 17일 16시,수요일,대전광역시 서구 둔산동,중상사고,0,1,0,1,차대차 - 추돌,안전거리미확보,건조,맑음,교차로 - 교차로부근,승용,여,23세,부상신고,승용,남,52세,중상
2019041700100428,2019년 4월 17일 16시,수요일,대전광역시 유성구 어은동,경상사고,0,0,1,0,차대차 - 측면충돌,안전운전불이행,건조,맑음,단일로 - 기타,승용,여,50세,상해없음,승용,남,64세,경상
2019041700100429,2019년 4월 17일 16시,수요일,대전광역시 유성구 용산동,중상사고,0,1,0,0,차대차 - 측면충돌,신호위반,건조,맑음,교차로 - 교차로안,승용,여,41세,상해없음,승용,남,56세,중상
2019041700100513,2019년 4월 17일 18시,수요일,대전광역시 서구 탄방동,경상사고,0,0,1,0,차대차 - 후진중충돌,안전운전불이행,건조,맑음,단일로 - 기타,승용,여,55세,상해없음,승용,여,24세,경상
2019041700100514,2019년 4월 17일 18시,수요일,대전광역시 유성구 원내동,경상사고,0,0,1,0,차대차 - 기타,안전운전불이행,건조,맑음,단일로 - 기타,승용,여,20세,상해없음,이륜,남,51세,경상
2019041700100515,2019년 4월 17일 18시,수요일,대전광역시 유성구 상대동,경상사고,0,0,1,0,차량단독 - 기타,안전운전불이행,건조,맑음,단일로 - 기타,승합,남,69세,상해없음,,,,
2019041700100561,2019년 4월 17일 19시,수요일,대전광역시 서구 갈마동,경상사고,0,0,2,0,차대차 - 기타,안전거리미확보,서리/결빙,맑음,단일로 - 기타,이륜,남,16세,경상,승용,남,37세,경상
2019041700100594,2019년 4월 17일 20시,수요일,대전광역시 동구 용전동,경상사고,0,0,1,0,차대차 - 기타,신호위반,건조,맑음,교차로 - 교차로횡단보도내,화물,남,51세,상해없음,자전거,남,28세,경상
2019041700100595,2019년 4월 17일 20시,수요일,대전광역시 유성구 궁동,중상사고,0,1,0,0,차대차 - 기타,안전운전불이행,건조,맑음,단일로 - 기타,승용,남,26세,상해없음,자전거,남,26세,중상