사고번호,사고일시,요일,시군구,사고내용,사망자수,중상자수,경상자수,부상신고자수,사고유형,법규위반,노면상태,기상상태,도로형태,가해운전자 차종,가해운전자 성별,가해운전자 연령,가해운전자 상해정도,피해운전자 차종,피해운전자 성별,피해운전자 연령,피해운전자 상해정도
2019041700100620,2019년 4월 17일 21시,수요일,대전광역시 서구 관저동,경상사고,0,0,2,0,차대사람 - 기타,중앙선침범,건조,맑음,단일로 - 교량,승용,남,28세,상해없음,보행자,남,51세,경상
2019041700100621,2019년 4월 17일 21시,수요일,대전광역시 유성구 관평동,경상사고,0,0,2,0,차대차 - 기타,신호위반,건조,맑음,교차로 - 교차로안,승용,여,50세,상해없음,승용,남,26세,경상
2019041700100622,2019년 4월 17일 21시,수요일,대전광역시 유성구 봉명동,경상사고,0,0,1,0,차대차 - 기타,직진우회전진행방해,건조,맑음,교차로 - 교차로안,화물,남,31세,상해없음,승용,남,58세,경상
2019041700100643,2019년 4월 17일 22시,수요일,대전광역시 대덕구 중리동,경상사고,0,0,3,0,차대차 - 측면충돌,안전거리미확보,건조,맑음,교차로 - 교차로부근,승용,남,66세,상해없음,승용,여,32세,경상
2019041700100644,2019년 4월 17일 22시,수요일,대전광역시 대덕구 송촌동,경상사고,0,0,1,0,차대차 - 추돌,안전운전불이행,건조,맑음,교차로 - 교차로부근,화물,남,49세,상해없음,승합,남,53세,상해없음
2019041800100029,2019년 4월 18일 01시,목요일,대전광역시 동구 신흥동,경상사고,0,0,2,0,차대차 - 기타,신호위반,건조,맑음,교차로 - 교차로안,화물,남,62세,상해없음,승용,남,48세,경상
2019041800100106,2019년 4월 18일 07시,목요일,대전광역시 대덕구 와동,경상사고,0,0,1,0,차대차 - 기타,안전거리미확보,건조,맑음,단일로 - 기타,승용,여,30세,상해없음,화물,남,34세,경상
2019041800100107,2019년 4월 18일 07시,목요일,대전광역시 서구 월평동,경상사고,0,0,1,0,차대차 - 기타,안전운전불이행,건조,맑음,교차로 - 교차로안,승용,여,46세,상해없음,승용,남,22세,경상
2019041800100184,2019년 4월 18일 09시,목요일,대전광역시 대덕구 중리동,중상사고,0,1,0,0,차대사람 - 기타,기타,건조,맑음,기타 - 기타,승합,남,56세,상해없음,보행자,여,60세,중상
2019041800100220,2019년 4월 18일 10시,목요일,대전광역시 유성구 지족동,경상사고,0,0,1,0,차대차 - 추돌,안전운전불이행,건조,맑음,단일로 - 기타,승용,남,54세,상해없음,승용,남,56세,경상
2019041800100281,2019년 4월 18일 12시,목요일,대전광역시 동구 가양동,경상사고,0,0,1,0,차대사람 - 길가장자리구역통행중,안전운전불이행,건조,맑음,단일로 - 기타,승용,여,20세,상해없음,보행자,여,22세,경상
2019041800100282,2019년 4월 18일 12시,목요일,대전광역시 동구 인동,경상사고,0,0,1,0,차대사람 - 차도통행중,안전운전불이행,건조,맑음,교차로 - 교차로안,승용,여,43세,상해없음,보행자,남,76세,경상
2019041800100283,2019년 4월 18일 12시,목요일,대전광역시 서구 둔산동,부상신고사고,0,0,0,2,차대차 - 기타,안전운전불이행,건조,맑음,교차로 - 교차로안,이륜,남,17세,부상신고,화물,남,43세,상해없음
2019041800100284,2019년 4월 18일 12시,목요일,대전광역시 유성구 덕명동,경상사고,0,0,1,0,차대차 - 측면충돌,교차로운행방법위반,건조,맑음,교차로 - 교차로안,승용,여,33세,상해없음,승용,남,35세,경상
2019041800100314,2019년 4월 18일 13시,목요일,대전광역시 서구 용문동,경상사고,0,0,1,0,차대사람 - 기타,안전운전불이행,건조,맑음,단일로 - 기타,승용,남,30세,기타불명,보행자,여,54세,경상
2019041800100315,2019년 4월 18일 13시,목요일,대전광역시 유성구 상대동,경상사고,0,0,1,0,차대차 - 기타,기타,건조,맑음,단일로 - 지하차도(도로)내,화물,남,26세,상해없음,승용,남,33세,경상
2019041800100351,2019년 4월 18일 14시,목요일,대전광역시 서구 괴곡동,중상사고,0,1,1,0,차대차 - 측면충돌,안전운전불이행,건조,맑음,단일로 - 기타,승용,여,55세,경상,승용,여,56세,중상
2019041800100386,2019년 4월 18일 15시,목요일,대전광역시 중구 은행동,경상사고,0,0,1,0,차대사람 - 기타,안전운전불이행,건조,맑음,단일로 - 기타,승용,남,48세,상해없음,보행자,여,26세,경상
2019041800100387,2019년 4월 18일 15시,목요일,대전광역시 동구 효동,경상사고,0,0,3,0,차대차 - 추돌,안전운전불이행,건조,맑음,단일로 - 기타,승용,남,20세,상해없음,승합,남,61세,상해없음
2019041800100388,2019년 4월 18일 15시,목요일,대전광역시 대덕구 오정동,경상사고,0,0,1,0,차대사람 - 기타,기타,건조,맑음,단일로 - 기타,승합,남,39세,기타불명,보행자,여,38세,경상
2019041800100389,2019년 4월 18일 15시,목요일,대전광역시 서구 월평동,경상사고,0,0,1,0,차대사람 - 기타,안전운전불이행,건조,맑음,교차로 - 교차로안,화물,남,34세,상해없음,보행자,남,60세,경상
2019041800100461,2019년 4월 18일 17시,목요일,대전광역시 유성구 덕명동,경상사고,0,0,1,0,차대차 - 측면충돌,신호위반,건조,맑음,교차로 - 교차로부근,승용,남,52세,상해없음,승용,남,64세,경상
2019041800100590,2019년 4월 18일 21시,목요일,대전광역시 유성구 노은동,경상사고,0,0,1,1,차대차 - 기타,신호위반,건조,맑음,교차로 - 교차로부근,승용,여,56세,상해없음,승용,남,52세,경상
2019041800100613,2019년 4월 18일 22시,목요일,대전광역시 서구 변동,경상사고,0,0,1,0,차대차 - 측면충돌,신호위반,건조,맑음,교차로 - 교차로안,승용,여,38세,상해없음,승용,남,28세,경상
2019041800100614,2019년 4월 18일 22시,목요일,대전광역시 서구 가수원동,경상사고,0,0,1,0,차대차 - 측면충돌,안전운전불이행,건조,맑음,교차로 - 교차로안,승용,남,49세,상해없음,이륜,남,36세,경상
2019041800100615,2019년 4월 18일 22시,목요일,대전광역시 대덕구 오정동,중상사고,0,1,0,0,차대차 - 기타,안전운전불이행,건조,맑음,단일로 - 기타,승용,남,53세,기타불명,승용,남,44세,중상
2019041800100616,2019년 4월 18일 22시,목요일,대전광역시 서구 월평동,중상사고,0,1,0,0,차대차 - 기타,신호위반,건조,맑음,교차로 - 교차로안,승용,남,66세,상해없음,원동기,남,33세,중상
2019041800100632,2019년 4월 18일 23시,목요일,대전광역시 유성구 장대동,중상사고,0,1,2,0,차대차 - 측면충돌,신호위반,건조,맑음,교차로 - 교차로안,승용,남,41세,기타불명,승용,남,56세,경상
2019041900100071,2019년 4월 19일 05시,금요일,대전광역시 유성구 용산동,경상사고,0,0,3,0,차대차 - 기타,교차로운행방법위반,젖음/습기,안개,교차로 - 교차로안,승용,남,39세,기타불명,승용,남,45세,경상
2019041900100109,2019년 4월 19일 07시,금요일,대전광역시 유성구 화암동,경상사고,0,0,1,0,차량단독 - 공작물충돌,안전운전불이행,젖음/습기,비,단일로 - 기타,승용,남,65세,상해없음,,,,
2019041900100154,2019년 4월 19일 08시,금요일,대전광역시 유성구 안산동,경상사고,0,0,1,0,차대차 - 추돌,안전운전불이행,건조,맑음,단일로 - 기타,승용,남,45세,상해없음,승용,남,66세,경상
2019041900100196,2019년 4월 19일 09시,금요일,대전광역시 중구 선화동,중상사고,0,1,0,0,차대차 - 측면충돌,직진우회전진행방해,건조,맑음,교차로 - 교차로안,승용,남,53세,상해없음,자전거,여,80세,중상
2019041900100260,2019년 4월 19일 11시,금요일,대전광역시 동구 판암동,경상사고,0,0,1,0,차대차 - 측면충돌,교차로운행방법위반,건조,맑음,교차로 - 교차로안,이륜,여,54세,경상,승용,여,70세,상해없음
2019041900100296,2019년 4월 19일 12시,금요일,대전광역시 동구 원동,경상사고,0,0,2,0,차대차 - 측면충돌,신호위반,건조,맑음,단일로 - 기타,승합,남,65세,상해없음,화물,남,47세,경상
2019041900100297,2019년 4월 19일 12시,금요일,대전광역시 서구 월평동,중상사고,0,1,0,1,차대차 - 기타,안전거리미확보,건조,맑음,단일로 - 기타,이륜,남,47세,중상,승용,남,54세,상해없음
2019041900100298,2019년 4월 19일 12시,금요일,대전광역시 서구 월평동,중상사고,0,1,0,0,차대차 - 기타,안전운전불이행,건조,맑음,단일로 - 기타,승용,여,78세,상해없음,이륜,여,38세,중상
2019041900100333,2019년 4월 19일 13시,금요일,대전광역시 서구 갈마동,경상사고,0,0,1,0,차대차 - 기타,안전운전불이행,건조,맑음,교차로 - 교차로부근,승용,여,71세,상해없음,승용,남,28세,경상
2019041900100334,2019년 4월 19일 13시,금요일,대전광역시 서구 탄방동,경상사고,0,0,1,0,차대차 - 기타,안전운전불이행,건조,맑음,교차로 - 교차로안,승용,여,36세,상해없음,자전거,여,38세,경상
2019041900100372,2019년 4월 19일 14시,금요일,대전광역시 동구 용전동,경상사고,0,0,1,0,차대차 - 기타,안전운전불이행,건조,맑음,교차로 - 교차로부근,승용,남,34세,상해없음,승용,남,44세,경상
2019041900100373,2019년 4월 19일 14시,금요일,대전광역시 서구 탄방동,경상사고,0,0,1,0,차대차 - 기타,안전운전불이행,건조,맑음,단일로 - 기타,승용,여,46세,상해없음,이륜,남,24세,경상
2019041900100398,2019년 4월 19일 15시,금요일,대전광역시 서구 둔산동,사망사고,1,0,0,0,차대차 - 기타,신호위반,건조,맑음,교차로 - 교차로횡단보도내,승용,여,50세,상해없음,자전거,남,90세 이상,사망
2019041900100442,2019년 4월 19일 16시,금요일,대전광역시 중구 태평동,경상사고,0,0,1,0,차대차 - 추돌,안전운전불이행,건조,맑음,단일로 - 기타,화물,남,36세,상해없음,승용,남,57세,경상
2019041900100443,2019년 4월 19일 16시,금요일,대전광역시 대덕구 중리동,중상사고,0,1,0,0,차대사람 - 횡단중,안전운전불이행,건조,맑음,단일로 - 기타,화물,남,53세,상해없음,보행자,여,11세,중상
2019041900100444,2019년 4월 19일 16시,금요일,대전광역시 유성구 교촌동,경상사고,0,0,1,0,차대차 - 측면충돌,안전운전불이행,건조,맑음,교차로 - 교차로안,승용,여,55세,상해없음,자전거,남,7세,경상
2019041900100445,2019년 4월 19일 16시,금요일,대전광역시 유성구 하기동,경상사고,0,0,2,0,차대차 - 측면충돌,교차로운행방법위반,건조,맑음,교차로 - 교차로안,승용,여,40세,상해없음,승용,남,72세,경상
2019041900100501,2019년 4월 19일 17시,금요일,대전광역시 유성구 송강동,경상사고,0,0,1,0,차대사람 - 횡단중,보행자보호의무위반,건조,맑음,교차로 - 교차로부근,이륜,남,35세,상해없음,보행자,여,11세,경상
2019041900100553,2019년 4월 19일 18시,금요일,대전광역시 서구 괴정동,중상사고,0,1,0,1,차대사람 - 횡단중,중앙선침범,건조,맑음,교차로 - 교차로횡단보도내,이륜,남,19세,부상신고,보행자,남,41세,중상
2019041900100588,2019년 4월 19일 19시,금요일,대전광역시 중구 사정동,경상사고,0,0,1,0,차량단독 - 기타,안전운전불이행,건조,맑음,단일로 - 기타,승합,남,46세,상해없음,,,,
2019041900100589,2019년 4월 19일 19시,금요일,대전광역시 동구 판암동,경상사고,0,0,1,0,차대사람 - 횡단중,기타,건조,맑음,단일로 - 기타,이륜,남,41세,기타불명,보행자,남,8세,경상
2019041900100590,2019년 4월 19일 19시,금요일,대전광역시 유성구 장대동,경상사고,0,0,2,0,차대차 - 측면충돌,안전거리미확보,건조,맑음,단일로 - 기타,승용,여,27세,상해없음,승용,남,31세,경상
2019041900100695,2019년 4월 19일 22시,금요일,대전광역시 유성구 원내동,경상사고,0,0,3,0,차대차 - 측면충돌,안전운전불이행,건조,맑음,단일로 - 기타,승용,남,23세,상해없음,승용,남,45세,경상
2019041900100696,2019년 4월 19일 22시,금요일,대전광역시 유성구 원내동,경상사고,0,0,1,0,차대사람 - 횡단중,안전운전불이행,건조,맑음,단일로 - 기타,승용,남,27세,기타불명,보행자,남,55세,경상
2019042000100044,2019년 4월 20일 00시,토요일,대전광역시 중구 용두동,중상사고,0,1,0,0,차대차 - 측면충돌,신호위반,건조,맑음,교차로 - 교차로안,승용,남,63세,상해없음,승용,여,50세,중상
2019042000100045,2019년 4월 20일 00시,토요일,대전광역시 서구 둔산동,경상사고,0,0,1,0,차대사람 - 기타,안전운전불이행,건조,맑음,단일로 - 기타,승용,남,38세,상해없음,보행자,남,28세,경상
2019042000100060,2019년 4월 20일 01시,토요일,대전광역시 유성구 봉명동,중상사고,0,1,2,0,차대차 - 측면충돌,신호위반,건조,맑음,교차로 - 교차로안,승용,남,51세,상해없음,승용,남,57세,경상
2019042000100080,2019년 4월 20일 02시,토요일,대전광역시 유성구 전민동,경상사고,0,0,1,0,차대사람 - 기타,안전운전불이행,건조,맑음,단일로 - 기타,승용,여,58세,상해없음,보행자,여,48세,경상
2019042000100151,2019년 4월 20일 08시,토요일,대전광역시 동구 삼정동,중상사고,0,1,0,0,차대차 - 추돌,안전운전불이행,건조,맑음,교차로 - 교차로부근,승용,남,63세,상해없음,승용,남,57세,중상
2019042000100152,2019년 4월 20일 08시,토요일,대전광역시 동구 가양동,경상사고,0,0,1,0,차대차 - 측면충돌,안전운전불이행,건조,맑음,교차로 - 교차로부근,승용,남,67세,상해없음,승용,남,59세,상해없음
2019042000100153,2019년 4월 20일 08시,토요일,대전광역시 서구 도마동,경상사고,0,0,3,0,차대차 - 추돌,안전운전불이행,건조,맑음,단일로 - 기타,승용,남,40세,상해없음,승용,남,69세,경상
2019042000100184,2019년 4월 20일 09시,토요일,대전광역시 중구 정생동,부상신고사고,0,0,0,1,차량단독 - 기타,안전운전불이행,건조,맑음,기타 - 기타,화물,남,62세,부상신고,,,,
2019042000100185,2019년 4월 20일 09시,토요일,대전광역시 중구 문화동,경상사고,0,0,1,0,차대차 - 측면충돌,교차로운행방법위반,건조,맑음,단일로 - 기타,승용,남,34세,상해없음,승용,남,28세,경상
2019042000100223,2019년 4월 20일 10시,토요일,대전광역시 서구 둔산동,경상사고,0,0,1,0,차대차 - 측면충돌,신호위반,건조,맑음,교차로 - 교차로횡단보도내,승용,남,43세,상해없음,자전거,남,12세,경상
2019042000100264,2019년 4월 20일 11시,토요일,대전광역시 유성구 봉산동,경상사고,0,0,1,0,차대사람 - 횡단중,보행자보호의무위반,건조,맑음,교차로 - 교차로횡단보도내,승용,남,52세,상해없음,보행자,여,13세,경상
2019042000100311,2019년 4월 20일 12시,토요일,대전광역시 중구 오류동,중상사고,0,1,0,0,차대차 - 측면충돌,신호위반,건조,맑음,단일로 - 기타,이륜,남,66세,상해없음,이륜,남,48세,중상
2019042000100312,2019년 4월 20일 12시,토요일,대전광역시 대덕구 송촌동,경상사고,0,0,1,1,차대차 - 기타,안전운전불이행,건조,맑음,단일로 - 기타,승용,남,26세,상해없음,승용,남,28세,경상
2019042000100313,2019년 4월 20일 12시,토요일,대전광역시 유성구 봉명동,경상사고,0,0,1,0,차대차 - 추돌,직진우회전진행방해,건조,맑음,교차로 - 교차로안,승용,남,39세,상해없음,승용,여,44세,경상
2019042000100355,2019년 4월 20일 13시,토요일,대전광역시 유성구 탑립동,부상신고사고,0,0,0,4,차대차 - 추돌,안전운전불이행,건조,맑음,단일로 - 기타,승용,여,33세,상해없음,승용,남,43세,부상신고
2019042000100389,2019년 4월 20일 14시,토요일,대전광역시 동구 신안동,경상사고,0,0,6,0,차대차 - 추돌,안전운전불이행,건조,맑음,단일로 - 기타,이륜,남,50세,경상,승용,남,38세,경상
2019042000100425,2019년 4월 20일 15시,토요일,대전광역시 서구 둔산동,경상사고,0,0,1,0,차대사람 - 길가장자리구역통행중,안전운전불이행,건조,맑음,단일로 - 기타,승용,여,46세,상해없음,보행자,여,37세,경상
2019042000100426,2019년 4월 20일 15시,토요일,대전광역시 서구 갈마동,경상사고,0,0,3,0,차대차 - 측면충돌,안전거리미확보,건조,맑음,단일로 - 기타,화물,남,54세,경상,승용,남,74세,경상
2019042000100466,2019년 4월 20일 16시,토요일,대전광역시 중구 중촌동,경상사고,0,0,1,0,차대차 - 추돌,안전거리미확보,건조,맑음,단일로 - 기타,승용,남,62세,상해없음,승용,남,59세,경상
2019042000100467,2019년 4월 20일 16시,토요일,대전광역시 유성구 갑동,부상신고사고,0,0,0,1,차대차 - 추돌,안전운전불이행,건조,맑음,교차로 - 교차로부근,승용,남,57세,상해없음,승용,남,44세,부상신고
2019042000100534,2019년 4월 20일 18시,토요일,대전광역시 동구 대성동,경상사고,0,0,1,0,차대차 - 추돌,안전운전불이행,건조,맑음,교차로 - 교차로부근,승용,남,44세,상해없음,승용,여,24세,경상
2019042000100535,2019년 4월 20일 18시,토요일,대전광역시 동구 판암동,경상사고,0,0,1,0,차대차 - 측면충돌,안전운전불이행,건조,맑음,교차로 - 교차로부근,승용,남,61세,상해없음,승용,여,51세,경상
2019042000100572,2019년 4월 20일 19시,토요일,대전광역시 동구 대동,경상사고,0,0,3,2,차대차 - 추돌,안전운전불이행,건조,맑음,교차로 - 교차로안,승용,남,59세,상해없음,승용,여,38세,경상
2019042000100604,2019년 4월 20일 20시,토요일,대전광역시 중구 대사동,경상사고,0,0,1,0,차대차 - 측면충돌,안전거리미확보,건조,맑음,교차로 - 교차로부근,승용,여,63세,상해없음,승용,여,37세,경상
2019042000100635,2019년 4월 20일 21시,토요일,대전광역시 중구 문화동,중상사고,0,1,0,0,차대사람 - 길가장자리구역통행중,안전운전불이행,건조,맑음,단일로 - 기타,기타불명,기타불명,미분류,기타불명,보행자,남,70세,중상
2019042000100665,2019년 4월 20일 22시,토요일,대전광역시 대덕구 신탄진동,경상사고,0,0,1,0,차대차 - 기타,안전운전불이행,건조,맑음,교차로 - 교차로안,승용,남,40세,상해없음,승용,여,43세,경상
2019042000100693,2019년 4월 20일 23시,토요일,대전광역시 서구 갈마동,경상사고,0,0,2,1,차대차 - 기타,안전운전불이행,건조,맑음,단일로 - 기타,이륜,남,25세,부상신고,승용,남,41세,경상
2019042100100030,2019년 4월 21일 00시,일요일,대전광역시 서구 둔산동,경상사고,0,0,3,0,차대차 - 기타,안전운전불이행,건조,맑음,교차로 - 교차로부근,승용,남,36세,상해없음,승용,남,59세,경상
2019042100100047,2019년 4월 21일 01시,일요일,대전광역시 중구 선화동,중상사고,0,1,0,0,차대사람 - 횡단중,안전운전불이행,건조,맑음,단일로 - 기타,화물,남,61세,상해없음,보행자,여,23세,중상
2019042100100088,2019년 4월 21일 05시,일요일,대전광역시 중구 용두동,경상사고,0,0,2,0,차대차 - 측면충돌,신호위반,건조,맑음,교차로 - 교차로안,승용,남,24세,상해없음,승용,남,64세,경상
2019042100100146,2019년 4월 21일 09시,일요일,대전광역시 동구 상소동,경상사고,0,0,1,0,차대차 - 기타,차로위반,건조,맑음,단일로 - 기타,원동기,남,73세,경상,승합,남,53세,상해없음
2019042100100147,2019년 4월 21일 09시,일요일,대전광역시 유성구 장대동,경상사고,0,0,2,0,차대차 - 측면충돌,신호위반,건조,맑음,교차로 - 교차로안,승용,남,63세,상해없음,승용,여,42세,경상
2019042100100148,2019년 4월 21일 09시,일요일,대전광역시 유성구 송강동,경상사고,0,0,1,0,차대차 - 측면충돌,안전운전불이행,건조,맑음,교차로 - 교차로안,승용,남,23세,상해없음,승용,남,46세,경상
2019042100100159,2019년 4월 21일 10시,일요일,대전광역시 대덕구 신대동,경상사고,0,0,1,0,차대차 - 기타,안전운전불이행,건조,맑음,단일로 - 기타,승용,여,62세,상해없음,승용,여,30세,경상
2019042100100170,2019년 4월 21일 10시,일요일,대전광역시 중구 옥계동,중상사고,0,1,4,0,차대차 - 측면충돌,안전운전불이행,건조,맑음,교차로 - 교차로부근,승용,여,40세,경상,이륜,남,39세,중상
2019042100100171,2019년 4월 21일 10시,일요일,대전광역시 대덕구 상서동,경상사고,0,0,1,0,차대차 - 기타,안전운전불이행,건조,맑음,교차로 - 교차로안,화물,남,35세,상해없음,승용,남,32세,경상
2019042100100191,2019년 4월 21일 11시,일요일,대전광역시 서구 월평동,중상사고,0,1,3,0,차대차 - 측면충돌,안전거리미확보,건조,맑음,단일로 - 기타,승용,여,36세,상해없음,승용,여,38세,중상
2019042100100217,2019년 4월 21일 12시,일요일,대전광역시 대덕구 미호동,경상사고,0,0,1,0,차대차 - 기타,안전운전불이행,건조,맑음,단일로 - 기타,승용,여,52세,상해없음,자전거,여,40세,경상
2019042100100218,2019년 4월 21일 12시,일요일,대전광역시 서구 둔산동,경상사고,0,0,5,0,차대차 - 측면충돌,안전운전불이행,건조,맑음,교차로 - 교차로부근,승용,여,45세,경상,승용,남,30세,경상
2019042100100241,2019년 4월 21일 13시,일요일,대전광역시 중구 유천동,경상사고,0,0,1,0,차대차 - 기타,기타,건조,맑음,단일로 - 기타,승용,남,26세,상해없음,원동기,남,19세,경상
2019042100100257,2019년 4월 21일 14시,일요일,대전광역시 대덕구 송촌동,경상사고,0,0,1,0,차대차 - 측면충돌,교차로운행방법위반,건조,맑음,교차로 - 교차로안,승용,남,29세,상해없음,승용,남,57세,경상
2019042100100310,2019년 4월 21일 16시,일요일,대전광역시 서구 관저동,경상사고,0,0,2,0,차대차 - 측면충돌,신호위반,건조,맑음,교차로 - 교차로부근,승합,남,34세,상해없음,승용,여,38세,경상
2019042100100339,2019년 4월 21일 17시,일요일,대전광역시 중구 유천동,중상사고,0,1,0,0,차대차 - 측면충돌,안전운전불이행,건조,맑음,교차로 - 교차로횡단보도내,승용,여,60세,기타불명,자전거,남,68세,중상
2019042100100365,2019년 4월 21일 18시,일요일,대전광역시 대덕구 상서동,경상사고,0,0,1,2,차대차 - 기타,안전운전불이행,건조,맑음,단일로 - 기타,화물,남,57세,상해없음,승용,여,45세,경상
2019042100100415,2019년 4월 21일 20시,일요일,대전광역시 대덕구 오정동,경상사고,0,0,1,0,차대사람 - 횡단중,보행자보호의무위반,건조,맑음,교차로 - 교차로안,승용,여,30세,상해없음,보행자,여,62세,경상
2019042100100416,2019년 4월 21일 20시,일요일,대전광역시 서구 월평동,경상사고,0,0,1,0,차대차 - 측면충돌,신호위반,건조,맑음,교차로 - 교차로안,승용,여,47세,상해없음,이륜,남,17세,경상
2019042100100417,2019년 4월 21일 20시,일요일,대전광역시 유성구 장동,경상사고,0,0,3,0,차대차 - 추돌,안전운전불이행,건조,맑음,단일로 - 기타,승용,여,52세,상해없음,승용,남,50세,경상
2019042100100451,2019년 4월 21일 21시,일요일,대전광역시 서구 매노동,경상사고,0,0,2,0,차대차 - 기타,중앙선침범,건조,맑음,단일로 - 기타,화물,남,47세,상해없음,승용,여,63세,경상
2019042100100452,2019년 4월 21일 21시,일요일,대전광역시 유성구 구암동,경상사고,0,0,1,0,차대차 - 추돌,직진우회전진행방해,건조,맑음,교차로 - 교차로안,승용,남,34세,상해없음,승용,남,62세,상해없음
2019042100100468,2019년 4월 21일 22시,일요일,대전광역시 유성구 원내동,경상사고,0,0,2,0,차대차 - 추돌,안전운전불이행,건조,맑음,교차로 - 교차로부근,승용,남,68세,상해없음,승용,여,36세,경상
2019042200100073,2019년 4월 22일 06시,월요일,대전광역시 유성구 원신흥동,경상사고,0,0,1,0,차대차 - 추돌,안전운전불이행,건조,맑음,단일로 - 기타,건설기계,남,52세,상해없음,승용,남,40세,경상
2019042200100160,2019년 4월 22일 08시,월요일,대전광역시 중구 태평동,경상사고,0,0,2,0,차대차 - 추돌,안전운전불이행,건조,맑음,단일로 - 교량,승용,여,24세,상해없음,승용,남,59세,경상
2019042200100161,2019년 4월 22일 08시,월요일,대전광역시 서구 월평동,경상사고,0,0,1,0,차대차 - 측면충돌,안전운전불이행,건조,맑음,단일로 - 기타,자전거,남,66세,경상,승용,여,57세,상해없음
2019042200100162,2019년 4월 22일 08시,월요일,대전광역시 서구 탄방동,중상사고,0,1,5,0,차대차 - 측면충돌,안전운전불이행,건조,맑음,교차로 - 교차로안,승용,남,71세,상해없음,승용,여,52세,상해없음
2019042200100163,2019년 4월 22일 08시,월요일,대전광역시 서구 탄방동,경상사고,0,0,2,0,차대차 - 측면충돌,교차로운행방법위반,건조,맑음,교차로 - 교차로안,승용,여,55세,상해없음,승합,남,60세,상해없음
2019042200100208,2019년 4월 22일 09시,월요일,대전광역시 서구 월평동,경상사고,0,0,1,0,차대사람 - 횡단중,신호위반,건조,맑음,교차로 - 교차로횡단보도내,승용,남,27세,상해없음,보행자,여,40세,경상
2019042200100209,2019년 4월 22일 09시,월요일,대전광역시 서구 탄방동,경상사고,0,0,1,0,차대차 - 추돌,안전운전불이행,건조,맑음,단일로 - 기타,승용,여,36세,상해없음,승용,남,32세,경상
2019042200100210,2019년 4월 22일 09시,월요일,대전광역시 유성구 장대동,경상사고,0,0,1,0,차대차 - 기타,안전거리미확보,건조,맑음,단일로 - 기타,화물,남,41세,상해없음,이륜,남,54세,경상
2019042200100211,2019년 4월 22일 09시,월요일,대전광역시 유성구 송강동,중상사고,0,1,0,0,차대사람 - 횡단중,안전운전불이행,건조,맑음,교차로 - 교차로안,화물,남,69세,상해없음,보행자,남,63세,중상
2019042200100234,2019년 4월 22일 10시,월요일,대전광역시 서구 복수동,중상사고,0,1,0,0,차대사람 - 횡단중,보행자보호의무위반,건조,맑음,교차로 - 교차로부근,기타불명,기타불명,미분류,기타불명,보행자,여,79세,중상
2019042200100277,2019년 4월 22일 11시,월요일,대전광역시 동구 천동,중상사고,0,1,0,0,차대차 - 측면충돌,안전운전불이행,건조,맑음,교차로 - 교차로부근,이륜,여,57세,중상,승합,남,57세,상해없음
2019042200100346,2019년 4월 22일 13시,월요일,대전광역시 동구 중동,경상사고,0,0,2,0,차대차 - 측면충돌,안전거리미확보,건조,맑음,교차로 - 교차로부근,화물,남,50세,경상,승용,남,64세,경상
2019042200100395,2019년 4월 22일 14시,월요일,대전광역시 동구 성남동,중상사고,0,1,0,0,차대사람 - 횡단중,보행자보호의무위반,건조,맑음,교차로 - 교차로횡단보도내,승합,남,54세,상해없음,보행자,여,67세,중상
2019042200100479,2019년 4월 22일 16시,월요일,대전광역시 중구 문화동,경상사고,0,0,3,0,차대차 - 추돌,안전거리미확보,건조,맑음,단일로 - 기타,승용,여,38세,상해없음,승용,여,42세,경상
2019042200100480,2019년 4월 22일 16시,월요일,대전광역시 서구 괴정동,경상사고,0,0,1,0,차대차 - 측면충돌,안전운전불이행,건조,맑음,단일로 - 기타,화물,남,45세,상해없음,이륜,남,26세,경상
2019042200100528,2019년 4월 22일 17시,월요일,대전광역시 중구 대흥동,경상사고,0,0,2,0,차대차 - 기타,안전거리미확보,건조,맑음,단일로 - 기타,승용,여,42세,상해없음,승용,남,27세,경상
2019042200100529,2019년 4월 22일 17시,월요일,대전광역시 유성구 구성동,중상사고,0,1,0,0,차대차 - 측면충돌,안전운전불이행,건조,맑음,교차로 - 교차로안,승용,여,49세,상해없음,이륜,남,48세,중상
2019042200100580,2019년 4월 22일 18시,월요일,대전광역시 중구 옥계동,경상사고,0,0,1,0,차대사람 - 차도통행중,안전운전불이행,건조,맑음,단일로 - 기타,기타불명,기타불명,미분류,기타불명,보행자,여,22세,경상
2019042200100581,2019년 4월 22일 18시,월요일,대전광역시 동구 삼성동,경상사고,0,0,1,0,차대차 - 추돌,안전운전불이행,건조,맑음,교차로 - 교차로부근,승용,여,41세,상해없음,승용,남,35세,경상
2019042200100582,2019년 4월 22일 18시,월요일,대전광역시 유성구 용산동,경상사고,0,0,1,1,차대차 - 측면충돌,안전운전불이행,건조,맑음,교차로 - 교차로안,승용,남,28세,상해없음,승용,남,35세,경상
2019042200100614,2019년 4월 22일 19시,월요일,대전광역시 중구 선화동,경상사고,0,0,2,0,차대차 - 추돌,안전운전불이행,건조,맑음,단일로 - 기타,승용,남,33세,상해없음,승용,남,34세,경상
2019042200100615,2019년 4월 22일 19시,월요일,대전광역시 서구 월평동,부상신고사고,0,0,0,1,차대차 - 측면충돌,교차로운행방법위반,건조,맑음,교차로 - 교차로안,이륜,남,45세,상해없음,자전거,남,16세,부상신고