사고번호,사고일시,요일,시군구,사고내용,사망자수,중상자수,경상자수,부상신고자수,사고유형,법규위반,노면상태,기상상태,도로형태,가해운전자 차종,가해운전자 성별,가해운전자 연령,가해운전자 상해정도,피해운전자 차종,피해운전자 성별,피해운전자 연령,피해운전자 상해정도
2019042200100642,2019년 4월 22일 20시,월요일,대전광역시 대덕구 오정동,중상사고,0,2,0,0,차대차 - 추돌,안전운전불이행,건조,맑음,단일로 - 교량,승용,남,51세,상해없음,승용,남,30세,중상
2019042200100643,2019년 4월 22일 20시,월요일,대전광역시 유성구 원촌동,경상사고,0,0,1,0,차대차 - 기타,안전거리미확보,건조,맑음,단일로 - 기타,승용,남,59세,상해없음,승용,남,29세,경상
2019042200100668,2019년 4월 22일 21시,월요일,대전광역시 유성구 노은동,경상사고,0,0,1,0,차대차 - 측면충돌,교차로운행방법위반,건조,맑음,교차로 - 교차로안,화물,남,52세,상해없음,승용,여,48세,경상
2019042200100690,2019년 4월 22일 22시,월요일,대전광역시 서구 갈마동,경상사고,0,0,1,0,차대사람 - 횡단중,보행자보호의무위반,건조,맑음,교차로 - 교차로횡단보도내,기타불명,기타불명,미분류,기타불명,보행자,여,16세,경상
2019042300100027,2019년 4월 23일 00시,화요일,대전광역시 중구 문화동,중상사고,0,1,0,0,차대사람 - 횡단중,신호위반,건조,맑음,교차로 - 교차로횡단보도내,승용,남,58세,상해없음,보행자,남,49세,중상
2019042300100133,2019년 4월 23일 08시,화요일,대전광역시 유성구 구암동,경상사고,0,0,1,1,차대차 - 측면충돌,안전운전불이행,건조,맑음,단일로 - 기타,승합,남,66세,상해없음,화물,남,41세,경상
2019042300100202,2019년 4월 23일 10시,화요일,대전광역시 중구 대사동,경상사고,0,0,1,0,차대차 - 추돌,안전운전불이행,건조,맑음,교차로 - 교차로안,승용,남,62세,상해없음,승용,남,26세,경상
2019042300100226,2019년 4월 23일 11시,화요일,대전광역시 중구 부사동,경상사고,0,0,1,0,차대차 - 측면충돌,안전운전불이행,건조,맑음,교차로 - 교차로부근,승용,남,32세,상해없음,이륜,남,73세,경상
2019042300100398,2019년 4월 23일 16시,화요일,대전광역시 유성구 상대동,경상사고,0,0,3,0,차량단독 - 공작물충돌,안전운전불이행,건조,맑음,단일로 - 기타,승용,남,61세,상해없음,,,,
2019042300100399,2019년 4월 23일 16시,화요일,대전광역시 유성구 도룡동,중상사고,0,1,1,0,차대차 - 추돌,안전운전불이행,건조,맑음,단일로 - 기타,승용,남,56세,상해없음,승용,여,57세,중상
2019042300100442,2019년 4월 23일 17시,화요일,대전광역시 유성구 도룡동,경상사고,0,0,2,0,차대차 - 측면충돌,안전운전불이행,젖음/습기,비,단일로 - 기타,승용,남,31세,상해없음,승용,남,21세,경상
2019042300100443,2019년 4월 23일 17시,화요일,대전광역시 유성구 구성동,중상사고,0,1,0,0,차대차 - 기타,안전거리미확보,젖음/습기,비,단일로 - 기타,승용,남,34세,상해없음,승용,남,29세,중상
2019042300100487,2019년 4월 23일 18시,화요일,대전광역시 중구 옥계동,경상사고,0,0,1,0,차대사람 - 기타,안전운전불이행,건조,맑음,교차로 - 교차로부근,승용,여,60세,상해없음,보행자,여,23세,경상
2019042300100488,2019년 4월 23일 18시,화요일,대전광역시 서구 가장동,경상사고,0,0,1,0,차대사람 - 횡단중,안전운전불이행,젖음/습기,비,단일로 - 기타,승용,남,58세,상해없음,보행자,여,9세,경상
2019042300100489,2019년 4월 23일 18시,화요일,대전광역시 대덕구 상서동,경상사고,0,0,3,0,차대차 - 기타,안전운전불이행,젖음/습기,비,기타 - 기타,승용,남,33세,상해없음,승용,여,21세,경상
2019042300100525,2019년 4월 23일 19시,화요일,대전광역시 중구 오류동,경상사고,0,0,1,0,차대차 - 기타,안전운전불이행,건조,맑음,기타 - 기타,승용,남,40세,상해없음,자전거,남,24세,경상
2019042300100526,2019년 4월 23일 19시,화요일,대전광역시 중구 선화동,중상사고,0,1,0,0,차대차 - 측면충돌,신호위반,젖음/습기,비,교차로 - 교차로부근,이륜,남,22세,중상,승용,남,22세,상해없음
2019042300100527,2019년 4월 23일 19시,화요일,대전광역시 유성구 봉명동,경상사고,0,0,1,0,차대차 - 기타,신호위반,젖음/습기,비,교차로 - 교차로안,승용,여,50세,상해없음,승용,남,56세,경상
2019042300100600,2019년 4월 23일 21시,화요일,대전광역시 유성구 궁동,경상사고,0,0,1,0,차대차 - 기타,직진우회전진행방해,젖음/습기,비,교차로 - 교차로안,이륜,남,37세,상해없음,이륜,남,42세,경상
2019042300100601,2019년 4월 23일 21시,화요일,대전광역시 유성구 봉명동,경상사고,0,0,1,0,차대차 - 기타,안전운전불이행,젖음/습기,비,단일로 - 기타,승용,여,61세,상해없음,승용,여,39세,경상
2019042300100622,2019년 4월 23일 22시,화요일,대전광역시 유성구 교촌동,경상사고,0,0,1,0,차대차 - 측면충돌,안전운전불이행,젖음/습기,비,단일로 - 기타,화물,남,64세,상해없음,승용,남,47세,경상
2019042300100632,2019년 4월 23일 22시,화요일,대전광역시 동구 용전동,경상사고,0,0,1,0,차대차 - 후진중충돌,안전운전불이행,젖음/습기,비,교차로 - 교차로부근,승용,남,56세,상해없음,승용,여,50세,경상
2019042300100633,2019년 4월 23일 22시,화요일,대전광역시 서구 갈마동,경상사고,0,0,5,0,차대차 - 정면충돌,중앙선침범,젖음/습기,비,교차로 - 교차로부근,승용,여,34세,상해없음,승용,남,51세,경상
2019042400100076,2019년 4월 24일 02시,수요일,대전광역시 서구 둔산동,중상사고,0,1,0,0,차대사람 - 횡단중,신호위반,젖음/습기,비,교차로 - 교차로횡단보도내,승용,남,25세,상해없음,보행자,남,58세,중상
2019042400100112,2019년 4월 24일 05시,수요일,대전광역시 서구 갈마동,경상사고,0,0,1,0,차대차 - 측면충돌,신호위반,젖음/습기,비,교차로 - 교차로안,승용,남,32세,상해없음,승용,남,69세,경상
2019042400100153,2019년 4월 24일 07시,수요일,대전광역시 동구 용전동,경상사고,0,0,1,0,차대사람 - 차도통행중,안전운전불이행,건조,맑음,교차로 - 교차로부근,화물,남,53세,상해없음,보행자,남,52세,경상
2019042400100154,2019년 4월 24일 07시,수요일,대전광역시 서구 괴정동,경상사고,0,0,1,0,차대차 - 측면충돌,안전운전불이행,젖음/습기,비,단일로 - 기타,승용,여,28세,기타불명,승합,남,39세,경상
2019042400100199,2019년 4월 24일 08시,수요일,대전광역시 중구 대흥동,부상신고사고,0,0,0,1,차대사람 - 횡단중,신호위반,젖음/습기,비,교차로 - 교차로안,승용,남,64세,기타불명,보행자,남,58세,부상신고
2019042400100200,2019년 4월 24일 08시,수요일,대전광역시 중구 문화동,경상사고,0,0,2,0,차대차 - 측면충돌,교차로운행방법위반,건조,맑음,교차로 - 교차로안,승용,여,59세,상해없음,승합,남,56세,경상
2019042400100201,2019년 4월 24일 08시,수요일,대전광역시 대덕구 송촌동,경상사고,0,0,2,0,차대차 - 기타,교차로운행방법위반,젖음/습기,비,교차로 - 교차로안,승용,여,43세,상해없음,승합,남,45세,경상
2019042400100260,2019년 4월 24일 10시,수요일,대전광역시 유성구 관평동,중상사고,0,1,0,0,차량단독 - 기타,안전운전불이행,젖음/습기,흐림,단일로 - 기타,승합,남,59세,상해없음,,,,
2019042400100311,2019년 4월 24일 12시,수요일,대전광역시 서구 괴정동,경상사고,0,0,1,0,차량단독 - 공작물충돌,안전운전불이행,건조,맑음,단일로 - 기타,승용,여,35세,경상,,,,
2019042400100312,2019년 4월 24일 12시,수요일,대전광역시 대덕구 와동,중상사고,0,1,0,0,차대사람 - 횡단중,안전운전불이행,건조,맑음,교차로 - 교차로부근,승용,여,48세,상해없음,보행자,남,76세,중상
2019042400100376,2019년 4월 24일 14시,수요일,대전광역시 대덕구 오정동,중상사고,0,1,0,1,차대차 - 추돌,안전운전불이행,건조,맑음,교차로 - 교차로부근,화물,남,64세,기타불명,승용,남,64세,중상
2019042400100415,2019년 4월 24일 15시,수요일,대전광역시 동구 원동,경상사고,0,0,3,0,차대차 - 측면충돌,신호위반,건조,맑음,단일로 - 기타,승용,여,39세,경상,승합,남,39세,경상
2019042400100452,2019년 4월 24일 16시,수요일,대전광역시 서구 갈마동,중상사고,0,1,0,0,차대사람 - 기타,안전운전불이행,건조,맑음,기타 - 기타,승용,남,32세,상해없음,보행자,남,88세,중상
2019042400100453,2019년 4월 24일 16시,수요일,대전광역시 유성구 장대동,경상사고,0,0,1,0,차대차 - 추돌,안전운전불이행,건조,맑음,단일로 - 기타,승용,남,60세,상해없음,승용,남,70세,경상
2019042400100500,2019년 4월 24일 17시,수요일,대전광역시 서구 용문동,경상사고,0,0,2,0,차대차 - 추돌,안전운전불이행,건조,맑음,단일로 - 기타,승용,여,51세,기타불명,승용,여,56세,경상
2019042400100501,2019년 4월 24일 17시,수요일,대전광역시 서구 갈마동,경상사고,0,0,1,0,차대차 - 기타,안전운전불이행,건조,맑음,교차로 - 교차로부근,승용,남,22세,상해없음,이륜,남,26세,경상
2019042400100545,2019년 4월 24일 18시,수요일,대전광역시 유성구 원신흥동,중상사고,0,1,0,0,차대차 - 측면충돌,안전운전불이행,건조,맑음,교차로 - 교차로안,승용,남,48세,상해없음,이륜,남,21세,중상
2019042400100618,2019년 4월 24일 20시,수요일,대전광역시 동구 삼성동,경상사고,0,0,1,0,차대차 - 측면충돌,안전거리미확보,건조,맑음,단일로 - 기타,승용,여,67세,상해없음,승용,남,25세,경상
2019042400100637,2019년 4월 24일 21시,수요일,대전광역시 동구 홍도동,경상사고,0,0,1,0,차대차 - 측면충돌,안전운전불이행,건조,맑음,단일로 - 기타,승용,남,71세,상해없음,이륜,남,38세,경상
2019042400100638,2019년 4월 24일 21시,수요일,대전광역시 동구 가오동,경상사고,0,0,1,0,차대차 - 측면충돌,중앙선침범,건조,맑음,단일로 - 기타,승용,여,57세,상해없음,승용,여,49세,경상
2019042400100678,2019년 4월 24일 23시,수요일,대전광역시 서구 도마동,중상사고,0,1,0,0,차대차 - 측면충돌,안전운전불이행,건조,맑음,교차로 - 교차로안,승용,여,46세,상해없음,승용,남,35세,중상
2019042500100042,2019년 4월 25일 02시,목요일,대전광역시 유성구 구암동,경상사고,0,0,1,0,차량단독 - 기타,안전운전불이행,건조,맑음,단일로 - 기타,승용,남,64세,상해없음,,,,
2019042500100066,2019년 4월 25일 05시,목요일,대전광역시 동구 삼성동,경상사고,0,0,1,0,차량단독 - 기타,안전운전불이행,건조,흐림,교차로 - 교차로부근,승용,남,61세,상해없음,,,,
2019042500100102,2019년 4월 25일 07시,목요일,대전광역시 유성구 원신흥동,경상사고,0,0,1,0,차대차 - 기타,안전거리미확보,건조,맑음,단일로 - 기타,화물,남,53세,상해없음,승용,여,49세,경상
2019042500100179,2019년 4월 25일 09시,목요일,대전광역시 서구 만년동,경상사고,0,0,1,0,차대차 - 기타,안전운전불이행,건조,흐림,교차로 - 교차로횡단보도내,화물,남,52세,상해없음,자전거,여,54세,경상
2019042500100213,2019년 4월 25일 10시,목요일,대전광역시 유성구 원내동,중상사고,0,1,0,0,차대차 - 기타,안전운전불이행,젖음/습기,비,단일로 - 기타,승합,남,46세,상해없음,자전거,남,72세,중상
2019042500100246,2019년 4월 25일 11시,목요일,대전광역시 중구 대흥동,경상사고,0,0,1,0,차대차 - 측면충돌,신호위반,건조,맑음,교차로 - 교차로안,승용,남,61세,상해없음,화물,남,42세,경상
2019042500100247,2019년 4월 25일 11시,목요일,대전광역시 대덕구 오정동,경상사고,0,0,2,0,차대차 - 기타,신호위반,건조,맑음,교차로 - 교차로안,승용,남,70세,상해없음,승합,남,48세,경상
2019042500100248,2019년 4월 25일 11시,목요일,대전광역시 유성구 봉명동,경상사고,0,0,2,0,차대차 - 추돌,안전운전불이행,건조,맑음,단일로 - 기타,승용,남,36세,상해없음,승용,남,57세,경상
2019042500100304,2019년 4월 25일 13시,목요일,대전광역시 대덕구 오정동,부상신고사고,0,0,0,1,차대차 - 추돌,안전운전불이행,젖음/습기,비,단일로 - 기타,승용,남,68세,상해없음,승합,남,39세,부상신고
2019042500100338,2019년 4월 25일 14시,목요일,대전광역시 서구 정림동,경상사고,0,0,1,0,차대차 - 측면충돌,안전운전불이행,젖음/습기,비,교차로 - 교차로안,화물,남,72세,상해없음,화물,남,51세,경상
2019042500100371,2019년 4월 25일 15시,목요일,대전광역시 중구 은행동,경상사고,0,0,1,0,차대차 - 추돌,교차로운행방법위반,젖음/습기,비,교차로 - 교차로안,승용,남,27세,상해없음,승용,남,37세,경상
2019042500100406,2019년 4월 25일 16시,목요일,대전광역시 서구 도마동,경상사고,0,0,2,0,차대차 - 측면충돌,신호위반,건조,맑음,단일로 - 기타,승용,여,49세,상해없음,승용,남,44세,경상
2019042500100449,2019년 4월 25일 17시,목요일,대전광역시 동구 신흥동,경상사고,0,0,1,0,차대차 - 측면충돌,안전운전불이행,건조,맑음,교차로 - 교차로안,이륜,남,19세,상해없음,승용,여,45세,경상
2019042500100450,2019년 4월 25일 17시,목요일,대전광역시 대덕구 비래동,경상사고,0,0,1,0,차대차 - 기타,안전운전불이행,젖음/습기,비,단일로 - 기타,이륜,남,46세,상해없음,승용,여,50세,경상
2019042500100451,2019년 4월 25일 17시,목요일,대전광역시 대덕구 신일동,경상사고,0,0,1,0,차대차 - 추돌,안전운전불이행,건조,맑음,교차로 - 교차로부근,승합,남,54세,상해없음,승용,남,38세,경상
2019042500100452,2019년 4월 25일 17시,목요일,대전광역시 서구 월평동,경상사고,0,0,1,0,차대차 - 기타,신호위반,젖음/습기,흐림,교차로 - 교차로안,승용,남,39세,상해없음,이륜,남,24세,경상
2019042500100499,2019년 4월 25일 18시,목요일,대전광역시 유성구 장대동,중상사고,0,1,0,0,차대사람 - 횡단중,안전운전불이행,건조,맑음,교차로 - 교차로안,승용,남,32세,상해없음,보행자,남,66세,중상
2019042500100500,2019년 4월 25일 18시,목요일,대전광역시 유성구 반석동,경상사고,0,0,1,0,차대차 - 기타,안전거리미확보,젖음/습기,비,교차로 - 교차로부근,승용,남,58세,상해없음,승용,남,40세,경상
2019042500100551,2019년 4월 25일 19시,목요일,대전광역시 유성구 원신흥동,경상사고,0,0,1,0,차대차 - 기타,안전운전불이행,젖음/습기,흐림,교차로 - 교차로안,승용,남,62세,상해없음,이륜,남,27세,경상
2019042500100703,2019년 4월 25일 23시,목요일,대전광역시 유성구 노은동,경상사고,0,0,2,0,차대차 - 기타,신호위반,젖음/습기,흐림,교차로 - 교차로안,승용,남,46세,상해없음,승용,여,23세,경상
2019042600100048,2019년 4월 26일 00시,금요일,대전광역시 동구 대동,중상사고,0,1,0,0,차대사람 - 횡단중,신호위반,건조,맑음,교차로 - 교차로안,승용,남,29세,상해없음,보행자,남,19세,중상
2019042600100049,2019년 4월 26일 00시,금요일,대전광역시 유성구 죽동,경상사고,0,0,1,0,차대차 - 기타,신호위반,젖음/습기,흐림,교차로 - 교차로안,승용,남,53세,상해없음,승용,여,43세,경상
2019042600100083,2019년 4월 26일 02시,금요일,대전광역시 서구 월평동,경상사고,0,0,3,0,차대차 - 측면충돌,신호위반,건조,맑음,교차로 - 교차로부근,승용,남,27세,기타불명,승용,남,46세,경상
2019042600100088,2019년 4월 26일 03시,금요일,대전광역시 중구 오류동,경상사고,0,0,1,0,차대사람 - 기타,안전운전불이행,건조,맑음,교차로 - 교차로부근,승용,남,63세,상해없음,보행자,남,44세,경상
2019042600100182,2019년 4월 26일 08시,금요일,대전광역시 동구 신흥동,중상사고,0,1,0,0,차대차 - 측면충돌,신호위반,젖음/습기,맑음,교차로 - 교차로안,화물,남,69세,상해없음,승용,여,48세,중상
2019042600100210,2019년 4월 26일 09시,금요일,대전광역시 서구 괴정동,경상사고,0,0,2,0,차대차 - 측면충돌,안전운전불이행,건조,맑음,교차로 - 교차로안,승용,여,70세,상해없음,승용,남,73세,경상
2019042600100236,2019년 4월 26일 10시,금요일,대전광역시 유성구 노은동,경상사고,0,0,2,0,차대차 - 기타,안전운전불이행,건조,맑음,단일로 - 기타,건설기계,남,53세,상해없음,승용,여,53세,경상
2019042600100237,2019년 4월 26일 10시,금요일,대전광역시 유성구 도룡동,경상사고,0,0,1,0,차대차 - 정면충돌,신호위반,건조,맑음,단일로 - 기타,승용,남,54세,상해없음,승용,여,44세,경상
2019042600100262,2019년 4월 26일 11시,금요일,대전광역시 동구 삼성동,부상신고사고,0,0,0,1,차대차 - 측면충돌,안전거리미확보,건조,맑음,단일로 - 기타,화물,남,58세,상해없음,승용,여,65세,부상신고
2019042600100303,2019년 4월 26일 12시,금요일,대전광역시 대덕구 중리동,경상사고,0,0,1,0,차대차 - 기타,안전운전불이행,건조,맑음,단일로 - 기타,승용,남,59세,상해없음,이륜,남,23세,경상
2019042600100327,2019년 4월 26일 13시,금요일,대전광역시 유성구 송강동,경상사고,0,0,1,0,차대사람 - 기타,안전운전불이행,건조,맑음,교차로 - 교차로안,승합,남,68세,상해없음,보행자,남,82세,경상
2019042600100364,2019년 4월 26일 14시,금요일,대전광역시 동구 소제동,경상사고,0,0,1,0,차대차 - 측면충돌,교차로운행방법위반,건조,맑음,교차로 - 교차로부근,승용,여,21세,상해없음,승용,남,22세,경상
2019042600100365,2019년 4월 26일 14시,금요일,대전광역시 대덕구 신탄진동,경상사고,0,0,1,0,차대차 - 기타,안전운전불이행,젖음/습기,흐림,단일로 - 기타,승용,남,78세,상해없음,승용,남,52세,경상
2019042600100404,2019년 4월 26일 15시,금요일,대전광역시 동구 인동,경상사고,0,0,1,0,차대차 - 측면충돌,신호위반,젖음/습기,비,교차로 - 교차로안,승용,남,36세,상해없음,승용,여,34세,경상
2019042600100405,2019년 4월 26일 15시,금요일,대전광역시 대덕구 석봉동,경상사고,0,0,1,0,차대차 - 기타,교차로운행방법위반,젖음/습기,비,교차로 - 교차로부근,승용,여,54세,상해없음,원동기,남,19세,경상
2019042600100444,2019년 4월 26일 16시,금요일,대전광역시 동구 용운동,중상사고,0,1,0,0,차대사람 - 기타,안전운전불이행,젖음/습기,비,교차로 - 교차로안,승용,남,38세,상해없음,보행자,여,74세,중상
2019042600100445,2019년 4월 26일 16시,금요일,대전광역시 유성구 송강동,중상사고,0,1,0,0,차대사람 - 횡단중,보행자보호의무위반,젖음/습기,비,교차로 - 교차로횡단보도내,승용,여,36세,상해없음,보행자,여,7세,중상
2019042600100485,2019년 4월 26일 17시,금요일,대전광역시 중구 부사동,경상사고,0,0,2,0,차대차 - 측면충돌,안전운전불이행,건조,맑음,교차로 - 교차로부근,화물,남,43세,상해없음,승합,남,40세,경상
2019042600100486,2019년 4월 26일 17시,금요일,대전광역시 서구 둔산동,중상사고,0,1,0,0,차대사람 - 기타,안전운전불이행,젖음/습기,맑음,단일로 - 기타,승용,여,40세,상해없음,보행자,남,18세,중상
2019042600100487,2019년 4월 26일 17시,금요일,대전광역시 유성구 노은동,경상사고,0,0,3,0,차대차 - 기타,안전거리미확보,젖음/습기,비,단일로 - 기타,승용,남,37세,상해없음,승용,남,47세,경상
2019042600100542,2019년 4월 26일 18시,금요일,대전광역시 동구 홍도동,중상사고,0,1,0,0,차대차 - 기타,안전운전불이행,젖음/습기,비,기타 - 기타,승용,남,52세,상해없음,이륜,남,21세,중상
2019042600100543,2019년 4월 26일 18시,금요일,대전광역시 서구 변동,경상사고,0,0,1,0,차대차 - 추돌,안전운전불이행,젖음/습기,맑음,단일로 - 기타,승용,남,51세,상해없음,승용,남,35세,경상
2019042600100593,2019년 4월 26일 19시,금요일,대전광역시 서구 괴정동,경상사고,0,0,1,0,차대차 - 측면충돌,신호위반,젖음/습기,흐림,교차로 - 교차로부근,이륜,남,29세,상해없음,승용,여,53세,경상
2019042600100594,2019년 4월 26일 19시,금요일,대전광역시 서구 만년동,경상사고,0,0,1,0,차대차 - 추돌,안전운전불이행,젖음/습기,비,단일로 - 기타,승용,남,65세,상해없음,승용,남,45세,경상
2019042600100595,2019년 4월 26일 19시,금요일,대전광역시 서구 탄방동,경상사고,0,0,1,0,차대차 - 기타,안전운전불이행,젖음/습기,비,교차로 - 교차로부근,승용,남,47세,상해없음,승용,여,48세,경상
2019042600100645,2019년 4월 26일 20시,금요일,대전광역시 중구 문화동,부상신고사고,0,0,0,2,차대차 - 추돌,안전운전불이행,젖음/습기,흐림,단일로 - 기타,승용,남,24세,상해없음,화물,여,51세,기타불명
2019042600100646,2019년 4월 26일 20시,금요일,대전광역시 동구 용전동,경상사고,0,0,2,0,차대차 - 측면충돌,직진우회전진행방해,젖음/습기,비,교차로 - 교차로안,이륜,남,39세,경상,승용,남,36세,경상
2019042600100682,2019년 4월 26일 21시,금요일,대전광역시 유성구 구암동,경상사고,0,0,2,0,차대차 - 기타,신호위반,건조,흐림,교차로 - 교차로안,승용,여,56세,상해없음,승용,남,46세,경상
2019042600100709,2019년 4월 26일 22시,금요일,대전광역시 대덕구 덕암동,경상사고,0,0,1,0,차대차 - 기타,안전운전불이행,건조,맑음,교차로 - 교차로안,승용,남,47세,상해없음,이륜,남,35세,경상
2019042700100045,2019년 4월 27일 00시,토요일,대전광역시 서구 괴정동,경상사고,0,0,1,0,차대사람 - 기타,안전운전불이행,건조,맑음,단일로 - 기타,승용,남,21세,상해없음,보행자,남,37세,경상
2019042700100072,2019년 4월 27일 01시,토요일,대전광역시 중구 대흥동,경상사고,0,0,1,0,차대차 - 추돌,안전운전불이행,건조,맑음,단일로 - 기타,승용,남,26세,상해없음,승용,남,44세,경상
2019042700100099,2019년 4월 27일 04시,토요일,대전광역시 대덕구 오정동,경상사고,0,0,1,0,차대사람 - 횡단중,안전운전불이행,젖음/습기,흐림,기타 - 기타,화물,남,47세,상해없음,보행자,여,78세,경상
2019042700100122,2019년 4월 27일 06시,토요일,대전광역시 서구 만년동,경상사고,0,0,1,0,차대차 - 기타,중앙선침범,건조,맑음,단일로 - 기타,승합,남,71세,상해없음,승용,남,43세,경상
2019042700100123,2019년 4월 27일 06시,토요일,대전광역시 서구 갈마동,중상사고,0,1,1,0,차대차 - 측면충돌,안전운전불이행,건조,맑음,단일로 - 기타,승용,남,32세,상해없음,승용,남,49세,경상
2019042700100137,2019년 4월 27일 07시,토요일,대전광역시 대덕구 대화동,중상사고,0,1,0,0,차대사람 - 기타,안전운전불이행,건조,맑음,교차로 - 교차로안,건설기계,남,44세,상해없음,보행자,남,69세,중상
2019042700100236,2019년 4월 27일 10시,토요일,대전광역시 서구 복수동,중상사고,0,2,0,0,차대차 - 측면충돌,안전운전불이행,건조,맑음,교차로 - 교차로안,승용,여,68세,상해없음,승용,여,51세,중상
2019042700100293,2019년 4월 27일 11시,토요일,대전광역시 동구 추동,중상사고,0,1,0,0,차대사람 - 기타,보행자보호의무위반,건조,맑음,단일로 - 기타,승용,남,78세,상해없음,보행자,남,7세,중상
2019042700100294,2019년 4월 27일 11시,토요일,대전광역시 동구 삼성동,경상사고,0,0,1,0,차대차 - 기타,신호위반,건조,맑음,교차로 - 교차로안,원동기,남,53세,상해없음,승용,남,36세,경상
2019042700100295,2019년 4월 27일 11시,토요일,대전광역시 서구 도마동,경상사고,0,0,1,0,차대차 - 측면충돌,안전운전불이행,건조,맑음,교차로 - 교차로안,자전거,남,12세,경상,승용,여,56세,상해없음
2019042700100366,2019년 4월 27일 13시,토요일,대전광역시 서구 용문동,경상사고,0,0,1,0,차대차 - 추돌,안전운전불이행,건조,맑음,단일로 - 기타,이륜,남,28세,상해없음,승용,남,59세,경상
2019042700100367,2019년 4월 27일 13시,토요일,대전광역시 서구 둔산동,경상사고,0,0,2,5,차대차 - 추돌,안전거리미확보,건조,맑음,단일로 - 기타,화물,남,58세,경상,화물,남,48세,경상
2019042700100368,2019년 4월 27일 13시,토요일,대전광역시 유성구 궁동,경상사고,0,0,1,0,차대차 - 측면충돌,안전거리미확보,건조,맑음,단일로 - 기타,화물,남,56세,상해없음,승용,여,25세,경상
2019042700100407,2019년 4월 27일 14시,토요일,대전광역시 중구 산성동,중상사고,0,1,2,1,차대차 - 기타,교차로운행방법위반,건조,맑음,교차로 - 교차로안,승용,남,77세,부상신고,승용,남,69세,경상
2019042700100408,2019년 4월 27일 14시,토요일,대전광역시 대덕구 상서동,경상사고,0,0,2,0,차대차 - 기타,신호위반,건조,맑음,교차로 - 교차로부근,승용,여,47세,상해없음,승용,남,33세,상해없음
2019042700100409,2019년 4월 27일 14시,토요일,대전광역시 유성구 덕명동,부상신고사고,0,0,0,1,차대차 - 측면충돌,안전거리미확보,건조,맑음,교차로 - 교차로부근,승용,남,57세,상해없음,화물,남,48세,부상신고
2019042700100444,2019년 4월 27일 15시,토요일,대전광역시 중구 안영동,중상사고,0,1,0,0,차대사람 - 기타,안전운전불이행,건조,맑음,주차장 - 주차장,승용,여,64세,상해없음,보행자,여,75세,중상
2019042700100445,2019년 4월 27일 15시,토요일,대전광역시 서구 변동,경상사고,0,0,1,0,차대사람 - 횡단중,신호위반,건조,맑음,단일로 - 기타,승용,남,76세,상해없음,보행자,남,37세,경상
2019042700100446,2019년 4월 27일 15시,토요일,대전광역시 서구 내동,중상사고,0,1,0,0,차대차 - 측면충돌,안전운전불이행,건조,맑음,단일로 - 기타,승용,여,46세,상해없음,자전거,남,61세,중상
2019042700100447,2019년 4월 27일 15시,토요일,대전광역시 유성구 구성동,경상사고,0,0,2,0,차대차 - 기타,안전운전불이행,건조,맑음,교차로 - 교차로안,승용,여,38세,상해없음,승용,남,57세,경상
2019042700100480,2019년 4월 27일 16시,토요일,대전광역시 중구 사정동,경상사고,0,0,5,1,차대차 - 추돌,안전운전불이행,건조,맑음,단일로 - 기타,승용,남,67세,상해없음,승용,여,61세,경상
2019042700100481,2019년 4월 27일 16시,토요일,대전광역시 동구 성남동,경상사고,0,0,1,0,차대차 - 추돌,안전운전불이행,건조,맑음,단일로 - 기타,승용,남,60세,상해없음,승용,여,24세,경상
2019042700100482,2019년 4월 27일 16시,토요일,대전광역시 대덕구 비래동,경상사고,0,0,4,0,차대차 - 기타,신호위반,건조,맑음,단일로 - 기타,승용,남,52세,상해없음,승용,남,53세,경상
2019042700100483,2019년 4월 27일 16시,토요일,대전광역시 대덕구 중리동,경상사고,0,0,1,0,차대차 - 기타,안전운전불이행,건조,맑음,단일로 - 기타,승용,여,79세,상해없음,승용,남,35세,경상
2019042700100484,2019년 4월 27일 16시,토요일,대전광역시 유성구 장대동,경상사고,0,0,2,0,차대차 - 추돌,안전거리미확보,건조,맑음,교차로 - 교차로부근,승용,여,24세,상해없음,승용,남,41세,상해없음
2019042700100532,2019년 4월 27일 17시,토요일,대전광역시 유성구 지족동,경상사고,0,0,1,0,차대차 - 측면충돌,안전거리미확보,건조,맑음,교차로 - 교차로부근,건설기계,남,74세,상해없음,승용,여,40세,경상
2019042700100569,2019년 4월 27일 18시,토요일,대전광역시 유성구 봉명동,경상사고,0,0,1,0,차대차 - 추돌,안전운전불이행,건조,맑음,교차로 - 교차로안,승용,남,55세,상해없음,승용,남,53세,경상
2019042700100597,2019년 4월 27일 19시,토요일,대전광역시 중구 유천동,중상사고,0,1,5,0,차대차 - 추돌,안전운전불이행,건조,맑음,교차로 - 교차로부근,승용,남,51세,상해없음,승용,여,39세,경상
2019042700100630,2019년 4월 27일 20시,토요일,대전광역시 동구 가양동,중상사고,0,1,0,0,차대사람 - 횡단중,보행자보호의무위반,건조,맑음,교차로 - 교차로안,승용,남,22세,상해없음,보행자,여,17세,중상
2019042700100631,2019년 4월 27일 20시,토요일,대전광역시 서구 도안동,경상사고,0,0,2,0,차대차 - 기타,안전거리미확보,건조,맑음,교차로 - 교차로부근,승용,여,41세,상해없음,승용,여,25세,경상
2019042700100632,2019년 4월 27일 20시,토요일,대전광역시 대덕구 석봉동,경상사고,0,0,1,0,차대차 - 기타,안전운전불이행,건조,맑음,단일로 - 기타,건설기계,남,46세,상해없음,이륜,남,18세,경상