사고번호,사고일시,요일,시군구,사고내용,사망자수,중상자수,경상자수,부상신고자수,사고유형,법규위반,노면상태,기상상태,도로형태,가해운전자 차종,가해운전자 성별,가해운전자 연령,가해운전자 상해정도,피해운전자 차종,피해운전자 성별,피해운전자 연령,피해운전자 상해정도
2019051200100346,2019년 5월 12일 15시,일요일,대전광역시 유성구 구암동,경상사고,0,0,3,0,차대차 - 추돌,안전운전불이행,건조,맑음,교차로 - 교차로부근,화물,남,50세,상해없음,승용,남,62세,경상
2019051200100420,2019년 5월 12일 17시,일요일,대전광역시 중구 대사동,경상사고,0,0,1,0,차대차 - 측면충돌,안전운전불이행,건조,맑음,교차로 - 교차로부근,승용,남,69세,상해없음,이륜,남,80세,경상
2019051200100421,2019년 5월 12일 17시,일요일,대전광역시 서구 둔산동,경상사고,0,0,1,0,차대사람 - 횡단중,보행자보호의무위반,건조,맑음,교차로 - 교차로횡단보도내,승합,남,57세,상해없음,보행자,여,33세,경상
2019051200100422,2019년 5월 12일 17시,일요일,대전광역시 유성구 구성동,중상사고,0,1,2,0,차대차 - 측면충돌,안전운전불이행,건조,맑음,교차로 - 교차로안,승용,남,72세,경상,승용,남,55세,중상
2019051200100448,2019년 5월 12일 18시,일요일,대전광역시 유성구 죽동,경상사고,0,0,1,0,차대차 - 측면충돌,교차로운행방법위반,건조,맑음,교차로 - 교차로안,승용,여,33세,상해없음,승용,남,62세,경상
2019051200100476,2019년 5월 12일 19시,일요일,대전광역시 중구 문창동,중상사고,0,1,0,0,차대차 - 측면충돌,중앙선침범,건조,맑음,단일로 - 기타,승용,여,54세,상해없음,이륜,남,56세,중상
2019051200100477,2019년 5월 12일 19시,일요일,대전광역시 서구 둔산동,중상사고,0,1,0,0,차대차 - 기타,안전운전불이행,건조,맑음,단일로 - 기타,승용,여,51세,상해없음,이륜,남,35세,중상
2019051200100532,2019년 5월 12일 21시,일요일,대전광역시 유성구 봉명동,경상사고,0,0,2,0,차대차 - 측면충돌,안전운전불이행,건조,맑음,단일로 - 기타,승용,여,58세,기타불명,승용,남,33세,상해없음
2019051200100557,2019년 5월 12일 23시,일요일,대전광역시 서구 용문동,경상사고,0,0,1,0,차대차 - 측면충돌,안전운전불이행,건조,맑음,교차로 - 교차로부근,승용,남,28세,상해없음,승용,남,45세,경상
2019051200100558,2019년 5월 12일 23시,일요일,대전광역시 서구 갈마동,경상사고,0,0,1,0,차량단독 - 기타,기타,건조,맑음,단일로 - 기타,승용,남,61세,상해없음,,,,
2019051200100559,2019년 5월 12일 23시,일요일,대전광역시 서구 둔산동,경상사고,0,0,1,0,차대차 - 기타,신호위반,건조,맑음,교차로 - 교차로안,승용,여,56세,상해없음,이륜,남,40세,경상
2019051300100036,2019년 5월 13일 00시,월요일,대전광역시 서구 갈마동,경상사고,0,0,1,0,차대차 - 기타,교차로운행방법위반,건조,맑음,교차로 - 교차로안,승용,여,29세,상해없음,승용,남,64세,경상
2019051300100072,2019년 5월 13일 06시,월요일,대전광역시 동구 가양동,중상사고,0,1,3,0,차대차 - 측면충돌,신호위반,건조,맑음,교차로 - 교차로안,승용,남,76세,경상,승용,여,48세,경상
2019051300100104,2019년 5월 13일 07시,월요일,대전광역시 중구 대흥동,경상사고,0,0,1,0,차대차 - 측면충돌,안전거리미확보,건조,맑음,교차로 - 교차로부근,승용,남,72세,상해없음,승용,남,38세,경상
2019051300100105,2019년 5월 13일 07시,월요일,대전광역시 대덕구 오정동,경상사고,0,0,1,0,차대차 - 기타,안전운전불이행,건조,맑음,단일로 - 교량,승용,남,66세,기타불명,승용,여,49세,경상
2019051300100144,2019년 5월 13일 08시,월요일,대전광역시 서구 복수동,경상사고,0,0,1,0,차대차 - 측면충돌,안전거리미확보,건조,맑음,단일로 - 기타,승용,남,23세,상해없음,승용,여,63세,경상
2019051300100145,2019년 5월 13일 08시,월요일,대전광역시 서구 도마동,경상사고,0,0,1,0,차대차 - 기타,안전운전불이행,건조,맑음,단일로 - 기타,승용,여,41세,기타불명,승용,여,50세,경상
2019051300100146,2019년 5월 13일 08시,월요일,대전광역시 유성구 봉명동,경상사고,0,0,1,0,차대차 - 추돌,안전거리미확보,건조,맑음,단일로 - 기타,화물,남,43세,상해없음,승용,남,57세,경상
2019051300100185,2019년 5월 13일 09시,월요일,대전광역시 동구 가양동,경상사고,0,0,1,0,차대차 - 기타,안전운전불이행,건조,맑음,단일로 - 기타,승용,남,37세,상해없음,자전거,남,70세,경상
2019051300100186,2019년 5월 13일 09시,월요일,대전광역시 동구 성남동,경상사고,0,0,1,0,차대차 - 기타,교차로운행방법위반,건조,맑음,교차로 - 교차로안,화물,남,70세,상해없음,이륜,남,76세,경상
2019051300100187,2019년 5월 13일 09시,월요일,대전광역시 유성구 복용동,경상사고,0,0,2,0,차대차 - 추돌,안전운전불이행,건조,맑음,단일로 - 기타,승용,여,49세,상해없음,승용,남,56세,경상
2019051300100222,2019년 5월 13일 10시,월요일,대전광역시 동구 가양동,경상사고,0,0,2,0,차대차 - 측면충돌,차로위반,건조,맑음,단일로 - 기타,승용,여,57세,경상,화물,남,58세,경상
2019051300100223,2019년 5월 13일 10시,월요일,대전광역시 서구 도안동,경상사고,0,0,1,0,차대차 - 기타,안전운전불이행,건조,맑음,교차로 - 교차로안,승용,남,62세,기타불명,승용,여,38세,경상
2019051300100224,2019년 5월 13일 10시,월요일,대전광역시 서구 탄방동,경상사고,0,0,2,0,차대차 - 기타,안전운전불이행,건조,맑음,단일로 - 기타,승용,남,52세,상해없음,승용,남,81세,상해없음
2019051300100225,2019년 5월 13일 10시,월요일,대전광역시 유성구 관평동,경상사고,0,0,1,0,차대차 - 측면충돌,신호위반,건조,맑음,교차로 - 교차로안,화물,남,51세,상해없음,승용,남,32세,경상
2019051300100251,2019년 5월 13일 11시,월요일,대전광역시 서구 탄방동,경상사고,0,0,1,0,차대사람 - 기타,안전운전불이행,건조,맑음,교차로 - 교차로안,원동기,남,85세,상해없음,보행자,남,50세,경상
2019051300100319,2019년 5월 13일 13시,월요일,대전광역시 동구 정동,경상사고,0,0,2,0,차대차 - 추돌,안전운전불이행,건조,맑음,단일로 - 지하차도(도로)내,승용,여,41세,상해없음,승용,남,53세,상해없음
2019051300100320,2019년 5월 13일 13시,월요일,대전광역시 서구 변동,경상사고,0,0,1,0,차대사람 - 기타,기타,건조,맑음,교차로 - 교차로부근,화물,남,59세,상해없음,보행자,여,21세,경상
2019051300100321,2019년 5월 13일 13시,월요일,대전광역시 대덕구 읍내동,경상사고,0,0,1,0,차대차 - 추돌,신호위반,건조,맑음,교차로 - 교차로안,승용,여,54세,상해없음,승용,남,30세,경상
2019051300100322,2019년 5월 13일 13시,월요일,대전광역시 서구 월평동,경상사고,0,0,2,0,차대차 - 추돌,안전운전불이행,건조,맑음,단일로 - 기타,승용,남,50세,상해없음,승용,남,55세,경상
2019051300100363,2019년 5월 13일 14시,월요일,대전광역시 대덕구 덕암동,경상사고,0,0,1,0,차대차 - 측면충돌,안전운전불이행,건조,맑음,단일로 - 기타,화물,남,42세,상해없음,승용,여,41세,경상
2019051300100364,2019년 5월 13일 14시,월요일,대전광역시 유성구 상대동,경상사고,0,0,1,0,차대차 - 측면충돌,안전운전불이행,건조,맑음,교차로 - 교차로안,승용,남,61세,상해없음,승용,남,41세,경상
2019051300100392,2019년 5월 13일 15시,월요일,대전광역시 중구 중촌동,중상사고,0,1,0,0,차대사람 - 횡단중,보행자보호의무위반,건조,맑음,교차로 - 교차로횡단보도내,화물,남,43세,상해없음,보행자,여,26세,중상
2019051300100424,2019년 5월 13일 16시,월요일,대전광역시 서구 관저동,경상사고,0,0,1,0,차대사람 - 횡단중,기타,건조,맑음,단일로 - 기타,자전거,여,52세,상해없음,보행자,여,36세,경상
2019051300100425,2019년 5월 13일 16시,월요일,대전광역시 유성구 지족동,경상사고,0,0,1,0,차대차 - 측면충돌,교차로운행방법위반,건조,맑음,교차로 - 교차로안,승용,여,58세,상해없음,승용,남,44세,경상
2019051300100462,2019년 5월 13일 17시,월요일,대전광역시 유성구 도룡동,경상사고,0,0,2,0,차대사람 - 횡단중,안전운전불이행,건조,맑음,단일로 - 기타,승용,남,59세,상해없음,보행자,남,51세,경상
2019051300100510,2019년 5월 13일 18시,월요일,대전광역시 대덕구 오정동,경상사고,0,0,1,0,차대차 - 기타,안전운전불이행,건조,맑음,단일로 - 기타,승합,남,61세,상해없음,승용,남,29세,경상
2019051300100548,2019년 5월 13일 19시,월요일,대전광역시 서구 변동,경상사고,0,0,1,0,차대차 - 측면충돌,안전운전불이행,건조,맑음,교차로 - 교차로부근,승용,남,42세,상해없음,이륜,남,23세,경상
2019051300100549,2019년 5월 13일 19시,월요일,대전광역시 서구 둔산동,경상사고,0,0,1,0,차대사람 - 기타,안전운전불이행,건조,맑음,단일로 - 기타,승용,여,39세,기타불명,보행자,남,23세,경상
2019051300100583,2019년 5월 13일 20시,월요일,대전광역시 유성구 장대동,경상사고,0,0,1,0,차대차 - 측면충돌,안전운전불이행,건조,흐림,단일로 - 기타,승용,남,35세,상해없음,자전거,남,75세,경상
2019051300100584,2019년 5월 13일 20시,월요일,대전광역시 유성구 교촌동,경상사고,0,0,1,0,차대사람 - 횡단중,보행자보호의무위반,건조,흐림,교차로 - 교차로횡단보도내,승용,남,54세,상해없음,보행자,여,59세,경상
2019051300100608,2019년 5월 13일 21시,월요일,대전광역시 서구 관저동,경상사고,0,0,1,0,차대사람 - 횡단중,보행자보호의무위반,건조,맑음,교차로 - 교차로횡단보도내,승용,여,45세,상해없음,보행자,남,58세,경상
2019051300100630,2019년 5월 13일 22시,월요일,대전광역시 중구 문화동,경상사고,0,0,1,0,차대차 - 측면충돌,안전운전불이행,건조,맑음,단일로 - 기타,승용,남,36세,상해없음,승용,남,29세,경상
2019051300100631,2019년 5월 13일 22시,월요일,대전광역시 중구 부사동,중상사고,0,1,1,0,차대차 - 측면충돌,신호위반,건조,맑음,교차로 - 교차로안,이륜,남,35세,중상,승용,남,60세,경상
2019051300100632,2019년 5월 13일 22시,월요일,대전광역시 유성구 지족동,중상사고,0,1,0,0,차대차 - 추돌,안전운전불이행,건조,맑음,교차로 - 교차로부근,승용,남,36세,상해없음,승용,여,46세,중상
2019051400100041,2019년 5월 14일 00시,화요일,대전광역시 동구 대성동,경상사고,0,0,1,0,차대사람 - 기타,안전운전불이행,건조,맑음,단일로 - 기타,화물,여,65세,상해없음,보행자,남,59세,경상
2019051400100042,2019년 5월 14일 00시,화요일,대전광역시 유성구 용산동,경상사고,0,0,1,1,차대차 - 측면충돌,신호위반,건조,맑음,교차로 - 교차로안,승용,남,31세,상해없음,승용,남,28세,경상
2019051400100050,2019년 5월 14일 01시,화요일,대전광역시 서구 용문동,경상사고,0,0,1,0,차대사람 - 기타,안전운전불이행,건조,맑음,주차장 - 주차장,승용,남,39세,상해없음,보행자,여,28세,경상
2019051400100103,2019년 5월 14일 07시,화요일,대전광역시 중구 문화동,경상사고,0,0,1,0,차대차 - 기타,안전운전불이행,건조,맑음,교차로 - 교차로안,승용,여,38세,상해없음,승용,여,34세,경상
2019051400100140,2019년 5월 14일 08시,화요일,대전광역시 동구 삼성동,경상사고,0,0,2,0,차대차 - 기타,안전운전불이행,건조,맑음,교차로 - 교차로안,승용,남,66세,경상,화물,남,61세,경상
2019051400100141,2019년 5월 14일 08시,화요일,대전광역시 대덕구 목상동,경상사고,0,0,1,0,차대사람 - 기타,안전운전불이행,건조,맑음,교차로 - 교차로부근,승용,남,55세,기타불명,보행자,여,72세,경상
2019051400100186,2019년 5월 14일 09시,화요일,대전광역시 중구 사정동,경상사고,0,0,1,0,차대차 - 측면충돌,교차로운행방법위반,건조,맑음,교차로 - 교차로안,승용,여,58세,상해없음,승용,남,27세,경상
2019051400100187,2019년 5월 14일 09시,화요일,대전광역시 유성구 원내동,부상신고사고,0,0,0,2,차대차 - 추돌,안전운전불이행,건조,맑음,교차로 - 교차로부근,화물,남,75세,상해없음,승용,여,38세,부상신고
2019051400100241,2019년 5월 14일 11시,화요일,대전광역시 유성구 구암동,경상사고,0,0,2,0,차대차 - 추돌,안전운전불이행,건조,맑음,단일로 - 기타,화물,남,54세,상해없음,승용,여,46세,경상
2019051400100242,2019년 5월 14일 11시,화요일,대전광역시 유성구 궁동,중상사고,0,1,0,0,차대차 - 추돌,안전운전불이행,건조,맑음,단일로 - 기타,승용,남,63세,상해없음,승용,남,47세,중상
2019051400100279,2019년 5월 14일 12시,화요일,대전광역시 중구 중촌동,경상사고,0,0,1,0,차대차 - 측면충돌,안전운전불이행,건조,맑음,단일로 - 기타,승용,남,34세,상해없음,승용,남,21세,경상
2019051400100280,2019년 5월 14일 12시,화요일,대전광역시 서구 만년동,경상사고,0,0,1,0,차대차 - 측면충돌,안전운전불이행,건조,맑음,단일로 - 기타,승용,남,42세,상해없음,자전거,여,36세,경상
2019051400100315,2019년 5월 14일 13시,화요일,대전광역시 서구 괴정동,경상사고,0,0,1,0,차대차 - 기타,안전운전불이행,건조,맑음,교차로 - 교차로안,승합,남,61세,기타불명,이륜,남,26세,경상
2019051400100316,2019년 5월 14일 13시,화요일,대전광역시 유성구 가정동,중상사고,0,1,1,0,차대차 - 추돌,안전운전불이행,건조,맑음,교차로 - 교차로안,승용,남,68세,상해없음,화물,남,31세,중상
2019051400100352,2019년 5월 14일 14시,화요일,대전광역시 동구 판암동,중상사고,0,1,0,0,차대사람 - 횡단중,보행자보호의무위반,건조,맑음,교차로 - 교차로횡단보도내,승용,남,31세,상해없음,보행자,여,67세,중상
2019051400100395,2019년 5월 14일 15시,화요일,대전광역시 대덕구 중리동,경상사고,0,0,1,0,차대사람 - 횡단중,보행자보호의무위반,건조,맑음,단일로 - 기타,승용,남,68세,기타불명,보행자,여,19세,경상
2019051400100396,2019년 5월 14일 15시,화요일,대전광역시 유성구 전민동,경상사고,0,0,1,0,차대사람 - 기타,기타,건조,맑음,단일로 - 기타,승용,남,53세,상해없음,보행자,여,45세,경상
2019051400100497,2019년 5월 14일 17시,화요일,대전광역시 대덕구 신일동,경상사고,0,0,1,0,차대차 - 기타,교차로운행방법위반,건조,맑음,교차로 - 교차로안,승용,여,49세,상해없음,승용,여,50세,경상
2019051400100537,2019년 5월 14일 18시,화요일,대전광역시 중구 문화동,경상사고,0,0,1,0,차대사람 - 차도통행중,안전운전불이행,건조,맑음,단일로 - 기타,승합,남,51세,상해없음,보행자,남,26세,경상
2019051400100538,2019년 5월 14일 18시,화요일,대전광역시 대덕구 오정동,경상사고,0,0,1,0,차대차 - 기타,차로위반,건조,맑음,교차로 - 교차로부근,승용,남,61세,상해없음,승합,남,39세,경상
2019051400100539,2019년 5월 14일 18시,화요일,대전광역시 서구 갈마동,경상사고,0,0,1,0,차대차 - 기타,안전거리미확보,건조,맑음,교차로 - 교차로부근,승용,남,29세,상해없음,승용,여,53세,경상
2019051400100574,2019년 5월 14일 19시,화요일,대전광역시 서구 도안동,경상사고,0,0,1,0,차대차 - 측면충돌,신호위반,건조,맑음,교차로 - 교차로안,승용,여,53세,상해없음,승용,여,46세,경상
2019051400100575,2019년 5월 14일 19시,화요일,대전광역시 유성구 장대동,경상사고,0,0,2,0,차대차 - 기타,안전운전불이행,건조,맑음,교차로 - 교차로안,승용,남,56세,상해없음,승용,남,25세,상해없음
2019051400100614,2019년 5월 14일 20시,화요일,대전광역시 대덕구 비래동,경상사고,0,0,1,0,차대사람 - 횡단중,보행자보호의무위반,건조,맑음,교차로 - 교차로안,승용,여,53세,상해없음,보행자,남,64세,경상
2019051400100615,2019년 5월 14일 20시,화요일,대전광역시 서구 둔산동,경상사고,0,0,1,0,차대사람 - 기타,안전운전불이행,건조,맑음,교차로 - 교차로안,승용,남,28세,상해없음,보행자,남,47세,경상
2019051400100616,2019년 5월 14일 20시,화요일,대전광역시 서구 둔산동,경상사고,0,0,1,0,차대차 - 기타,교차로운행방법위반,건조,맑음,교차로 - 교차로안,승용,남,51세,상해없음,승용,남,33세,경상
2019051400100650,2019년 5월 14일 21시,화요일,대전광역시 유성구 봉명동,경상사고,0,0,1,0,차대사람 - 기타,안전운전불이행,건조,맑음,단일로 - 기타,승합,남,64세,상해없음,보행자,남,23세,경상
2019051400100672,2019년 5월 14일 22시,화요일,대전광역시 서구 탄방동,경상사고,0,0,1,0,차대차 - 기타,안전운전불이행,건조,맑음,교차로 - 교차로횡단보도내,승합,남,69세,상해없음,자전거,여,23세,경상
2019051400100673,2019년 5월 14일 22시,화요일,대전광역시 서구 둔산동,중상사고,0,1,0,0,차대사람 - 기타,안전운전불이행,건조,맑음,단일로 - 기타,승용,남,37세,상해없음,보행자,남,29세,중상
2019051500100047,2019년 5월 15일 00시,수요일,대전광역시 중구 선화동,중상사고,0,2,1,0,차대차 - 추돌,안전운전불이행,건조,맑음,단일로 - 기타,승용,남,35세,상해없음,승용,남,67세,중상
2019051500100098,2019년 5월 15일 06시,수요일,대전광역시 동구 가양동,경상사고,0,0,2,0,차대차 - 후진중충돌,안전운전불이행,건조,맑음,교차로 - 교차로횡단보도내,화물,남,41세,상해없음,승용,남,36세,경상
2019051500100099,2019년 5월 15일 06시,수요일,대전광역시 유성구 봉명동,경상사고,0,0,1,0,차대차 - 정면충돌,중앙선침범,건조,맑음,단일로 - 기타,승용,남,27세,상해없음,승용,남,55세,경상
2019051500100123,2019년 5월 15일 07시,수요일,대전광역시 서구 갈마동,경상사고,0,0,1,0,차대차 - 기타,안전운전불이행,건조,맑음,단일로 - 기타,승용,남,28세,상해없음,자전거,남,64세,경상
2019051500100124,2019년 5월 15일 07시,수요일,대전광역시 유성구 원내동,부상신고사고,0,0,0,1,차대사람 - 횡단중,기타,건조,맑음,단일로 - 기타,화물,남,27세,상해없음,보행자,남,51세,부상신고
2019051500100159,2019년 5월 15일 08시,수요일,대전광역시 동구 원동,경상사고,0,0,1,0,차대차 - 측면충돌,안전운전불이행,건조,맑음,교차로 - 교차로부근,승용,남,57세,상해없음,승용,여,36세,경상
2019051500100160,2019년 5월 15일 08시,수요일,대전광역시 서구 둔산동,경상사고,0,0,1,0,차대차 - 측면충돌,안전운전불이행,건조,맑음,단일로 - 기타,승합,남,53세,상해없음,화물,남,59세,경상
2019051500100161,2019년 5월 15일 08시,수요일,대전광역시 유성구 관평동,경상사고,0,0,3,0,차대차 - 측면충돌,안전운전불이행,건조,맑음,단일로 - 기타,승용,여,40세,상해없음,승용,남,66세,경상
2019051500100200,2019년 5월 15일 09시,수요일,대전광역시 중구 문화동,경상사고,0,0,1,0,차대차 - 측면충돌,안전거리미확보,건조,맑음,단일로 - 기타,승용,여,50세,상해없음,승용,여,27세,경상
2019051500100239,2019년 5월 15일 10시,수요일,대전광역시 대덕구 비래동,경상사고,0,0,1,0,차대사람 - 기타,안전운전불이행,건조,맑음,단일로 - 기타,승용,남,71세,상해없음,보행자,남,21세,경상
2019051500100240,2019년 5월 15일 10시,수요일,대전광역시 유성구 봉명동,경상사고,0,0,1,0,차대사람 - 기타,안전운전불이행,건조,맑음,단일로 - 기타,승용,여,50세,상해없음,보행자,여,24세,경상
2019051500100275,2019년 5월 15일 11시,수요일,대전광역시 유성구 죽동,경상사고,0,0,2,0,차대차 - 측면충돌,안전거리미확보,건조,맑음,단일로 - 기타,화물,남,62세,상해없음,승용,남,46세,경상
2019051500100314,2019년 5월 15일 12시,수요일,대전광역시 대덕구 상서동,경상사고,0,0,1,0,차대차 - 기타,신호위반,건조,맑음,단일로 - 기타,화물,남,58세,상해없음,승용,남,25세,경상
2019051500100390,2019년 5월 15일 14시,수요일,대전광역시 동구 인동,중상사고,0,1,0,0,차대차 - 측면충돌,신호위반,건조,맑음,교차로 - 교차로안,승용,남,51세,상해없음,이륜,남,73세,중상
2019051500100391,2019년 5월 15일 14시,수요일,대전광역시 동구 용전동,경상사고,0,0,1,0,차대차 - 측면충돌,신호위반,건조,맑음,단일로 - 기타,승용,남,56세,상해없음,화물,남,31세,경상
2019051500100392,2019년 5월 15일 14시,수요일,대전광역시 유성구 궁동,부상신고사고,0,0,0,1,차대사람 - 기타,안전운전불이행,건조,맑음,단일로 - 기타,승용,여,27세,상해없음,보행자,남,21세,부상신고
2019051500100474,2019년 5월 15일 16시,수요일,대전광역시 대덕구 중리동,경상사고,0,0,2,0,차대차 - 측면충돌,안전거리미확보,건조,맑음,단일로 - 기타,승용,남,62세,상해없음,승용,남,59세,경상
2019051500100517,2019년 5월 15일 17시,수요일,대전광역시 동구 정동,경상사고,0,0,1,0,차대차 - 측면충돌,신호위반,건조,맑음,단일로 - 기타,승용,여,60세,상해없음,이륜,남,64세,경상
2019051500100518,2019년 5월 15일 17시,수요일,대전광역시 대덕구 비래동,경상사고,0,0,2,0,차대차 - 기타,안전운전불이행,건조,맑음,단일로 - 기타,승용,여,49세,상해없음,승용,남,23세,경상
2019051500100519,2019년 5월 15일 17시,수요일,대전광역시 서구 둔산동,경상사고,0,0,2,0,차대차 - 후진중충돌,안전운전불이행,건조,맑음,단일로 - 기타,승용,여,56세,상해없음,특수,남,37세,경상
2019051500100566,2019년 5월 15일 18시,수요일,대전광역시 동구 용전동,중상사고,0,1,0,0,차대차 - 측면충돌,안전운전불이행,건조,맑음,단일로 - 기타,승용,남,44세,상해없음,이륜,남,75세,중상
2019051500100567,2019년 5월 15일 18시,수요일,대전광역시 대덕구 오정동,중상사고,0,1,0,0,차대차 - 기타,중앙선침범,건조,맑음,교차로 - 교차로부근,이륜,남,35세,상해없음,이륜,남,19세,중상
2019051500100568,2019년 5월 15일 18시,수요일,대전광역시 대덕구 오정동,경상사고,0,0,1,0,차대차 - 기타,안전운전불이행,건조,맑음,단일로 - 기타,승용,남,61세,상해없음,승용,남,30세,경상
2019051500100607,2019년 5월 15일 19시,수요일,대전광역시 동구 홍도동,중상사고,0,1,0,0,차대사람 - 보도통행중,안전운전불이행,건조,맑음,기타 - 기타,자전거,남,18세,상해없음,보행자,여,77세,중상
2019051500100608,2019년 5월 15일 19시,수요일,대전광역시 서구 정림동,경상사고,0,0,1,0,차대차 - 기타,안전운전불이행,건조,맑음,교차로 - 교차로안,화물,남,42세,상해없음,이륜,남,29세,경상
2019051500100609,2019년 5월 15일 19시,수요일,대전광역시 서구 둔산동,경상사고,0,0,1,0,차대사람 - 보도통행중,기타,건조,맑음,단일로 - 기타,개인형이동수단(PM),남,34세,상해없음,보행자,여,9세,경상
2019051500100647,2019년 5월 15일 20시,수요일,대전광역시 서구 월평동,경상사고,0,0,1,0,차대사람 - 보도통행중,신호위반,건조,맑음,교차로 - 교차로안,승용,남,61세,상해없음,보행자,남,57세,경상
2019051500100670,2019년 5월 15일 21시,수요일,대전광역시 유성구 반석동,경상사고,0,0,2,0,차대차 - 추돌,안전운전불이행,건조,맑음,단일로 - 기타,승용,여,56세,경상,승용,여,56세,경상
2019051500100714,2019년 5월 15일 23시,수요일,대전광역시 서구 용문동,경상사고,0,0,1,0,차대차 - 기타,안전운전불이행,건조,맑음,단일로 - 기타,기타불명,기타불명,미분류,기타불명,승용,남,67세,상해없음
2019051500100715,2019년 5월 15일 23시,수요일,대전광역시 대덕구 문평동,중상사고,0,1,0,0,차대사람 - 횡단중,안전운전불이행,건조,맑음,교차로 - 교차로부근,승용,여,29세,상해없음,보행자,여,22세,중상
2019051600100070,2019년 5월 16일 02시,목요일,대전광역시 유성구 용계동,경상사고,0,0,2,0,차대차 - 추돌,안전운전불이행,건조,맑음,교차로 - 교차로부근,승합,남,34세,상해없음,승용,남,46세,경상
2019051600100188,2019년 5월 16일 08시,목요일,대전광역시 동구 대성동,경상사고,0,0,2,0,차대차 - 측면충돌,안전운전불이행,건조,맑음,교차로 - 교차로안,승용,여,40세,경상,승용,여,40세,경상
2019051600100189,2019년 5월 16일 08시,목요일,대전광역시 동구 가양동,경상사고,0,0,1,0,차대차 - 측면충돌,안전운전불이행,건조,맑음,교차로 - 교차로안,승용,여,51세,상해없음,승용,남,77세,경상
2019051600100190,2019년 5월 16일 08시,목요일,대전광역시 서구 내동,중상사고,0,1,0,0,차대사람 - 보도통행중,안전운전불이행,건조,맑음,단일로 - 기타,자전거,남,62세,기타불명,보행자,여,40세,중상
2019051600100233,2019년 5월 16일 09시,목요일,대전광역시 동구 삼성동,중상사고,0,1,1,0,차대차 - 측면충돌,신호위반,건조,맑음,교차로 - 교차로안,승용,남,47세,경상,화물,남,74세,중상
2019051600100234,2019년 5월 16일 09시,목요일,대전광역시 유성구 화암동,경상사고,0,0,3,0,차대차 - 추돌,안전운전불이행,건조,맑음,단일로 - 기타,이륜,남,26세,상해없음,승용,여,28세,경상
2019051600100235,2019년 5월 16일 09시,목요일,대전광역시 유성구 봉산동,중상사고,0,1,1,0,차대사람 - 기타,보행자보호의무위반,건조,맑음,교차로 - 교차로횡단보도내,승용,여,34세,상해없음,보행자,여,40세,경상
2019051600100270,2019년 5월 16일 10시,목요일,대전광역시 동구 대동,경상사고,0,0,2,0,차대차 - 측면충돌,신호위반,건조,맑음,교차로 - 교차로안,승용,남,56세,상해없음,승용,남,23세,경상
2019051600100271,2019년 5월 16일 10시,목요일,대전광역시 서구 둔산동,경상사고,0,0,2,0,차대차 - 측면충돌,안전운전불이행,건조,맑음,교차로 - 교차로안,승용,남,74세,경상,승용,여,42세,경상
2019051600100319,2019년 5월 16일 11시,목요일,대전광역시 서구 월평동,경상사고,0,0,1,0,차대차 - 추돌,안전운전불이행,건조,맑음,교차로 - 교차로부근,승용,여,54세,상해없음,이륜,남,57세,경상
2019051600100345,2019년 5월 16일 12시,목요일,대전광역시 대덕구 비래동,경상사고,0,0,1,0,차대차 - 기타,안전운전불이행,건조,맑음,단일로 - 기타,승용,남,68세,상해없음,승용,남,48세,경상
2019051600100371,2019년 5월 16일 13시,목요일,대전광역시 중구 중촌동,중상사고,0,1,0,0,차대차 - 후진중충돌,안전운전불이행,건조,맑음,단일로 - 기타,승용,여,47세,상해없음,원동기,남,46세,중상
2019051600100372,2019년 5월 16일 13시,목요일,대전광역시 대덕구 중리동,경상사고,0,0,1,0,차대차 - 기타,교차로운행방법위반,건조,맑음,교차로 - 교차로안,승용,여,61세,상해없음,자전거,남,53세,경상
2019051600100373,2019년 5월 16일 13시,목요일,대전광역시 서구 탄방동,경상사고,0,0,1,0,차대차 - 측면충돌,안전거리미확보,건조,맑음,단일로 - 기타,이륜,남,58세,상해없음,승용,남,25세,경상
2019051600100405,2019년 5월 16일 14시,목요일,대전광역시 서구 갈마동,경상사고,0,0,1,0,차대차 - 측면충돌,신호위반,건조,맑음,교차로 - 교차로안,화물,남,37세,상해없음,승용,남,75세,경상
2019051600100435,2019년 5월 16일 15시,목요일,대전광역시 중구 목동,경상사고,0,0,1,0,차대차 - 후진중충돌,안전운전불이행,건조,맑음,단일로 - 기타,승용,여,65세,상해없음,화물,남,42세,경상
2019051600100436,2019년 5월 16일 15시,목요일,대전광역시 동구 가오동,경상사고,0,0,2,0,차대차 - 측면충돌,교차로운행방법위반,건조,맑음,교차로 - 교차로안,승용,남,20세,상해없음,승용,여,28세,경상
2019051600100482,2019년 5월 16일 16시,목요일,대전광역시 중구 유천동,부상신고사고,0,0,0,1,차대차 - 기타,안전운전불이행,건조,맑음,단일로 - 기타,원동기,남,46세,부상신고,특수,남,38세,상해없음
2019051600100483,2019년 5월 16일 16시,목요일,대전광역시 동구 가오동,경상사고,0,0,1,0,차대차 - 기타,교차로운행방법위반,건조,맑음,교차로 - 교차로안,승용,여,60세,상해없음,승용,남,39세,경상
2019051600100484,2019년 5월 16일 16시,목요일,대전광역시 서구 도안동,사망사고,1,0,1,0,차대사람 - 기타,안전운전불이행,건조,맑음,기타 - 기타,승용,여,58세,경상,보행자,남,13세,사망