사고번호,사고일시,요일,시군구,사고내용,사망자수,중상자수,경상자수,부상신고자수,사고유형,법규위반,노면상태,기상상태,도로형태,가해운전자 차종,가해운전자 성별,가해운전자 연령,가해운전자 상해정도,피해운전자 차종,피해운전자 성별,피해운전자 연령,피해운전자 상해정도
2019051600100542,2019년 5월 16일 17시,목요일,대전광역시 서구 괴정동,경상사고,0,0,1,0,차대차 - 기타,안전운전불이행,건조,맑음,교차로 - 교차로안,이륜,남,18세,상해없음,승용,여,49세,경상
2019051600100543,2019년 5월 16일 17시,목요일,대전광역시 서구 갈마동,경상사고,0,0,1,0,차대사람 - 기타,안전운전불이행,건조,맑음,교차로 - 교차로부근,승용,남,62세,상해없음,보행자,남,6세,경상
2019051600100589,2019년 5월 16일 18시,목요일,대전광역시 중구 은행동,경상사고,0,0,2,0,차대차 - 측면충돌,안전운전불이행,건조,맑음,교차로 - 교차로부근,화물,남,53세,상해없음,승용,남,46세,경상
2019051600100590,2019년 5월 16일 18시,목요일,대전광역시 중구 문화동,경상사고,0,0,2,0,차대차 - 측면충돌,안전운전불이행,건조,맑음,교차로 - 교차로안,승용,여,51세,상해없음,승용,남,27세,경상
2019051600100591,2019년 5월 16일 18시,목요일,대전광역시 동구 가양동,중상사고,0,1,0,0,차대차 - 측면충돌,신호위반,건조,맑음,교차로 - 교차로부근,승용,남,47세,상해없음,사륜오토바이(ATV),남,47세,중상
2019051600100628,2019년 5월 16일 19시,목요일,대전광역시 동구 판암동,경상사고,0,0,1,0,차대차 - 기타,신호위반,건조,맑음,교차로 - 교차로부근,승용,남,57세,상해없음,승용,여,53세,경상
2019051600100653,2019년 5월 16일 20시,목요일,대전광역시 대덕구 평촌동,경상사고,0,0,1,0,차대차 - 기타,기타,건조,맑음,교차로 - 교차로부근,승용,여,24세,상해없음,승용,남,51세,경상
2019051600100654,2019년 5월 16일 20시,목요일,대전광역시 서구 갈마동,중상사고,0,1,0,0,차대차 - 측면충돌,안전운전불이행,건조,맑음,교차로 - 교차로안,자전거,남,26세,중상,승용,여,62세,상해없음
2019051600100655,2019년 5월 16일 20시,목요일,대전광역시 유성구 궁동,경상사고,0,0,1,0,차대차 - 추돌,안전운전불이행,건조,맑음,단일로 - 기타,승용,여,50세,상해없음,승용,남,34세,경상
2019051600100711,2019년 5월 16일 22시,목요일,대전광역시 중구 선화동,경상사고,0,0,1,0,차대차 - 측면충돌,안전운전불이행,건조,맑음,교차로 - 교차로안,이륜,남,24세,상해없음,승용,남,46세,상해없음
2019051700100031,2019년 5월 17일 00시,금요일,대전광역시 서구 둔산동,중상사고,0,2,0,0,차대사람 - 횡단중,안전운전불이행,건조,맑음,교차로 - 교차로안,승용,남,64세,상해없음,보행자,남,49세,중상
2019051700100041,2019년 5월 17일 01시,금요일,대전광역시 유성구 장대동,경상사고,0,0,1,0,차량단독 - 기타,안전운전불이행,젖음/습기,흐림,교차로 - 교차로안,승용,남,53세,기타불명,,,,
2019051700100060,2019년 5월 17일 03시,금요일,대전광역시 유성구 노은동,중상사고,0,1,0,0,차량단독 - 기타,안전운전불이행,건조,맑음,단일로 - 지하차도(도로)내,이륜,남,18세,중상,,,,
2019051700100120,2019년 5월 17일 07시,금요일,대전광역시 중구 옥계동,경상사고,0,0,1,0,차대사람 - 차도통행중,안전운전불이행,건조,맑음,단일로 - 기타,화물,남,52세,상해없음,보행자,여,72세,경상
2019051700100121,2019년 5월 17일 07시,금요일,대전광역시 유성구 대정동,경상사고,0,0,1,0,차대차 - 추돌,안전운전불이행,건조,맑음,단일로 - 기타,승용,여,53세,상해없음,승용,여,52세,경상
2019051700100163,2019년 5월 17일 08시,금요일,대전광역시 유성구 죽동,경상사고,0,0,1,0,차대차 - 측면충돌,안전운전불이행,건조,맑음,교차로 - 교차로안,승용,남,62세,상해없음,승용,남,29세,경상
2019051700100164,2019년 5월 17일 08시,금요일,대전광역시 유성구 금고동,경상사고,0,0,2,0,차대차 - 추돌,안전거리미확보,건조,맑음,단일로 - 기타,승용,여,39세,상해없음,승용,남,63세,경상
2019051700100226,2019년 5월 17일 10시,금요일,대전광역시 유성구 장대동,경상사고,0,0,1,2,차대차 - 측면충돌,안전거리미확보,건조,맑음,단일로 - 기타,승용,여,58세,상해없음,승용,여,38세,경상
2019051700100253,2019년 5월 17일 11시,금요일,대전광역시 유성구 전민동,경상사고,0,0,1,0,차대사람 - 기타,안전운전불이행,건조,맑음,단일로 - 기타,승용,남,29세,상해없음,보행자,남,29세,경상
2019051700100286,2019년 5월 17일 12시,금요일,대전광역시 중구 오류동,경상사고,0,0,3,0,차대차 - 측면충돌,안전거리미확보,건조,맑음,단일로 - 교량,승용,남,64세,상해없음,승합,남,41세,경상
2019051700100287,2019년 5월 17일 12시,금요일,대전광역시 서구 둔산동,중상사고,0,1,0,0,차대차 - 기타,불법유턴,건조,맑음,단일로 - 기타,자전거,남,48세,중상,승용,여,50세,상해없음
2019051700100288,2019년 5월 17일 12시,금요일,대전광역시 유성구 궁동,경상사고,0,0,1,0,차대사람 - 기타,안전운전불이행,건조,맑음,교차로 - 교차로안,승용,남,21세,상해없음,보행자,남,23세,경상
2019051700100357,2019년 5월 17일 14시,금요일,대전광역시 중구 석교동,경상사고,0,0,1,0,차대차 - 추돌,안전운전불이행,건조,맑음,교차로 - 교차로부근,승용,남,82세,상해없음,승용,여,57세,경상
2019051700100358,2019년 5월 17일 14시,금요일,대전광역시 동구 홍도동,중상사고,0,1,0,0,차대사람 - 횡단중,안전운전불이행,건조,맑음,단일로 - 기타,승용,남,53세,상해없음,보행자,남,29세,중상
2019051700100359,2019년 5월 17일 14시,금요일,대전광역시 유성구 용계동,경상사고,0,0,1,0,차대차 - 측면충돌,안전운전불이행,건조,맑음,교차로 - 교차로안,승용,여,46세,상해없음,승용,남,23세,경상
2019051700100434,2019년 5월 17일 16시,금요일,대전광역시 동구 판암동,중상사고,0,1,3,2,차대차 - 추돌,안전운전불이행,건조,맑음,단일로 - 기타,승용,남,38세,상해없음,승용,여,45세,경상
2019051700100488,2019년 5월 17일 17시,금요일,대전광역시 동구 천동,경상사고,0,0,1,0,차대차 - 측면충돌,안전운전불이행,건조,맑음,교차로 - 교차로안,자전거,남,85세,경상,승용,여,39세,상해없음
2019051700100541,2019년 5월 17일 18시,금요일,대전광역시 중구 목동,중상사고,0,1,0,0,차대차 - 기타,안전운전불이행,건조,맑음,단일로 - 기타,승용,남,58세,상해없음,원동기,남,54세,중상
2019051700100542,2019년 5월 17일 18시,금요일,대전광역시 서구 둔산동,경상사고,0,0,1,0,차대사람 - 기타,안전운전불이행,건조,맑음,기타 - 기타,승용,남,27세,상해없음,보행자,남,52세,경상
2019051700100543,2019년 5월 17일 18시,금요일,대전광역시 유성구 원내동,경상사고,0,0,1,0,차대차 - 기타,안전운전불이행,건조,맑음,단일로 - 기타,이륜,남,36세,경상,승용,남,68세,상해없음
2019051700100589,2019년 5월 17일 19시,금요일,대전광역시 중구 문화동,중상사고,0,1,1,0,차대차 - 측면충돌,안전운전불이행,건조,맑음,교차로 - 교차로부근,이륜,남,43세,상해없음,승용,남,37세,중상
2019051700100670,2019년 5월 17일 21시,금요일,대전광역시 동구 대동,경상사고,0,0,1,0,차대차 - 추돌,신호위반,건조,맑음,단일로 - 기타,승합,남,67세,상해없음,자전거,남,20세,경상
2019051700100695,2019년 5월 17일 22시,금요일,대전광역시 서구 탄방동,경상사고,0,0,1,0,차대차 - 측면충돌,안전운전불이행,건조,맑음,단일로 - 기타,기타불명,기타불명,미분류,기타불명,승용,여,48세,경상
2019051700100728,2019년 5월 17일 23시,금요일,대전광역시 서구 도마동,경상사고,0,0,2,1,차대차 - 측면충돌,안전운전불이행,건조,맑음,단일로 - 고가도로위,승용,남,69세,기타불명,승용,남,51세,경상
2019051700100729,2019년 5월 17일 23시,금요일,대전광역시 서구 월평동,경상사고,0,0,3,0,차대차 - 추돌,안전운전불이행,건조,맑음,단일로 - 교량,승용,남,71세,상해없음,승용,여,52세,경상
2019051700100730,2019년 5월 17일 23시,금요일,대전광역시 유성구 지족동,중상사고,0,1,0,0,차대사람 - 기타,신호위반,젖음/습기,비,교차로 - 교차로안,승용,남,69세,상해없음,보행자,남,45세,중상
2019051800100052,2019년 5월 18일 00시,토요일,대전광역시 유성구 장대동,경상사고,0,0,3,0,차대차 - 기타,신호위반,젖음/습기,비,교차로 - 교차로안,화물,남,29세,경상,승용,남,56세,경상
2019051800100053,2019년 5월 18일 00시,토요일,대전광역시 유성구 원신흥동,중상사고,0,1,1,0,차대차 - 기타,신호위반,젖음/습기,비,교차로 - 교차로안,승용,남,56세,경상,승용,남,55세,중상
2019051800100054,2019년 5월 18일 00시,토요일,대전광역시 유성구 봉명동,중상사고,0,1,0,0,차대사람 - 기타,안전운전불이행,젖음/습기,비,단일로 - 기타,승용,남,52세,상해없음,보행자,남,25세,중상
2019051800100097,2019년 5월 18일 02시,토요일,대전광역시 중구 태평동,부상신고사고,0,0,0,1,차량단독 - 전도전복 - 전도,안전운전불이행,젖음/습기,비,단일로 - 교량,원동기,남,39세,부상신고,,,,
2019051800100098,2019년 5월 18일 02시,토요일,대전광역시 대덕구 송촌동,경상사고,0,0,1,0,차대차 - 측면충돌,안전운전불이행,젖음/습기,비,교차로 - 교차로안,승용,남,53세,상해없음,승용,남,57세,상해없음
2019051800100099,2019년 5월 18일 02시,토요일,대전광역시 유성구 봉명동,경상사고,0,0,1,0,차대차 - 기타,안전운전불이행,젖음/습기,비,단일로 - 기타,승용,남,40세,상해없음,승합,남,46세,경상
2019051800100111,2019년 5월 18일 03시,토요일,대전광역시 동구 소제동,경상사고,0,0,3,0,차대차 - 측면충돌,신호위반,건조,맑음,교차로 - 교차로안,승용,남,65세,경상,승용,여,52세,경상
2019051800100112,2019년 5월 18일 03시,토요일,대전광역시 서구 용문동,경상사고,0,0,1,0,차대차 - 후진중충돌,안전운전불이행,젖음/습기,비,교차로 - 교차로부근,승용,남,76세,상해없음,승용,남,41세,경상
2019051800100126,2019년 5월 18일 04시,토요일,대전광역시 중구 태평동,중상사고,0,1,0,0,차대사람 - 횡단중,보행자보호의무위반,젖음/습기,비,단일로 - 기타,승용,남,67세,상해없음,보행자,남,37세,중상
2019051800100153,2019년 5월 18일 06시,토요일,대전광역시 유성구 구성동,중상사고,0,1,0,0,차대차 - 기타,안전운전불이행,젖음/습기,비,교차로 - 교차로안,승용,남,64세,상해없음,승용,남,35세,중상
2019051800100166,2019년 5월 18일 07시,토요일,대전광역시 대덕구 오정동,경상사고,0,0,2,0,차대차 - 기타,신호위반,건조,맑음,교차로 - 교차로부근,승용,남,67세,상해없음,화물,남,59세,경상
2019051800100212,2019년 5월 18일 09시,토요일,대전광역시 서구 관저동,경상사고,0,0,1,0,차대차 - 측면충돌,신호위반,건조,맑음,교차로 - 교차로안,승용,남,55세,상해없음,승용,여,42세,경상
2019051800100331,2019년 5월 18일 12시,토요일,대전광역시 중구 용두동,중상사고,0,3,5,0,차대차 - 측면충돌,신호위반,건조,맑음,교차로 - 교차로안,승용,남,50세,상해없음,승용,남,59세,경상
2019051800100332,2019년 5월 18일 12시,토요일,대전광역시 서구 괴정동,경상사고,0,0,1,0,차대사람 - 보도통행중,기타,건조,맑음,기타 - 기타,개인형이동수단(PM),여,23세,기타불명,보행자,남,5세,경상
2019051800100333,2019년 5월 18일 12시,토요일,대전광역시 서구 도마동,경상사고,0,0,1,0,차대차 - 추돌,안전운전불이행,건조,맑음,교차로 - 교차로부근,승용,남,42세,상해없음,이륜,남,28세,경상
2019051800100377,2019년 5월 18일 13시,토요일,대전광역시 서구 월평동,경상사고,0,0,1,0,차대차 - 기타,안전운전불이행,건조,맑음,단일로 - 기타,승용,여,60세,상해없음,승용,여,34세,경상
2019051800100378,2019년 5월 18일 13시,토요일,대전광역시 유성구 봉명동,경상사고,0,0,1,0,차대차 - 기타,직진우회전진행방해,건조,맑음,교차로 - 교차로안,승용,여,50세,상해없음,이륜,남,49세,경상
2019051800100484,2019년 5월 18일 16시,토요일,대전광역시 서구 둔산동,경상사고,0,0,1,0,차대차 - 기타,안전운전불이행,건조,맑음,교차로 - 교차로안,승용,남,42세,상해없음,승용,여,31세,경상
2019051800100519,2019년 5월 18일 17시,토요일,대전광역시 중구 선화동,중상사고,0,1,0,0,차대차 - 기타,안전거리미확보,건조,맑음,교차로 - 교차로부근,이륜,남,19세,중상,승용,남,65세,상해없음
2019051800100520,2019년 5월 18일 17시,토요일,대전광역시 중구 태평동,중상사고,0,1,0,0,차량단독 - 기타,기타,건조,맑음,단일로 - 기타,승합,남,49세,상해없음,,,,
2019051800100521,2019년 5월 18일 17시,토요일,대전광역시 동구 신안동,중상사고,0,1,2,0,차대차 - 정면충돌,중앙선침범,젖음/습기,비,단일로 - 기타,승용,여,58세,경상,승용,남,44세,경상
2019051800100522,2019년 5월 18일 17시,토요일,대전광역시 유성구 봉명동,중상사고,0,1,0,0,차대차 - 추돌,안전운전불이행,건조,맑음,교차로 - 교차로안,특수,남,61세,상해없음,이륜,남,55세,중상
2019051800100556,2019년 5월 18일 18시,토요일,대전광역시 서구 둔산동,중상사고,0,1,0,0,차대사람 - 횡단중,보행자보호의무위반,건조,흐림,교차로 - 교차로횡단보도내,승용,여,45세,상해없음,보행자,남,17세,중상
2019051800100619,2019년 5월 18일 20시,토요일,대전광역시 서구 갈마동,중상사고,0,1,0,0,차대사람 - 횡단중,안전운전불이행,건조,맑음,교차로 - 교차로안,승용,남,31세,상해없음,보행자,여,68세,중상
2019051800100643,2019년 5월 18일 21시,토요일,대전광역시 중구 오류동,경상사고,0,0,1,0,차대사람 - 보도통행중,기타,건조,맑음,교차로 - 교차로부근,승용,남,65세,상해없음,보행자,여,31세,경상
2019051800100644,2019년 5월 18일 21시,토요일,대전광역시 유성구 봉명동,경상사고,0,0,2,0,차대차 - 추돌,안전운전불이행,건조,맑음,교차로 - 교차로부근,승용,남,43세,기타불명,승용,남,33세,경상
2019051900100045,2019년 5월 19일 00시,일요일,대전광역시 대덕구 와동,경상사고,0,0,1,0,차대차 - 기타,안전운전불이행,건조,맑음,단일로 - 기타,승용,남,35세,상해없음,이륜,남,23세,경상
2019051900100060,2019년 5월 19일 01시,일요일,대전광역시 동구 삼성동,경상사고,0,0,4,0,차대차 - 측면충돌,신호위반,건조,맑음,단일로 - 기타,승용,남,62세,상해없음,승용,남,21세,경상
2019051900100067,2019년 5월 19일 02시,일요일,대전광역시 중구 대흥동,경상사고,0,0,3,0,차대차 - 측면충돌,신호위반,건조,맑음,교차로 - 교차로안,승용,남,31세,상해없음,승용,남,53세,경상
2019051900100201,2019년 5월 19일 11시,일요일,대전광역시 중구 산성동,중상사고,0,1,0,0,차대사람 - 길가장자리구역통행중,안전운전불이행,건조,맑음,단일로 - 기타,승용,여,51세,상해없음,보행자,여,64세,중상
2019051900100202,2019년 5월 19일 11시,일요일,대전광역시 대덕구 비래동,경상사고,0,0,1,0,차대차 - 추돌,신호위반,건조,맑음,교차로 - 교차로안,승용,여,60세,상해없음,승용,남,58세,경상
2019051900100231,2019년 5월 19일 12시,일요일,대전광역시 서구 갈마동,중상사고,0,1,0,0,차대차 - 기타,안전운전불이행,건조,흐림,단일로 - 기타,승용,남,36세,상해없음,이륜,남,36세,중상
2019051900100292,2019년 5월 19일 14시,일요일,대전광역시 중구 용두동,경상사고,0,0,1,0,차대차 - 추돌,안전거리미확보,건조,맑음,교차로 - 교차로안,승용,여,40세,상해없음,승용,여,54세,경상
2019051900100293,2019년 5월 19일 14시,일요일,대전광역시 대덕구 석봉동,경상사고,0,0,1,0,차대차 - 추돌,중앙선침범,젖음/습기,비,교차로 - 교차로안,화물,남,21세,상해없음,승용,남,35세,경상
2019051900100322,2019년 5월 19일 15시,일요일,대전광역시 유성구 봉명동,경상사고,0,0,1,1,차대차 - 측면충돌,교차로운행방법위반,건조,맑음,교차로 - 교차로안,승용,남,43세,부상신고,승용,남,30세,경상
2019051900100394,2019년 5월 19일 17시,일요일,대전광역시 서구 월평동,중상사고,0,1,0,0,차량단독 - 기타,기타,건조,맑음,단일로 - 기타,승합,남,60세,상해없음,,,,
2019051900100395,2019년 5월 19일 17시,일요일,대전광역시 서구 둔산동,경상사고,0,0,2,0,차대차 - 추돌,안전운전불이행,건조,맑음,단일로 - 기타,승합,여,50세,상해없음,승용,남,56세,경상
2019051900100396,2019년 5월 19일 17시,일요일,대전광역시 유성구 봉명동,경상사고,0,0,1,0,차대사람 - 기타,신호위반,젖음/습기,흐림,교차로 - 교차로부근,원동기,남,30세,상해없음,보행자,여,44세,경상
2019051900100420,2019년 5월 19일 18시,일요일,대전광역시 동구 대별동,중상사고,0,1,1,1,차량단독 - 기타,안전운전불이행,젖음/습기,비,단일로 - 기타,화물,남,24세,경상,,,,
2019051900100510,2019년 5월 19일 20시,일요일,대전광역시 동구 용전동,경상사고,0,0,2,0,차대차 - 측면충돌,안전운전불이행,젖음/습기,비,단일로 - 기타,승용,여,50세,상해없음,승합,남,33세,경상
2019051900100511,2019년 5월 19일 20시,일요일,대전광역시 유성구 반석동,경상사고,0,0,1,0,차대차 - 기타,안전운전불이행,젖음/습기,비,교차로 - 교차로부근,승용,남,58세,상해없음,이륜,남,58세,경상
2019051900100547,2019년 5월 19일 21시,일요일,대전광역시 동구 가양동,부상신고사고,0,0,0,1,차량단독 - 기타,안전운전불이행,건조,맑음,단일로 - 기타,승합,남,57세,상해없음,,,,
2019051900100548,2019년 5월 19일 21시,일요일,대전광역시 유성구 관평동,중상사고,0,1,0,0,차대사람 - 횡단중,신호위반,건조,맑음,교차로 - 교차로횡단보도내,화물,남,22세,상해없음,보행자,남,18세,중상
2019051900100594,2019년 5월 19일 23시,일요일,대전광역시 중구 유천동,중상사고,0,1,0,0,차대사람 - 기타,안전운전불이행,건조,맑음,단일로 - 기타,승용,남,67세,상해없음,보행자,남,72세,중상
2019051900100595,2019년 5월 19일 23시,일요일,대전광역시 서구 둔산동,경상사고,0,0,1,0,차대사람 - 기타,안전운전불이행,건조,맑음,단일로 - 기타,승용,남,41세,상해없음,보행자,남,31세,경상
2019052000100066,2019년 5월 20일 05시,월요일,대전광역시 중구 문화동,경상사고,0,0,1,0,차대사람 - 차도통행중,안전운전불이행,젖음/습기,비,단일로 - 기타,승용,남,60세,상해없음,보행자,여,81세,경상
2019052000100100,2019년 5월 20일 07시,월요일,대전광역시 유성구 관평동,경상사고,0,0,1,0,차대차 - 기타,직진우회전진행방해,건조,맑음,교차로 - 교차로안,승용,여,62세,상해없음,승용,여,47세,경상
2019052000100189,2019년 5월 20일 09시,월요일,대전광역시 중구 은행동,경상사고,0,0,1,0,차량단독 - 기타,기타,건조,맑음,단일로 - 기타,승합,남,54세,상해없음,,,,
2019052000100190,2019년 5월 20일 09시,월요일,대전광역시 서구 탄방동,경상사고,0,0,1,0,차대사람 - 기타,기타,건조,맑음,단일로 - 기타,승용,남,35세,상해없음,보행자,여,57세,경상
2019052000100401,2019년 5월 20일 15시,월요일,대전광역시 중구 문화동,경상사고,0,0,1,0,차대차 - 측면충돌,안전거리미확보,건조,맑음,단일로 - 기타,승용,여,61세,상해없음,승용,남,53세,경상
2019052000100463,2019년 5월 20일 16시,월요일,대전광역시 동구 가오동,경상사고,0,0,1,0,차대사람 - 횡단중,안전운전불이행,건조,맑음,단일로 - 기타,승용,여,59세,상해없음,보행자,여,14세,경상
2019052000100464,2019년 5월 20일 16시,월요일,대전광역시 동구 용전동,경상사고,0,0,1,0,차대차 - 측면충돌,안전운전불이행,건조,맑음,교차로 - 교차로부근,승용,여,63세,상해없음,승용,여,49세,경상
2019052000100465,2019년 5월 20일 16시,월요일,대전광역시 대덕구 오정동,경상사고,0,0,1,0,차대차 - 기타,안전운전불이행,건조,맑음,단일로 - 기타,승용,남,67세,상해없음,승용,여,61세,경상
2019052000100521,2019년 5월 20일 17시,월요일,대전광역시 동구 성남동,경상사고,0,0,1,0,차대차 - 측면충돌,안전운전불이행,건조,맑음,교차로 - 교차로안,승용,여,52세,상해없음,화물,남,55세,상해없음
2019052000100569,2019년 5월 20일 18시,월요일,대전광역시 동구 중동,경상사고,0,0,1,0,차대차 - 추돌,안전거리미확보,건조,맑음,교차로 - 교차로부근,승합,남,52세,상해없음,승용,남,36세,경상
2019052000100570,2019년 5월 20일 18시,월요일,대전광역시 서구 정림동,경상사고,0,0,1,0,차대차 - 기타,안전거리미확보,건조,맑음,단일로 - 기타,이륜,남,22세,상해없음,승용,여,57세,경상
2019052000100571,2019년 5월 20일 18시,월요일,대전광역시 대덕구 신탄진동,경상사고,0,0,1,0,차대차 - 추돌,신호위반,건조,맑음,교차로 - 교차로안,승용,여,56세,상해없음,승용,남,55세,경상
2019052000100572,2019년 5월 20일 18시,월요일,대전광역시 대덕구 읍내동,경상사고,0,0,4,0,차대차 - 추돌,안전운전불이행,건조,맑음,기타 - 기타,승용,남,32세,기타불명,승용,남,50세,경상
2019052000100573,2019년 5월 20일 18시,월요일,대전광역시 서구 월평동,경상사고,0,0,1,0,차대차 - 기타,기타,건조,맑음,교차로 - 교차로안,승용,여,64세,상해없음,승용,남,26세,경상
2019052000100602,2019년 5월 20일 19시,월요일,대전광역시 동구 성남동,경상사고,0,0,4,0,차대차 - 기타,교차로운행방법위반,건조,맑음,교차로 - 교차로안,승용,여,52세,상해없음,승용,남,23세,경상
2019052000100708,2019년 5월 20일 23시,월요일,대전광역시 대덕구 중리동,경상사고,0,0,1,0,차대차 - 기타,안전운전불이행,건조,맑음,단일로 - 기타,승용,남,28세,상해없음,이륜,남,36세,경상
2019052100100133,2019년 5월 21일 07시,화요일,대전광역시 유성구 원내동,중상사고,0,2,1,0,차대차 - 기타,안전운전불이행,건조,맑음,단일로 - 기타,승용,남,68세,상해없음,승용,남,60세,중상
2019052100100134,2019년 5월 21일 07시,화요일,대전광역시 유성구 원내동,중상사고,0,1,0,0,차대차 - 기타,안전운전불이행,건조,맑음,단일로 - 기타,승용,남,43세,상해없음,승용,남,60세,중상
2019052100100186,2019년 5월 21일 08시,화요일,대전광역시 중구 오류동,경상사고,0,0,1,0,차대차 - 기타,안전거리미확보,건조,맑음,단일로 - 기타,승용,여,40세,상해없음,승용,여,26세,경상
2019052100100187,2019년 5월 21일 08시,화요일,대전광역시 서구 내동,경상사고,0,0,1,0,차대차 - 측면충돌,안전운전불이행,건조,맑음,단일로 - 기타,화물,남,51세,상해없음,자전거,남,13세,경상
2019052100100188,2019년 5월 21일 08시,화요일,대전광역시 서구 월평동,경상사고,0,0,1,0,차대차 - 추돌,교차로운행방법위반,건조,맑음,교차로 - 교차로안,승용,남,73세,상해없음,승용,여,48세,경상
2019052100100189,2019년 5월 21일 08시,화요일,대전광역시 유성구 노은동,경상사고,0,0,2,0,차대차 - 기타,안전운전불이행,건조,맑음,교차로 - 교차로안,승용,여,44세,상해없음,승용,남,43세,경상
2019052100100333,2019년 5월 21일 12시,화요일,대전광역시 동구 가양동,경상사고,0,0,1,0,차대차 - 측면충돌,안전거리미확보,건조,맑음,단일로 - 기타,승용,남,20세,상해없음,승용,남,43세,경상
2019052100100334,2019년 5월 21일 12시,화요일,대전광역시 서구 탄방동,경상사고,0,0,2,0,차대차 - 추돌,안전운전불이행,건조,맑음,교차로 - 교차로부근,승용,남,78세,상해없음,승용,남,31세,경상
2019052100100361,2019년 5월 21일 13시,화요일,대전광역시 동구 삼정동,경상사고,0,0,2,0,차대차 - 측면충돌,안전거리미확보,건조,맑음,교차로 - 교차로안,승용,남,56세,상해없음,승용,여,61세,경상
2019052100100362,2019년 5월 21일 13시,화요일,대전광역시 동구 중동,경상사고,0,0,1,0,차대차 - 측면충돌,신호위반,건조,맑음,교차로 - 교차로안,승용,여,41세,상해없음,이륜,남,27세,경상
2019052100100396,2019년 5월 21일 14시,화요일,대전광역시 중구 선화동,경상사고,0,0,1,0,차대차 - 기타,안전운전불이행,건조,맑음,단일로 - 기타,화물,남,34세,상해없음,자전거,여,75세,경상
2019052100100462,2019년 5월 21일 16시,화요일,대전광역시 중구 중촌동,중상사고,0,1,1,0,차대차 - 기타,신호위반,건조,맑음,단일로 - 고가도로위,화물,남,50세,경상,승용,남,31세,중상
2019052100100463,2019년 5월 21일 16시,화요일,대전광역시 동구 용전동,경상사고,0,0,1,0,차대차 - 추돌,안전운전불이행,건조,맑음,단일로 - 기타,화물,남,33세,기타불명,승용,여,52세,경상
2019052100100464,2019년 5월 21일 16시,화요일,대전광역시 동구 성남동,경상사고,0,0,2,0,차대차 - 측면충돌,안전거리미확보,건조,맑음,단일로 - 기타,화물,여,52세,상해없음,승용,남,38세,경상
2019052100100465,2019년 5월 21일 16시,화요일,대전광역시 동구 삼성동,경상사고,0,0,1,0,차대차 - 측면충돌,안전운전불이행,건조,맑음,단일로 - 기타,화물,남,59세,상해없음,화물,남,50세,경상
2019052100100466,2019년 5월 21일 16시,화요일,대전광역시 대덕구 덕암동,경상사고,0,0,3,0,차대차 - 기타,안전운전불이행,건조,맑음,단일로 - 기타,승용,여,40세,상해없음,승용,여,39세,경상
2019052100100467,2019년 5월 21일 16시,화요일,대전광역시 유성구 신성동,경상사고,0,0,2,0,차대차 - 기타,교차로운행방법위반,건조,맑음,교차로 - 교차로안,승용,남,58세,상해없음,승용,여,37세,경상
2019052100100468,2019년 5월 21일 16시,화요일,대전광역시 유성구 구암동,경상사고,0,0,5,0,차대차 - 측면충돌,안전거리미확보,건조,맑음,단일로 - 기타,승용,남,37세,경상,승용,남,32세,경상
2019052100100533,2019년 5월 21일 17시,화요일,대전광역시 동구 용전동,경상사고,0,0,3,0,차대차 - 추돌,안전운전불이행,건조,맑음,교차로 - 교차로부근,승용,남,67세,상해없음,승용,남,57세,경상
2019052100100534,2019년 5월 21일 17시,화요일,대전광역시 서구 탄방동,부상신고사고,0,0,0,1,차대사람 - 횡단중,보행자보호의무위반,건조,맑음,교차로 - 교차로횡단보도내,기타불명,기타불명,미분류,기타불명,보행자,남,9세,부상신고
2019052100100581,2019년 5월 21일 18시,화요일,대전광역시 서구 도안동,경상사고,0,0,1,0,차대차 - 측면충돌,교차로운행방법위반,건조,맑음,교차로 - 교차로안,승용,여,42세,상해없음,승용,여,48세,경상
2019052100100582,2019년 5월 21일 18시,화요일,대전광역시 대덕구 법동,경상사고,0,0,1,0,차대차 - 기타,안전운전불이행,건조,맑음,교차로 - 교차로안,승용,남,47세,상해없음,이륜,남,33세,경상
2019052100100583,2019년 5월 21일 18시,화요일,대전광역시 서구 갈마동,중상사고,0,1,0,0,차대차 - 기타,안전운전불이행,건조,맑음,단일로 - 기타,승용,남,69세,기타불명,개인형이동수단(PM),남,28세,중상
2019052100100621,2019년 5월 21일 19시,화요일,대전광역시 서구 둔산동,경상사고,0,0,1,0,차대차 - 측면충돌,안전운전불이행,건조,맑음,단일로 - 기타,승용,남,44세,상해없음,자전거,여,56세,경상
2019052100100622,2019년 5월 21일 19시,화요일,대전광역시 서구 갈마동,경상사고,0,0,1,0,차대차 - 측면충돌,안전운전불이행,건조,맑음,단일로 - 기타,승용,여,55세,상해없음,이륜,남,23세,경상
2019052100100623,2019년 5월 21일 19시,화요일,대전광역시 서구 둔산동,경상사고,0,0,1,1,차대차 - 추돌,안전거리미확보,건조,맑음,단일로 - 기타,승용,남,59세,상해없음,승용,여,37세,경상
2019052100100624,2019년 5월 21일 19시,화요일,대전광역시 유성구 송강동,경상사고,0,0,1,0,차대사람 - 기타,보행자보호의무위반,건조,맑음,단일로 - 기타,승합,남,25세,상해없음,보행자,남,59세,경상
2019052100100657,2019년 5월 21일 20시,화요일,대전광역시 동구 가양동,경상사고,0,0,1,0,차대차 - 측면충돌,안전운전불이행,건조,맑음,교차로 - 교차로안,승합,남,60세,상해없음,자전거,남,62세,경상