사고번호,사고일시,요일,시군구,사고내용,사망자수,중상자수,경상자수,부상신고자수,사고유형,법규위반,노면상태,기상상태,도로형태,가해운전자 차종,가해운전자 성별,가해운전자 연령,가해운전자 상해정도,피해운전자 차종,피해운전자 성별,피해운전자 연령,피해운전자 상해정도
2019061200100255,2019년 6월 12일 11시,수요일,대전광역시 서구 도마동,중상사고,0,1,0,0,차대차 - 측면충돌,신호위반,건조,맑음,단일로 - 기타,이륜,남,27세,기타불명,자전거,남,60세,중상
2019061200100256,2019년 6월 12일 11시,수요일,대전광역시 서구 둔산동,중상사고,0,1,0,0,차대차 - 기타,신호위반,건조,맑음,교차로 - 교차로안,승용,남,22세,상해없음,이륜,남,32세,중상
2019061200100311,2019년 6월 12일 13시,수요일,대전광역시 동구 낭월동,중상사고,0,1,0,0,차대사람 - 차도통행중,신호위반,건조,맑음,단일로 - 기타,승용,남,65세,상해없음,보행자,남,8세,중상
2019061200100312,2019년 6월 12일 13시,수요일,대전광역시 유성구 구성동,부상신고사고,0,0,0,2,차대차 - 기타,안전운전불이행,건조,맑음,교차로 - 교차로안,승용,남,28세,부상신고,승용,남,51세,부상신고
2019061200100336,2019년 6월 12일 14시,수요일,대전광역시 서구 도안동,경상사고,0,0,2,0,차대차 - 후진중충돌,안전운전불이행,건조,맑음,단일로 - 기타,승용,여,42세,상해없음,승용,남,30세,경상
2019061200100376,2019년 6월 12일 15시,수요일,대전광역시 중구 사정동,경상사고,0,0,1,0,차대차 - 추돌,안전거리미확보,건조,맑음,교차로 - 교차로부근,건설기계,남,62세,상해없음,승용,남,51세,경상
2019061200100377,2019년 6월 12일 15시,수요일,대전광역시 대덕구 읍내동,경상사고,0,0,1,0,차대차 - 기타,안전운전불이행,건조,맑음,단일로 - 기타,승용,남,37세,기타불명,화물,남,65세,경상
2019061200100442,2019년 6월 12일 17시,수요일,대전광역시 중구 사정동,중상사고,0,1,1,0,차대차 - 측면충돌,신호위반,건조,맑음,교차로 - 교차로안,승용,여,38세,경상,화물,남,73세,중상
2019061200100443,2019년 6월 12일 17시,수요일,대전광역시 서구 둔산동,경상사고,0,0,1,0,차대차 - 기타,안전거리미확보,건조,맑음,교차로 - 교차로안,승용,남,36세,상해없음,승용,여,51세,경상
2019061200100510,2019년 6월 12일 19시,수요일,대전광역시 대덕구 신대동,경상사고,0,0,1,0,차대차 - 측면충돌,안전운전불이행,건조,맑음,단일로 - 교량,화물,남,60세,상해없음,승용,남,31세,경상
2019061200100525,2019년 6월 12일 19시,수요일,대전광역시 동구 자양동,경상사고,0,0,1,0,차대차 - 후진중충돌,안전운전불이행,건조,맑음,교차로 - 교차로부근,승용,여,52세,상해없음,이륜,남,26세,경상
2019061200100554,2019년 6월 12일 20시,수요일,대전광역시 서구 도마동,경상사고,0,0,1,0,차대차 - 측면충돌,안전운전불이행,건조,맑음,교차로 - 교차로안,승용,남,32세,상해없음,이륜,남,17세,경상
2019061200100555,2019년 6월 12일 20시,수요일,대전광역시 서구 만년동,경상사고,0,0,3,0,차대차 - 기타,안전거리미확보,건조,맑음,단일로 - 기타,승용,남,40세,상해없음,승용,여,34세,경상
2019061200100583,2019년 6월 12일 21시,수요일,대전광역시 동구 신흥동,경상사고,0,0,1,0,차대사람 - 횡단중,안전운전불이행,건조,맑음,교차로 - 교차로부근,승용,여,43세,상해없음,보행자,여,62세,경상
2019061200100584,2019년 6월 12일 21시,수요일,대전광역시 동구 성남동,경상사고,0,0,1,0,차량단독 - 기타,기타,건조,맑음,단일로 - 기타,승합,남,58세,상해없음,,,,
2019061200100585,2019년 6월 12일 21시,수요일,대전광역시 유성구 구암동,경상사고,0,0,1,0,차대차 - 기타,신호위반,건조,맑음,교차로 - 교차로안,이륜,남,19세,경상,승용,남,27세,상해없음
2019061200100616,2019년 6월 12일 22시,수요일,대전광역시 대덕구 평촌동,경상사고,0,0,2,0,차대차 - 기타,안전운전불이행,건조,맑음,교차로 - 교차로안,기타불명,남,25세,상해없음,화물,남,59세,경상
2019061200100617,2019년 6월 12일 22시,수요일,대전광역시 대덕구 와동,사망사고,1,1,0,0,차대차 - 기타,신호위반,건조,맑음,교차로 - 교차로부근,이륜,남,18세,사망,승용,여,43세,중상
2019061300100034,2019년 6월 13일 00시,목요일,대전광역시 서구 갈마동,경상사고,0,0,1,0,차대차 - 측면충돌,안전운전불이행,건조,맑음,단일로 - 기타,승용,남,72세,상해없음,승용,남,48세,경상
2019061300100051,2019년 6월 13일 02시,목요일,대전광역시 서구 탄방동,중상사고,0,1,0,0,차대차 - 기타,안전운전불이행,건조,맑음,교차로 - 교차로안,승용,남,32세,상해없음,승합,남,22세,중상
2019061300100059,2019년 6월 13일 04시,목요일,대전광역시 서구 내동,경상사고,0,0,1,0,차대차 - 측면충돌,기타,건조,맑음,교차로 - 교차로안,이륜,남,59세,경상,승용,남,45세,상해없음
2019061300100096,2019년 6월 13일 07시,목요일,대전광역시 서구 갈마동,경상사고,0,0,2,0,차대차 - 기타,안전거리미확보,건조,맑음,단일로 - 기타,기타불명,기타불명,미분류,기타불명,승용,남,43세,경상
2019061300100097,2019년 6월 13일 07시,목요일,대전광역시 서구 둔산동,경상사고,0,0,1,0,차대차 - 기타,안전운전불이행,건조,맑음,단일로 - 기타,승용,여,59세,상해없음,자전거,남,77세,경상
2019061300100098,2019년 6월 13일 07시,목요일,대전광역시 서구 둔산동,중상사고,0,1,0,0,차대차 - 측면충돌,안전운전불이행,건조,맑음,교차로 - 교차로안,승용,남,39세,상해없음,자전거,남,50세,중상
2019061300100099,2019년 6월 13일 07시,목요일,대전광역시 서구 월평동,경상사고,0,0,1,0,차대차 - 기타,안전운전불이행,건조,맑음,단일로 - 기타,승용,남,26세,상해없음,승용,남,32세,경상
2019061300100157,2019년 6월 13일 08시,목요일,대전광역시 대덕구 덕암동,경상사고,0,0,2,0,차대차 - 기타,안전운전불이행,건조,맑음,교차로 - 교차로부근,화물,남,72세,상해없음,승용,남,38세,경상
2019061300100158,2019년 6월 13일 08시,목요일,대전광역시 대덕구 목상동,중상사고,0,1,0,0,차대차 - 기타,기타,건조,기타,기타 - 기타,화물,남,63세,상해없음,자전거,남,64세,중상
2019061300100159,2019년 6월 13일 08시,목요일,대전광역시 서구 갈마동,경상사고,0,0,1,0,차대사람 - 기타,보행자보호의무위반,건조,맑음,교차로 - 교차로횡단보도내,화물,남,61세,상해없음,보행자,여,23세,경상
2019061300100190,2019년 6월 13일 09시,목요일,대전광역시 서구 내동,경상사고,0,0,1,0,차대차 - 기타,안전운전불이행,건조,맑음,교차로 - 교차로안,승용,여,51세,상해없음,승용,남,27세,경상
2019061300100250,2019년 6월 13일 11시,목요일,대전광역시 중구 유천동,중상사고,0,1,0,0,차대사람 - 차도통행중,안전운전불이행,건조,맑음,교차로 - 교차로부근,승용,여,52세,상해없음,보행자,여,58세,중상
2019061300100251,2019년 6월 13일 11시,목요일,대전광역시 서구 가장동,경상사고,0,0,1,0,차량단독 - 기타,안전운전불이행,건조,맑음,교차로 - 교차로부근,승합,남,53세,상해없음,,,,
2019061300100289,2019년 6월 13일 12시,목요일,대전광역시 서구 둔산동,중상사고,0,1,0,0,차대차 - 측면충돌,안전운전불이행,건조,맑음,교차로 - 교차로안,승용,여,55세,상해없음,자전거,여,63세,중상
2019061300100342,2019년 6월 13일 14시,목요일,대전광역시 서구 탄방동,경상사고,0,0,1,0,차대사람 - 기타,안전운전불이행,건조,맑음,단일로 - 기타,승용,여,31세,상해없음,보행자,여,49세,경상
2019061300100343,2019년 6월 13일 14시,목요일,대전광역시 유성구 문지동,중상사고,0,1,0,0,차대차 - 측면충돌,안전운전불이행,건조,맑음,교차로 - 교차로부근,화물,남,25세,상해없음,이륜,남,34세,중상
2019061300100381,2019년 6월 13일 15시,목요일,대전광역시 서구 갈마동,경상사고,0,0,1,0,차대차 - 측면충돌,안전운전불이행,건조,맑음,단일로 - 기타,승용,여,32세,상해없음,이륜,남,25세,경상
2019061300100382,2019년 6월 13일 15시,목요일,대전광역시 유성구 궁동,경상사고,0,0,3,0,차대차 - 추돌,안전운전불이행,건조,맑음,단일로 - 기타,승용,남,49세,경상,승용,여,46세,경상
2019061300100462,2019년 6월 13일 17시,목요일,대전광역시 서구 도마동,경상사고,0,0,1,0,차대차 - 기타,안전운전불이행,건조,맑음,단일로 - 기타,이륜,남,75세,경상,승용,남,55세,상해없음
2019061300100506,2019년 6월 13일 18시,목요일,대전광역시 대덕구 오정동,중상사고,0,1,0,0,차대차 - 추돌,교차로운행방법위반,건조,맑음,교차로 - 교차로안,화물,남,52세,상해없음,자전거,여,63세,중상
2019061300100522,2019년 6월 13일 19시,목요일,대전광역시 동구 대별동,경상사고,0,0,1,0,차대차 - 추돌,안전운전불이행,건조,맑음,단일로 - 기타,승용,여,55세,기타불명,화물,남,49세,경상
2019061300100533,2019년 6월 13일 19시,목요일,대전광역시 서구 갈마동,경상사고,0,0,1,0,차대차 - 기타,안전운전불이행,건조,맑음,단일로 - 기타,승용,남,27세,상해없음,승용,여,52세,경상
2019061300100576,2019년 6월 13일 20시,목요일,대전광역시 대덕구 송촌동,중상사고,0,1,0,0,차대사람 - 보도통행중,안전운전불이행,건조,흐림,교차로 - 교차로안,승용,남,61세,상해없음,보행자,남,47세,중상
2019061300100599,2019년 6월 13일 21시,목요일,대전광역시 중구 태평동,경상사고,0,0,1,0,차대차 - 측면충돌,안전운전불이행,건조,맑음,단일로 - 기타,승용,여,44세,상해없음,개인형이동수단(PM),남,45세,경상
2019061300100620,2019년 6월 13일 22시,목요일,대전광역시 중구 선화동,중상사고,0,1,1,0,차대차 - 추돌,신호위반,건조,맑음,교차로 - 교차로안,승용,남,59세,상해없음,승용,남,48세,중상
2019061300100621,2019년 6월 13일 22시,목요일,대전광역시 유성구 궁동,경상사고,0,0,8,0,차대차 - 측면충돌,안전운전불이행,건조,맑음,단일로 - 기타,승용,여,55세,상해없음,승용,남,29세,상해없음
2019061400100110,2019년 6월 14일 07시,금요일,대전광역시 서구 둔산동,중상사고,0,1,0,0,차대차 - 기타,안전운전불이행,건조,맑음,교차로 - 교차로횡단보도내,승용,남,72세,상해없음,자전거,여,76세,중상
2019061400100150,2019년 6월 14일 08시,금요일,대전광역시 중구 은행동,부상신고사고,0,0,0,2,차대차 - 추돌,안전운전불이행,건조,맑음,단일로 - 기타,승용,여,57세,상해없음,승용,남,24세,부상신고
2019061400100151,2019년 6월 14일 08시,금요일,대전광역시 동구 용전동,경상사고,0,0,1,0,차대차 - 기타,안전운전불이행,건조,맑음,단일로 - 기타,승용,남,28세,상해없음,승용,남,38세,경상
2019061400100152,2019년 6월 14일 08시,금요일,대전광역시 대덕구 석봉동,경상사고,0,0,1,0,차대차 - 추돌,안전운전불이행,건조,맑음,단일로 - 기타,승용,여,55세,기타불명,승용,여,60세,경상
2019061400100185,2019년 6월 14일 09시,금요일,대전광역시 대덕구 신탄진동,경상사고,0,0,1,0,차대차 - 기타,직진우회전진행방해,건조,맑음,교차로 - 교차로안,승용,여,49세,상해없음,승용,남,44세,경상
2019061400100186,2019년 6월 14일 09시,금요일,대전광역시 서구 월평동,경상사고,0,0,1,0,차대차 - 기타,안전거리미확보,건조,맑음,단일로 - 기타,승용,남,69세,상해없음,승용,남,28세,경상
2019061400100212,2019년 6월 14일 10시,금요일,대전광역시 중구 대흥동,경상사고,0,0,2,0,차대차 - 측면충돌,안전운전불이행,건조,맑음,교차로 - 교차로안,승용,남,43세,상해없음,승용,남,56세,경상
2019061400100213,2019년 6월 14일 10시,금요일,대전광역시 중구 대사동,중상사고,0,1,0,0,차대차 - 추돌,안전운전불이행,건조,맑음,교차로 - 교차로부근,승용,남,56세,상해없음,승용,여,71세,중상
2019061400100252,2019년 6월 14일 11시,금요일,대전광역시 서구 둔산동,경상사고,0,0,1,0,차대차 - 추돌,안전운전불이행,건조,맑음,교차로 - 교차로부근,승용,남,57세,상해없음,승용,여,54세,경상
2019061400100285,2019년 6월 14일 12시,금요일,대전광역시 대덕구 송촌동,경상사고,0,0,3,0,차대차 - 기타,교차로운행방법위반,건조,맑음,교차로 - 교차로안,승용,여,57세,상해없음,승합,남,51세,경상
2019061400100286,2019년 6월 14일 12시,금요일,대전광역시 유성구 장대동,경상사고,0,0,2,0,차대차 - 기타,안전거리미확보,건조,맑음,교차로 - 교차로부근,화물,남,47세,상해없음,승용,남,45세,경상
2019061400100314,2019년 6월 14일 13시,금요일,대전광역시 동구 효동,경상사고,0,0,1,0,차대차 - 기타,기타,건조,맑음,교차로 - 교차로부근,승용,남,49세,상해없음,이륜,남,25세,경상
2019061400100315,2019년 6월 14일 13시,금요일,대전광역시 유성구 봉산동,경상사고,0,0,1,0,차대차 - 추돌,안전운전불이행,건조,맑음,단일로 - 기타,승용,남,37세,상해없음,이륜,남,54세,경상
2019061400100358,2019년 6월 14일 14시,금요일,대전광역시 동구 삼성동,중상사고,0,1,0,0,차대차 - 측면충돌,안전운전불이행,건조,맑음,단일로 - 기타,승용,여,38세,상해없음,이륜,남,74세,중상
2019061400100359,2019년 6월 14일 14시,금요일,대전광역시 대덕구 오정동,경상사고,0,0,2,0,차대차 - 기타,안전운전불이행,건조,맑음,교차로 - 교차로부근,승용,남,58세,상해없음,승용,여,61세,경상
2019061400100360,2019년 6월 14일 14시,금요일,대전광역시 서구 월평동,경상사고,0,0,1,1,차대차 - 기타,중앙선침범,건조,맑음,교차로 - 교차로부근,이륜,여,20세,부상신고,승용,남,56세,경상
2019061400100432,2019년 6월 14일 16시,금요일,대전광역시 서구 가장동,경상사고,0,0,1,0,차대사람 - 보도통행중,기타,건조,맑음,기타 - 기타,화물,남,47세,상해없음,보행자,남,37세,경상
2019061400100433,2019년 6월 14일 16시,금요일,대전광역시 서구 둔산동,중상사고,0,1,0,0,차대사람 - 기타,기타,건조,맑음,단일로 - 기타,승합,남,59세,상해없음,보행자,여,60세,중상
2019061400100434,2019년 6월 14일 16시,금요일,대전광역시 유성구 상대동,중상사고,0,1,0,0,차대차 - 기타,신호위반,건조,맑음,교차로 - 교차로부근,승용,여,64세,상해없음,자전거,여,51세,중상
2019061400100435,2019년 6월 14일 16시,금요일,대전광역시 유성구 구암동,중상사고,0,1,0,0,차대사람 - 횡단중,신호위반,건조,맑음,교차로 - 교차로횡단보도내,화물,남,50세,상해없음,보행자,여,15세,중상
2019061400100496,2019년 6월 14일 17시,금요일,대전광역시 중구 태평동,중상사고,0,1,0,0,차대사람 - 횡단중,안전운전불이행,건조,맑음,단일로 - 기타,승용,남,49세,상해없음,보행자,남,5세,중상
2019061400100497,2019년 6월 14일 17시,금요일,대전광역시 서구 용문동,경상사고,0,0,2,0,차대차 - 기타,안전거리미확보,건조,맑음,단일로 - 기타,승합,남,52세,기타불명,승용,남,27세,경상
2019061400100498,2019년 6월 14일 17시,금요일,대전광역시 서구 둔산동,경상사고,0,0,1,0,차대차 - 측면충돌,안전거리미확보,건조,맑음,단일로 - 기타,승용,여,32세,상해없음,승용,여,56세,경상
2019061400100550,2019년 6월 14일 18시,금요일,대전광역시 동구 삼성동,중상사고,0,1,1,0,차대차 - 측면충돌,중앙선침범,건조,맑음,단일로 - 기타,자전거,남,23세,상해없음,승용,남,58세,상해없음
2019061400100551,2019년 6월 14일 18시,금요일,대전광역시 서구 괴정동,경상사고,0,0,1,0,차대차 - 기타,안전거리미확보,건조,맑음,단일로 - 기타,승용,여,47세,상해없음,이륜,남,27세,경상
2019061400100584,2019년 6월 14일 19시,금요일,대전광역시 서구 괴정동,경상사고,0,0,1,0,차대차 - 기타,안전운전불이행,건조,맑음,주차장 - 주차장,승용,여,22세,상해없음,승용,여,48세,경상
2019061400100585,2019년 6월 14일 19시,금요일,대전광역시 서구 복수동,경상사고,0,0,1,0,차대차 - 기타,안전운전불이행,건조,맑음,교차로 - 교차로부근,화물,남,40세,상해없음,이륜,남,53세,경상
2019061400100586,2019년 6월 14일 19시,금요일,대전광역시 서구 월평동,경상사고,0,0,1,0,차대차 - 기타,안전운전불이행,건조,맑음,단일로 - 기타,승용,여,55세,상해없음,이륜,남,33세,경상
2019061400100618,2019년 6월 14일 20시,금요일,대전광역시 중구 대흥동,경상사고,0,0,1,0,차대차 - 측면충돌,직진우회전진행방해,건조,맑음,교차로 - 교차로안,승용,남,21세,상해없음,승용,남,64세,경상
2019061400100619,2019년 6월 14일 20시,금요일,대전광역시 중구 문화동,경상사고,0,0,1,0,차대차 - 측면충돌,안전운전불이행,건조,맑음,기타 - 기타,승용,여,26세,상해없음,자전거,남,53세,경상
2019061400100620,2019년 6월 14일 20시,금요일,대전광역시 중구 유천동,경상사고,0,0,1,0,차대차 - 측면충돌,안전운전불이행,건조,맑음,단일로 - 기타,승용,여,52세,상해없음,이륜,남,18세,경상
2019061400100621,2019년 6월 14일 20시,금요일,대전광역시 유성구 도룡동,경상사고,0,0,1,0,차대차 - 측면충돌,신호위반,건조,맑음,교차로 - 교차로안,승용,여,22세,상해없음,승용,여,33세,경상
2019061400100688,2019년 6월 14일 22시,금요일,대전광역시 유성구 하기동,경상사고,0,0,3,1,차대차 - 측면충돌,안전거리미확보,건조,맑음,단일로 - 기타,승용,여,37세,부상신고,승용,남,62세,경상
2019061500100055,2019년 6월 15일 01시,토요일,대전광역시 유성구 원신흥동,경상사고,0,0,1,0,차량단독 - 공작물충돌,안전운전불이행,건조,맑음,단일로 - 기타,승용,남,67세,상해없음,,,,
2019061500100068,2019년 6월 15일 02시,토요일,대전광역시 서구 탄방동,경상사고,0,0,1,0,차대차 - 측면충돌,안전운전불이행,건조,맑음,교차로 - 교차로부근,승용,남,26세,상해없음,승용,남,39세,경상
2019061500100183,2019년 6월 15일 09시,토요일,대전광역시 서구 만년동,경상사고,0,0,1,0,차대차 - 추돌,안전운전불이행,건조,맑음,교차로 - 교차로부근,승용,남,50세,상해없음,승용,여,59세,경상
2019061500100221,2019년 6월 15일 10시,토요일,대전광역시 동구 신상동,경상사고,0,0,2,0,차대차 - 측면충돌,안전운전불이행,건조,맑음,단일로 - 기타,특수,남,60세,상해없음,화물,남,72세,경상
2019061500100222,2019년 6월 15일 10시,토요일,대전광역시 서구 월평동,경상사고,0,0,1,0,차대차 - 추돌,안전운전불이행,건조,맑음,교차로 - 교차로부근,승용,남,57세,상해없음,승용,남,31세,경상
2019061500100266,2019년 6월 15일 11시,토요일,대전광역시 유성구 봉명동,경상사고,0,0,2,0,차대차 - 기타,신호위반,건조,맑음,교차로 - 교차로안,승용,남,58세,상해없음,승용,남,43세,경상
2019061500100306,2019년 6월 15일 12시,토요일,대전광역시 서구 용문동,경상사고,0,0,1,0,차대차 - 기타,중앙선침범,건조,맑음,단일로 - 기타,승용,남,59세,상해없음,승용,여,50세,경상
2019061500100307,2019년 6월 15일 12시,토요일,대전광역시 유성구 용산동,경상사고,0,0,3,0,차대차 - 기타,신호위반,건조,맑음,교차로 - 교차로안,승용,여,56세,상해없음,승용,남,43세,경상
2019061500100362,2019년 6월 15일 13시,토요일,대전광역시 동구 대동,경상사고,0,0,2,0,차대차 - 기타,교차로운행방법위반,건조,맑음,교차로 - 교차로안,이륜,남,82세,경상,승용,여,49세,경상
2019061500100363,2019년 6월 15일 13시,토요일,대전광역시 서구 가수원동,경상사고,0,0,2,0,차대사람 - 기타,안전운전불이행,건조,맑음,단일로 - 기타,승용,남,45세,상해없음,보행자,남,79세,경상
2019061500100364,2019년 6월 15일 13시,토요일,대전광역시 유성구 덕명동,경상사고,0,0,2,0,차대차 - 기타,신호위반,건조,맑음,교차로 - 교차로안,승용,남,64세,상해없음,승용,남,24세,경상
2019061500100365,2019년 6월 15일 13시,토요일,대전광역시 유성구 궁동,경상사고,0,0,1,0,차대차 - 기타,안전운전불이행,건조,맑음,교차로 - 교차로안,승용,여,46세,상해없음,승용,남,64세,경상
2019061500100403,2019년 6월 15일 14시,토요일,대전광역시 대덕구 신일동,중상사고,0,1,0,0,차대차 - 추돌,안전운전불이행,건조,맑음,교차로 - 교차로부근,승용,남,35세,상해없음,화물,남,57세,중상
2019061500100404,2019년 6월 15일 14시,토요일,대전광역시 서구 월평동,경상사고,0,0,1,0,차대차 - 기타,안전운전불이행,건조,맑음,단일로 - 기타,승용,여,25세,상해없음,승용,남,33세,경상
2019061500100405,2019년 6월 15일 14시,토요일,대전광역시 유성구 장대동,경상사고,0,0,3,0,차대차 - 기타,안전운전불이행,건조,맑음,단일로 - 기타,승용,남,70세,상해없음,승용,여,27세,경상
2019061500100445,2019년 6월 15일 15시,토요일,대전광역시 서구 도마동,경상사고,0,0,1,0,차대차 - 기타,안전거리미확보,건조,맑음,교차로 - 교차로안,승용,남,79세,상해없음,승용,남,24세,경상
2019061500100446,2019년 6월 15일 15시,토요일,대전광역시 서구 도안동,경상사고,0,0,9,0,차대차 - 추돌,안전운전불이행,건조,맑음,단일로 - 기타,승용,남,32세,상해없음,승용,남,62세,경상
2019061500100488,2019년 6월 15일 16시,토요일,대전광역시 서구 도안동,경상사고,0,0,1,0,차대차 - 추돌,안전운전불이행,건조,맑음,단일로 - 기타,승용,여,44세,상해없음,승용,여,36세,경상
2019061500100489,2019년 6월 15일 16시,토요일,대전광역시 대덕구 목상동,경상사고,0,0,1,0,차대차 - 기타,안전운전불이행,건조,맑음,교차로 - 교차로안,승용,남,63세,상해없음,승용,남,47세,상해없음
2019061500100531,2019년 6월 15일 17시,토요일,대전광역시 중구 부사동,경상사고,0,0,1,0,차대사람 - 기타,안전운전불이행,건조,맑음,단일로 - 기타,승용,남,69세,상해없음,보행자,남,8세,경상
2019061500100532,2019년 6월 15일 17시,토요일,대전광역시 동구 효동,경상사고,0,0,1,0,차대차 - 기타,신호위반,건조,맑음,교차로 - 교차로안,승용,남,66세,상해없음,승용,여,57세,경상
2019061500100533,2019년 6월 15일 17시,토요일,대전광역시 서구 내동,경상사고,0,0,1,0,차대사람 - 기타,안전운전불이행,건조,맑음,단일로 - 기타,승용,남,24세,상해없음,보행자,남,7세,경상
2019061500100644,2019년 6월 15일 20시,토요일,대전광역시 중구 대흥동,부상신고사고,0,0,0,1,차대차 - 측면충돌,교차로운행방법위반,건조,맑음,교차로 - 교차로안,자전거,남,49세,부상신고,승용,남,39세,상해없음
2019061500100645,2019년 6월 15일 20시,토요일,대전광역시 중구 태평동,경상사고,0,0,2,0,차대차 - 추돌,안전거리미확보,건조,맑음,교차로 - 교차로횡단보도내,이륜,남,36세,상해없음,승용,남,26세,경상
2019061500100646,2019년 6월 15일 20시,토요일,대전광역시 동구 홍도동,경상사고,0,0,2,0,차대차 - 기타,교차로운행방법위반,건조,맑음,교차로 - 교차로안,승용,남,58세,기타불명,승용,남,31세,경상
2019061500100683,2019년 6월 15일 21시,토요일,대전광역시 유성구 봉명동,중상사고,0,1,0,0,차대사람 - 횡단중,안전운전불이행,건조,맑음,교차로 - 교차로횡단보도내,승용,여,47세,상해없음,보행자,남,49세,중상
2019061500100735,2019년 6월 15일 23시,토요일,대전광역시 중구 오류동,부상신고사고,0,0,0,1,차대차 - 기타,안전운전불이행,건조,맑음,교차로 - 교차로안,승용,남,28세,상해없음,승용,여,22세,부상신고
2019061600100040,2019년 6월 16일 00시,일요일,대전광역시 서구 괴정동,경상사고,0,0,1,0,차대사람 - 기타,안전운전불이행,건조,맑음,단일로 - 기타,승용,남,20세,상해없음,보행자,남,34세,경상
2019061600100041,2019년 6월 16일 00시,일요일,대전광역시 유성구 용산동,경상사고,0,0,1,0,차대차 - 기타,중앙선침범,건조,맑음,교차로 - 교차로안,승용,남,33세,상해없음,승용,남,43세,경상
2019061600100057,2019년 6월 16일 01시,일요일,대전광역시 동구 홍도동,경상사고,0,0,1,0,차대차 - 기타,안전운전불이행,건조,맑음,교차로 - 교차로안,승용,남,58세,상해없음,승용,남,30세,경상
2019061600100058,2019년 6월 16일 01시,일요일,대전광역시 유성구 봉명동,경상사고,0,0,2,0,차대차 - 후진중충돌,안전운전불이행,건조,맑음,단일로 - 기타,승용,남,30세,상해없음,승용,남,29세,경상
2019061600100072,2019년 6월 16일 02시,일요일,대전광역시 유성구 궁동,경상사고,0,0,1,0,차대차 - 기타,신호위반,건조,맑음,교차로 - 교차로부근,승용,남,23세,상해없음,이륜,남,37세,경상
2019061600100104,2019년 6월 16일 05시,일요일,대전광역시 중구 대흥동,경상사고,0,0,1,0,차대사람 - 기타,안전운전불이행,건조,맑음,교차로 - 교차로안,승용,남,52세,상해없음,보행자,남,22세,경상
2019061600100154,2019년 6월 16일 09시,일요일,대전광역시 유성구 교촌동,경상사고,0,0,1,0,차대차 - 기타,신호위반,건조,맑음,교차로 - 교차로안,승용,남,50세,상해없음,승용,남,61세,경상
2019061600100363,2019년 6월 16일 16시,일요일,대전광역시 중구 중촌동,경상사고,0,0,2,0,차대차 - 측면충돌,안전운전불이행,건조,맑음,단일로 - 기타,승용,남,64세,상해없음,승용,남,44세,경상
2019061600100417,2019년 6월 16일 18시,일요일,대전광역시 동구 판암동,부상신고사고,0,0,0,1,차대사람 - 보도통행중,안전운전불이행,건조,맑음,단일로 - 기타,자전거,남,58세,상해없음,보행자,남,72세,부상신고
2019061600100418,2019년 6월 16일 18시,일요일,대전광역시 유성구 봉명동,중상사고,0,1,4,0,차대차 - 기타,신호위반,건조,맑음,단일로 - 기타,승용,남,32세,기타불명,승합,남,59세,중상
2019061600100439,2019년 6월 16일 19시,일요일,대전광역시 유성구 원내동,경상사고,0,0,1,0,차대차 - 기타,신호위반,건조,맑음,교차로 - 교차로안,승용,여,25세,상해없음,승용,남,30세,경상
2019061600100467,2019년 6월 16일 20시,일요일,대전광역시 동구 용전동,중상사고,0,1,0,0,차대차 - 측면충돌,차로위반,건조,맑음,단일로 - 기타,승용,남,47세,상해없음,이륜,남,53세,중상
2019061600100468,2019년 6월 16일 20시,일요일,대전광역시 서구 도안동,경상사고,0,0,1,0,차대사람 - 횡단중,안전운전불이행,건조,맑음,교차로 - 교차로부근,승용,남,33세,상해없음,보행자,남,40세,경상
2019061600100488,2019년 6월 16일 21시,일요일,대전광역시 서구 탄방동,중상사고,0,1,0,0,차대사람 - 횡단중,안전운전불이행,건조,맑음,교차로 - 교차로부근,승용,여,46세,상해없음,보행자,여,68세,중상
2019061600100519,2019년 6월 16일 23시,일요일,대전광역시 서구 가수원동,경상사고,0,0,1,0,차대차 - 추돌,안전운전불이행,건조,맑음,교차로 - 교차로부근,승용,여,50세,상해없음,승용,여,29세,경상
2019061600100520,2019년 6월 16일 23시,일요일,대전광역시 서구 갈마동,중상사고,0,1,1,0,차대차 - 추돌,안전운전불이행,건조,맑음,단일로 - 기타,승용,여,24세,상해없음,승용,남,68세,중상
2019061700100033,2019년 6월 17일 02시,월요일,대전광역시 서구 갈마동,경상사고,0,0,2,0,차대차 - 측면충돌,신호위반,건조,맑음,교차로 - 교차로안,승용,남,28세,상해없음,승용,남,39세,경상
2019061700100069,2019년 6월 17일 06시,월요일,대전광역시 중구 호동,중상사고,0,1,0,0,차대차 - 기타,직진우회전진행방해,건조,맑음,교차로 - 교차로안,승용,남,59세,상해없음,승용,여,59세,중상
2019061700100070,2019년 6월 17일 06시,월요일,대전광역시 대덕구 신일동,경상사고,0,0,1,0,차대차 - 정면충돌,신호위반,건조,맑음,교차로 - 교차로안,특수,남,56세,상해없음,승용,남,58세,경상
2019061700100216,2019년 6월 17일 10시,월요일,대전광역시 동구 판암동,경상사고,0,0,1,0,차대사람 - 횡단중,안전운전불이행,건조,맑음,교차로 - 교차로안,승용,여,56세,상해없음,보행자,여,73세,경상
2019061700100250,2019년 6월 17일 11시,월요일,대전광역시 서구 둔산동,경상사고,0,0,2,1,차대차 - 기타,안전운전불이행,건조,맑음,단일로 - 기타,승용,남,65세,기타불명,승용,남,48세,경상