사고번호,사고일시,요일,시군구,사고내용,사망자수,중상자수,경상자수,부상신고자수,사고유형,법규위반,노면상태,기상상태,도로형태,가해운전자 차종,가해운전자 성별,가해운전자 연령,가해운전자 상해정도,피해운전자 차종,피해운전자 성별,피해운전자 연령,피해운전자 상해정도
2019062200100640,2019년 6월 22일 20시,토요일,대전광역시 중구 유천동,경상사고,0,0,5,0,차대차 - 기타,안전거리미확보,건조,맑음,단일로 - 기타,승용,남,56세,경상,화물,남,70세,경상
2019062200100683,2019년 6월 22일 21시,토요일,대전광역시 서구 용문동,경상사고,0,0,1,0,차대사람 - 횡단중,안전운전불이행,건조,맑음,교차로 - 교차로안,승용,여,27세,상해없음,보행자,여,27세,경상
2019062200100708,2019년 6월 22일 22시,토요일,대전광역시 동구 용전동,중상사고,0,1,0,0,차대차 - 기타,안전운전불이행,젖음/습기,비,단일로 - 기타,승합,남,70세,상해없음,승합,남,59세,상해없음
2019062200100709,2019년 6월 22일 22시,토요일,대전광역시 유성구 봉명동,경상사고,0,0,3,0,차대차 - 기타,안전거리미확보,건조,맑음,단일로 - 기타,승용,여,61세,상해없음,승용,남,39세,경상
2019062300100043,2019년 6월 23일 00시,일요일,대전광역시 중구 문화동,경상사고,0,0,1,0,차대사람 - 횡단중,보행자보호의무위반,건조,맑음,교차로 - 교차로횡단보도내,승용,남,64세,상해없음,보행자,남,37세,경상
2019062300100044,2019년 6월 23일 00시,일요일,대전광역시 동구 신흥동,경상사고,0,0,1,0,차대차 - 기타,신호위반,건조,맑음,교차로 - 교차로안,승용,남,53세,상해없음,승용,남,30세,경상
2019062300100057,2019년 6월 23일 01시,일요일,대전광역시 대덕구 오정동,경상사고,0,0,5,0,차대차 - 측면충돌,안전운전불이행,건조,맑음,단일로 - 기타,승용,남,55세,상해없음,승용,여,50세,상해없음
2019062300100069,2019년 6월 23일 02시,일요일,대전광역시 서구 갈마동,경상사고,0,0,5,0,차대차 - 측면충돌,안전운전불이행,건조,맑음,교차로 - 교차로안,승용,남,61세,상해없음,승용,남,33세,경상
2019062300100081,2019년 6월 23일 03시,일요일,대전광역시 동구 판암동,경상사고,0,0,1,0,차량단독 - 기타,안전운전불이행,건조,맑음,단일로 - 기타,이륜,남,38세,경상,,,,
2019062300100213,2019년 6월 23일 11시,일요일,대전광역시 서구 괴정동,중상사고,0,1,1,1,차대차 - 기타,안전운전불이행,건조,맑음,교차로 - 교차로안,승용,남,40세,기타불명,승용,남,65세,중상
2019062300100214,2019년 6월 23일 11시,일요일,대전광역시 유성구 궁동,경상사고,0,0,1,0,차대차 - 기타,안전운전불이행,건조,맑음,단일로 - 교량,승용,남,61세,상해없음,자전거,남,59세,경상
2019062300100242,2019년 6월 23일 12시,일요일,대전광역시 서구 내동,경상사고,0,0,1,0,차대차 - 기타,안전운전불이행,건조,맑음,단일로 - 기타,승용,남,63세,상해없음,이륜,남,18세,경상
2019062300100286,2019년 6월 23일 13시,일요일,대전광역시 서구 도안동,중상사고,0,1,1,0,차대차 - 기타,안전운전불이행,건조,맑음,교차로 - 교차로부근,승용,여,50세,상해없음,승용,여,59세,중상
2019062300100287,2019년 6월 23일 13시,일요일,대전광역시 유성구 방동,중상사고,0,1,0,0,차대차 - 추돌,안전운전불이행,건조,맑음,교차로 - 교차로부근,승용,여,40세,기타불명,화물,남,65세,중상
2019062300100319,2019년 6월 23일 14시,일요일,대전광역시 서구 둔산동,경상사고,0,0,1,0,차대차 - 기타,안전운전불이행,건조,맑음,교차로 - 교차로안,승용,남,47세,상해없음,이륜,남,39세,경상
2019062300100320,2019년 6월 23일 14시,일요일,대전광역시 유성구 송강동,경상사고,0,0,1,0,차대차 - 기타,안전운전불이행,건조,맑음,교차로 - 교차로안,승용,여,67세,상해없음,이륜,남,56세,경상
2019062300100357,2019년 6월 23일 15시,일요일,대전광역시 중구 선화동,경상사고,0,0,2,0,차대차 - 추돌,안전운전불이행,건조,맑음,교차로 - 교차로안,승용,남,72세,상해없음,승용,남,47세,경상
2019062300100358,2019년 6월 23일 15시,일요일,대전광역시 서구 괴정동,경상사고,0,0,1,0,차대차 - 기타,안전운전불이행,건조,맑음,교차로 - 교차로부근,승용,여,42세,상해없음,승용,여,47세,경상
2019062300100359,2019년 6월 23일 15시,일요일,대전광역시 유성구 대정동,경상사고,0,0,2,0,차대차 - 측면충돌,교차로운행방법위반,건조,맑음,교차로 - 교차로안,승용,남,64세,상해없음,승용,여,32세,경상
2019062300100401,2019년 6월 23일 16시,일요일,대전광역시 동구 구도동,중상사고,0,3,0,0,차대차 - 정면충돌,중앙선침범,건조,맑음,교차로 - 교차로부근,승용,남,58세,중상,승용,남,37세,중상
2019062300100402,2019년 6월 23일 16시,일요일,대전광역시 서구 둔산동,중상사고,0,1,0,0,차대사람 - 기타,안전운전불이행,건조,맑음,교차로 - 교차로부근,승용,여,38세,상해없음,보행자,남,34세,중상
2019062300100403,2019년 6월 23일 16시,일요일,대전광역시 유성구 어은동,경상사고,0,0,1,0,차대차 - 기타,안전운전불이행,건조,맑음,교차로 - 교차로안,승용,남,27세,상해없음,자전거,남,45세,경상
2019062300100404,2019년 6월 23일 16시,일요일,대전광역시 유성구 구암동,경상사고,0,0,3,0,차대차 - 추돌,직진우회전진행방해,건조,맑음,교차로 - 교차로안,승용,여,49세,상해없음,승용,남,48세,경상
2019062300100443,2019년 6월 23일 17시,일요일,대전광역시 동구 중동,경상사고,0,0,2,0,차대차 - 측면충돌,교차로운행방법위반,건조,맑음,교차로 - 교차로안,승용,남,61세,상해없음,승용,남,58세,상해없음
2019062300100462,2019년 6월 23일 18시,일요일,대전광역시 중구 구완동,경상사고,0,0,3,0,차대차 - 측면충돌,기타,건조,맑음,단일로 - 터널,승용,남,67세,상해없음,승용,남,27세,경상
2019062300100475,2019년 6월 23일 18시,일요일,대전광역시 동구 대동,경상사고,0,0,1,0,차대차 - 측면충돌,교차로운행방법위반,건조,맑음,교차로 - 교차로안,이륜,남,38세,경상,승용,남,43세,기타불명
2019062300100476,2019년 6월 23일 18시,일요일,대전광역시 서구 관저동,중상사고,0,1,0,0,차대차 - 기타,보행자보호의무위반,건조,맑음,기타 - 기타,이륜,남,25세,상해없음,개인형이동수단(PM),남,14세,중상
2019062300100494,2019년 6월 23일 19시,일요일,대전광역시 서구 관저동,경상사고,0,0,1,0,차대차 - 기타,신호위반,건조,맑음,단일로 - 터널,승용,남,58세,상해없음,승용,여,60세,경상
2019062300100508,2019년 6월 23일 19시,일요일,대전광역시 동구 인동,경상사고,0,0,1,0,차대차 - 측면충돌,안전운전불이행,건조,맑음,교차로 - 교차로안,승용,남,58세,상해없음,승용,남,35세,경상
2019062300100535,2019년 6월 23일 20시,일요일,대전광역시 중구 사정동,경상사고,0,0,3,0,차대차 - 측면충돌,안전운전불이행,건조,맑음,단일로 - 기타,화물,남,77세,상해없음,승용,여,23세,경상
2019062300100563,2019년 6월 23일 21시,일요일,대전광역시 서구 용문동,경상사고,0,0,1,0,차대사람 - 횡단중,안전운전불이행,건조,맑음,교차로 - 교차로부근,승용,남,58세,상해없음,보행자,남,28세,경상
2019062300100564,2019년 6월 23일 21시,일요일,대전광역시 유성구 장대동,중상사고,0,1,0,0,차대차 - 측면충돌,신호위반,건조,맑음,교차로 - 교차로안,승용,여,59세,상해없음,이륜,남,54세,중상
2019062300100597,2019년 6월 23일 23시,일요일,대전광역시 동구 용전동,경상사고,0,0,1,0,차대사람 - 기타,안전운전불이행,건조,맑음,단일로 - 기타,이륜,남,55세,상해없음,보행자,남,40세,경상
2019062400100030,2019년 6월 24일 00시,월요일,대전광역시 대덕구 송촌동,중상사고,0,1,1,0,차대차 - 기타,안전운전불이행,건조,맑음,교차로 - 교차로안,승용,남,61세,중상,승용,남,25세,경상
2019062400100031,2019년 6월 24일 00시,월요일,대전광역시 서구 둔산동,경상사고,0,0,1,0,차대사람 - 기타,안전운전불이행,건조,맑음,단일로 - 기타,승용,남,29세,상해없음,보행자,여,20세,경상
2019062400100051,2019년 6월 24일 04시,월요일,대전광역시 동구 가오동,중상사고,0,1,0,0,차대사람 - 횡단중,안전운전불이행,건조,맑음,교차로 - 교차로안,승용,여,62세,상해없음,보행자,여,78세,중상
2019062400100064,2019년 6월 24일 05시,월요일,대전광역시 서구 도마동,중상사고,0,1,1,0,차대차 - 정면충돌,중앙선침범,건조,맑음,교차로 - 교차로안,화물,남,64세,상해없음,승용,여,35세,중상
2019062400100164,2019년 6월 24일 08시,월요일,대전광역시 중구 용두동,경상사고,0,0,2,0,차대차 - 추돌,안전운전불이행,건조,맑음,교차로 - 교차로안,승용,남,23세,상해없음,승용,남,50세,경상
2019062400100165,2019년 6월 24일 08시,월요일,대전광역시 유성구 도룡동,경상사고,0,0,3,0,차대차 - 측면충돌,안전운전불이행,건조,맑음,단일로 - 기타,승용,남,60세,상해없음,승용,남,34세,경상
2019062400100203,2019년 6월 24일 09시,월요일,대전광역시 대덕구 평촌동,경상사고,0,0,1,0,차대차 - 기타,안전거리미확보,건조,맑음,단일로 - 기타,화물,남,50세,상해없음,승용,남,56세,경상
2019062400100240,2019년 6월 24일 10시,월요일,대전광역시 서구 월평동,중상사고,0,1,0,0,차대차 - 기타,안전거리미확보,건조,맑음,교차로 - 교차로부근,승용,남,49세,상해없음,승용,여,47세,중상
2019062400100281,2019년 6월 24일 11시,월요일,대전광역시 서구 복수동,중상사고,0,1,0,0,차대차 - 기타,신호위반,건조,맑음,교차로 - 교차로안,승용,남,70세,상해없음,승용,여,60세,중상
2019062400100342,2019년 6월 24일 13시,월요일,대전광역시 동구 판암동,중상사고,0,2,0,0,차대차 - 정면충돌,과속,건조,맑음,교차로 - 교차로부근,승용,남,68세,상해없음,승용,남,74세,상해없음
2019062400100343,2019년 6월 24일 13시,월요일,대전광역시 서구 갈마동,경상사고,0,0,1,0,차대차 - 추돌,교차로운행방법위반,건조,맑음,교차로 - 교차로안,승용,남,78세,상해없음,승용,남,31세,경상
2019062400100380,2019년 6월 24일 14시,월요일,대전광역시 동구 용전동,경상사고,0,0,2,0,차대차 - 추돌,안전운전불이행,건조,맑음,단일로 - 기타,화물,남,39세,상해없음,승용,남,32세,경상
2019062400100426,2019년 6월 24일 15시,월요일,대전광역시 중구 문화동,중상사고,0,1,2,0,차대차 - 추돌,안전운전불이행,건조,맑음,단일로 - 기타,승용,남,22세,상해없음,승합,남,31세,상해없음
2019062400100465,2019년 6월 24일 16시,월요일,대전광역시 중구 태평동,경상사고,0,0,1,0,차대사람 - 횡단중,안전운전불이행,건조,맑음,단일로 - 기타,승용,여,44세,상해없음,보행자,남,8세,경상
2019062400100466,2019년 6월 24일 16시,월요일,대전광역시 유성구 봉명동,경상사고,0,0,1,0,차대사람 - 차도통행중,안전운전불이행,건조,맑음,단일로 - 기타,화물,여,51세,상해없음,보행자,남,42세,경상
2019062400100523,2019년 6월 24일 17시,월요일,대전광역시 유성구 지족동,경상사고,0,0,1,0,차대차 - 기타,안전거리미확보,건조,맑음,단일로 - 기타,승용,여,23세,상해없음,승용,여,59세,경상
2019062400100588,2019년 6월 24일 18시,월요일,대전광역시 서구 내동,중상사고,0,1,0,0,차량단독 - 기타,안전운전불이행,건조,맑음,교차로 - 교차로부근,승합,남,49세,기타불명,,,,
2019062400100589,2019년 6월 24일 18시,월요일,대전광역시 유성구 문지동,경상사고,0,0,1,0,차대차 - 기타,안전운전불이행,건조,맑음,기타 - 기타,승용,남,29세,상해없음,자전거,여,36세,경상
2019062400100620,2019년 6월 24일 19시,월요일,대전광역시 중구 유천동,경상사고,0,0,1,0,차대차 - 측면충돌,안전거리미확보,건조,맑음,단일로 - 기타,승용,남,47세,상해없음,승용,여,57세,경상
2019062400100621,2019년 6월 24일 19시,월요일,대전광역시 서구 탄방동,중상사고,0,1,0,0,차대사람 - 기타,안전운전불이행,건조,맑음,교차로 - 교차로부근,화물,남,49세,상해없음,보행자,남,55세,중상
2019062400100648,2019년 6월 24일 20시,월요일,대전광역시 서구 흑석동,중상사고,0,1,0,0,차대사람 - 횡단중,안전운전불이행,건조,맑음,단일로 - 교량,승용,남,43세,상해없음,보행자,남,76세,중상
2019062400100649,2019년 6월 24일 20시,월요일,대전광역시 서구 탄방동,경상사고,0,0,1,0,차대사람 - 기타,안전운전불이행,건조,맑음,단일로 - 기타,승용,남,26세,상해없음,보행자,여,34세,경상
2019062400100650,2019년 6월 24일 20시,월요일,대전광역시 서구 둔산동,경상사고,0,0,2,0,차대차 - 측면충돌,신호위반,건조,맑음,교차로 - 교차로안,승용,남,66세,상해없음,승용,여,48세,경상
2019062400100703,2019년 6월 24일 22시,월요일,대전광역시 서구 용문동,경상사고,0,0,1,0,차대차 - 기타,안전운전불이행,건조,맑음,교차로 - 교차로안,이륜,남,28세,경상,승용,여,64세,상해없음
2019062500100047,2019년 6월 25일 02시,화요일,대전광역시 중구 중촌동,중상사고,0,1,0,0,차량단독 - 공작물충돌,안전운전불이행,건조,맑음,단일로 - 고가도로위,원동기,남,31세,중상,,,,
2019062500100082,2019년 6월 25일 06시,화요일,대전광역시 유성구 원내동,중상사고,0,1,0,0,차대차 - 기타,신호위반,건조,맑음,교차로 - 교차로안,개인형이동수단(PM),여,67세,중상,승용,남,44세,상해없음
2019062500100161,2019년 6월 25일 08시,화요일,대전광역시 서구 갈마동,경상사고,0,0,1,0,차대사람 - 길가장자리구역통행중,안전운전불이행,건조,맑음,단일로 - 기타,승용,여,33세,상해없음,보행자,남,26세,경상
2019062500100231,2019년 6월 25일 10시,화요일,대전광역시 서구 월평동,경상사고,0,0,2,0,차대차 - 측면충돌,안전운전불이행,건조,맑음,단일로 - 기타,승용,여,59세,경상,승용,여,53세,경상
2019062500100289,2019년 6월 25일 12시,화요일,대전광역시 유성구 상대동,중상사고,0,1,1,0,차대사람 - 차도통행중,신호위반,건조,맑음,교차로 - 교차로횡단보도내,승합,남,54세,상해없음,보행자,여,27세,중상
2019062500100290,2019년 6월 25일 12시,화요일,대전광역시 유성구 봉명동,경상사고,0,0,2,0,차대차 - 추돌,안전운전불이행,건조,맑음,단일로 - 기타,승용,남,70세,상해없음,승용,여,33세,경상
2019062500100325,2019년 6월 25일 13시,화요일,대전광역시 동구 인동,중상사고,0,1,0,0,차대사람 - 기타,안전운전불이행,건조,맑음,단일로 - 기타,화물,남,23세,상해없음,보행자,남,58세,중상
2019062500100326,2019년 6월 25일 13시,화요일,대전광역시 서구 가수원동,중상사고,0,1,0,0,차대차 - 기타,안전운전불이행,건조,맑음,교차로 - 교차로안,승용,여,49세,기타불명,자전거,남,65세,중상
2019062500100327,2019년 6월 25일 13시,화요일,대전광역시 서구 만년동,중상사고,0,1,3,0,차대차 - 추돌,안전운전불이행,건조,맑음,교차로 - 교차로부근,승용,여,60세,중상,승용,여,38세,경상
2019062500100414,2019년 6월 25일 15시,화요일,대전광역시 동구 중동,경상사고,0,0,4,0,차대차 - 기타,안전운전불이행,건조,맑음,교차로 - 교차로부근,승용,남,66세,상해없음,승합,남,58세,경상
2019062500100415,2019년 6월 25일 15시,화요일,대전광역시 유성구 신성동,경상사고,0,0,1,0,차대차 - 후진중충돌,안전운전불이행,건조,맑음,단일로 - 기타,승용,여,27세,상해없음,승용,남,37세,경상
2019062500100469,2019년 6월 25일 16시,화요일,대전광역시 동구 삼성동,경상사고,0,0,1,0,차대차 - 기타,안전운전불이행,건조,맑음,교차로 - 교차로횡단보도내,승용,여,46세,상해없음,자전거,여,64세,경상
2019062500100470,2019년 6월 25일 16시,화요일,대전광역시 서구 용문동,중상사고,0,1,8,2,차대차 - 추돌,안전운전불이행,건조,맑음,단일로 - 기타,승합,남,43세,상해없음,승용,남,67세,경상
2019062500100471,2019년 6월 25일 16시,화요일,대전광역시 서구 둔산동,중상사고,0,1,0,0,차량단독 - 기타,안전운전불이행,건조,맑음,교차로 - 교차로부근,승합,남,57세,상해없음,,,,
2019062500100525,2019년 6월 25일 17시,화요일,대전광역시 중구 부사동,경상사고,0,0,1,0,차대차 - 추돌,안전운전불이행,건조,맑음,교차로 - 교차로안,승용,여,39세,상해없음,승용,남,45세,경상
2019062500100526,2019년 6월 25일 17시,화요일,대전광역시 유성구 죽동,경상사고,0,0,2,0,차대차 - 기타,안전거리미확보,건조,맑음,단일로 - 기타,승용,여,63세,상해없음,승용,여,31세,경상
2019062500100592,2019년 6월 25일 18시,화요일,대전광역시 서구 둔산동,경상사고,0,0,1,0,차대차 - 기타,안전운전불이행,건조,맑음,교차로 - 교차로부근,승용,여,44세,상해없음,승용,남,53세,경상
2019062500100662,2019년 6월 25일 20시,화요일,대전광역시 서구 괴정동,경상사고,0,0,1,0,차대사람 - 차도통행중,안전운전불이행,건조,맑음,단일로 - 기타,기타불명,기타불명,미분류,기타불명,보행자,남,23세,경상
2019062500100663,2019년 6월 25일 20시,화요일,대전광역시 서구 둔산동,경상사고,0,0,1,0,차대사람 - 기타,안전운전불이행,건조,맑음,단일로 - 기타,이륜,남,18세,상해없음,보행자,여,18세,경상
2019062500100664,2019년 6월 25일 20시,화요일,대전광역시 서구 둔산동,경상사고,0,0,1,0,차대사람 - 기타,안전운전불이행,건조,맑음,기타 - 기타,기타불명,기타불명,미분류,기타불명,보행자,남,27세,경상
2019062500100695,2019년 6월 25일 21시,화요일,대전광역시 대덕구 목상동,경상사고,0,0,1,0,차대차 - 추돌,신호위반,건조,맑음,단일로 - 기타,승용,남,29세,상해없음,화물,남,57세,경상
2019062500100716,2019년 6월 25일 22시,화요일,대전광역시 대덕구 송촌동,경상사고,0,0,1,0,차대사람 - 기타,안전운전불이행,기타,흐림,단일로 - 기타,승용,여,46세,상해없음,보행자,남,30세,경상
2019062500100717,2019년 6월 25일 22시,화요일,대전광역시 서구 갈마동,경상사고,0,0,1,0,차대차 - 기타,안전운전불이행,건조,맑음,단일로 - 기타,승합,남,59세,상해없음,이륜,남,23세,경상
2019062500100718,2019년 6월 25일 22시,화요일,대전광역시 유성구 학하동,경상사고,0,0,1,0,차량단독 - 기타,안전운전불이행,건조,맑음,단일로 - 기타,승용,남,62세,상해없음,,,,
2019062500100734,2019년 6월 25일 23시,화요일,대전광역시 유성구 봉명동,부상신고사고,0,0,0,1,차대차 - 기타,안전운전불이행,건조,맑음,단일로 - 기타,자전거,여,49세,부상신고,승용,남,69세,상해없음
2019062600100093,2019년 6월 26일 07시,수요일,대전광역시 유성구 구암동,경상사고,0,0,1,0,차대차 - 기타,신호위반,건조,맑음,교차로 - 교차로안,승용,여,31세,상해없음,승용,여,51세,경상
2019062600100138,2019년 6월 26일 08시,수요일,대전광역시 중구 용두동,경상사고,0,0,1,0,차대차 - 측면충돌,안전운전불이행,건조,맑음,교차로 - 교차로부근,승용,남,65세,상해없음,승용,여,63세,경상
2019062600100179,2019년 6월 26일 09시,수요일,대전광역시 동구 가양동,경상사고,0,0,1,0,차대차 - 측면충돌,교차로운행방법위반,건조,맑음,교차로 - 교차로안,승용,남,49세,상해없음,승용,여,37세,경상
2019062600100180,2019년 6월 26일 09시,수요일,대전광역시 서구 용문동,경상사고,0,0,1,0,차대차 - 측면충돌,신호위반,건조,흐림,단일로 - 기타,승용,여,31세,상해없음,이륜,남,29세,경상
2019062600100181,2019년 6월 26일 09시,수요일,대전광역시 서구 관저동,경상사고,0,0,1,0,차대차 - 측면충돌,신호위반,건조,흐림,교차로 - 교차로안,승용,남,57세,상해없음,승용,남,65세,경상
2019062600100210,2019년 6월 26일 10시,수요일,대전광역시 유성구 노은동,경상사고,0,0,1,0,차대차 - 기타,안전거리미확보,건조,맑음,단일로 - 기타,승용,여,31세,상해없음,승용,남,65세,경상
2019062600100253,2019년 6월 26일 11시,수요일,대전광역시 동구 용전동,경상사고,0,0,1,0,차대차 - 기타,기타,젖음/습기,비,교차로 - 교차로안,화물,남,61세,상해없음,승용,남,74세,상해없음
2019062600100296,2019년 6월 26일 12시,수요일,대전광역시 서구 둔산동,경상사고,0,0,1,0,차대차 - 추돌,안전운전불이행,젖음/습기,비,교차로 - 교차로부근,승용,남,22세,상해없음,승용,남,31세,경상
2019062600100319,2019년 6월 26일 13시,수요일,대전광역시 중구 선화동,경상사고,0,0,1,0,차대차 - 측면충돌,안전운전불이행,젖음/습기,비,단일로 - 기타,승용,남,51세,상해없음,승용,남,54세,경상
2019062600100320,2019년 6월 26일 13시,수요일,대전광역시 동구 가양동,중상사고,0,1,0,0,차대사람 - 기타,안전운전불이행,젖음/습기,비,단일로 - 기타,승합,남,56세,상해없음,보행자,여,69세,중상
2019062600100321,2019년 6월 26일 13시,수요일,대전광역시 서구 가수원동,경상사고,0,0,1,0,차대차 - 기타,신호위반,젖음/습기,비,교차로 - 교차로안,승용,남,72세,상해없음,이륜,남,24세,경상
2019062600100322,2019년 6월 26일 13시,수요일,대전광역시 서구 갈마동,경상사고,0,0,1,0,차대차 - 기타,중앙선침범,젖음/습기,비,단일로 - 기타,승용,남,52세,상해없음,화물,남,47세,경상
2019062600100359,2019년 6월 26일 14시,수요일,대전광역시 중구 태평동,경상사고,0,0,1,0,차대사람 - 횡단중,신호위반,젖음/습기,비,교차로 - 교차로횡단보도내,승용,남,78세,상해없음,보행자,남,72세,경상
2019062600100360,2019년 6월 26일 14시,수요일,대전광역시 중구 안영동,경상사고,0,0,2,0,차대차 - 추돌,안전운전불이행,젖음/습기,비,교차로 - 교차로부근,특수,남,38세,상해없음,승용,여,63세,경상
2019062600100402,2019년 6월 26일 15시,수요일,대전광역시 동구 정동,경상사고,0,0,2,0,차대차 - 측면충돌,차로위반,젖음/습기,비,단일로 - 기타,승용,남,71세,상해없음,승용,여,46세,경상
2019062600100403,2019년 6월 26일 15시,수요일,대전광역시 서구 용문동,경상사고,0,0,2,0,차대차 - 측면충돌,안전운전불이행,건조,맑음,단일로 - 기타,승용,남,55세,상해없음,승용,남,38세,경상
2019062600100404,2019년 6월 26일 15시,수요일,대전광역시 유성구 노은동,경상사고,0,0,2,0,차대차 - 기타,안전거리미확보,젖음/습기,비,교차로 - 교차로부근,승용,남,52세,상해없음,승용,남,25세,경상
2019062600100455,2019년 6월 26일 16시,수요일,대전광역시 유성구 원신흥동,경상사고,0,0,1,0,차대차 - 기타,신호위반,건조,맑음,교차로 - 교차로안,승용,남,30세,상해없음,승용,여,48세,경상
2019062600100502,2019년 6월 26일 17시,수요일,대전광역시 서구 가장동,중상사고,0,1,0,0,차대사람 - 횡단중,안전운전불이행,건조,맑음,교차로 - 교차로부근,승용,남,30세,상해없음,보행자,여,61세,중상
2019062600100503,2019년 6월 26일 17시,수요일,대전광역시 서구 월평동,경상사고,0,0,5,0,차대차 - 추돌,안전운전불이행,건조,맑음,교차로 - 교차로부근,승용,남,49세,상해없음,승용,남,66세,경상
2019062600100555,2019년 6월 26일 18시,수요일,대전광역시 중구 대흥동,경상사고,0,0,1,0,차대사람 - 횡단중,보행자보호의무위반,건조,맑음,단일로 - 기타,승용,남,57세,상해없음,보행자,여,16세,경상
2019062600100556,2019년 6월 26일 18시,수요일,대전광역시 중구 유천동,경상사고,0,0,1,0,차대차 - 측면충돌,안전운전불이행,건조,맑음,교차로 - 교차로안,승용,남,64세,상해없음,개인형이동수단(PM),여,25세,경상
2019062600100557,2019년 6월 26일 18시,수요일,대전광역시 동구 홍도동,경상사고,0,0,1,0,차대사람 - 기타,안전운전불이행,건조,맑음,단일로 - 기타,승용,여,45세,상해없음,보행자,남,59세,경상
2019062600100558,2019년 6월 26일 18시,수요일,대전광역시 서구 둔산동,경상사고,0,0,1,0,차대차 - 측면충돌,안전운전불이행,건조,맑음,단일로 - 기타,승합,남,38세,상해없음,승용,남,56세,경상
2019062600100604,2019년 6월 26일 19시,수요일,대전광역시 유성구 봉명동,중상사고,0,1,0,0,차대사람 - 횡단중,보행자보호의무위반,건조,맑음,단일로 - 기타,승용,남,50세,상해없음,보행자,여,27세,중상
2019062600100605,2019년 6월 26일 19시,수요일,대전광역시 유성구 원내동,경상사고,0,0,2,0,차대차 - 측면충돌,신호위반,건조,맑음,교차로 - 교차로안,승용,여,63세,경상,승용,남,44세,경상
2019062600100606,2019년 6월 26일 19시,수요일,대전광역시 유성구 지족동,경상사고,0,0,1,0,차대사람 - 기타,안전운전불이행,젖음/습기,비,단일로 - 기타,승용,남,50세,상해없음,보행자,남,52세,경상
2019062600100635,2019년 6월 26일 20시,수요일,대전광역시 서구 월평동,경상사고,0,0,2,0,차대차 - 추돌,안전운전불이행,젖음/습기,비,단일로 - 교량,승용,여,22세,상해없음,승용,남,27세,경상
2019062600100664,2019년 6월 26일 21시,수요일,대전광역시 동구 판암동,경상사고,0,0,4,0,차대차 - 추돌,안전운전불이행,젖음/습기,비,교차로 - 교차로부근,승용,남,61세,상해없음,승용,남,67세,경상
2019062600100665,2019년 6월 26일 21시,수요일,대전광역시 서구 도마동,중상사고,0,1,0,0,차량단독 - 기타,안전운전불이행,건조,맑음,교차로 - 교차로부근,승합,남,55세,상해없음,,,,
2019062600100666,2019년 6월 26일 21시,수요일,대전광역시 서구 월평동,부상신고사고,0,0,0,1,차대차 - 기타,안전운전불이행,젖음/습기,비,교차로 - 교차로안,기타불명,기타불명,미분류,기타불명,이륜,남,28세,부상신고
2019062700100081,2019년 6월 27일 06시,목요일,대전광역시 중구 대사동,경상사고,0,0,2,0,차대차 - 측면충돌,신호위반,건조,맑음,교차로 - 교차로안,승용,남,70세,상해없음,승용,여,63세,경상
2019062700100115,2019년 6월 27일 07시,목요일,대전광역시 서구 관저동,경상사고,0,0,1,0,차대차 - 기타,신호위반,건조,맑음,교차로 - 교차로안,승합,남,58세,상해없음,승용,여,48세,경상
2019062700100164,2019년 6월 27일 08시,목요일,대전광역시 중구 용두동,경상사고,0,0,1,0,차대차 - 기타,안전운전불이행,젖음/습기,흐림,단일로 - 기타,승용,여,47세,상해없음,승용,여,63세,경상
2019062700100203,2019년 6월 27일 09시,목요일,대전광역시 동구 대동,경상사고,0,0,1,0,차대차 - 추돌,안전운전불이행,젖음/습기,비,기타 - 기타,승용,남,49세,상해없음,승용,여,45세,경상
2019062700100230,2019년 6월 27일 10시,목요일,대전광역시 유성구 구암동,경상사고,0,0,4,0,차대차 - 기타,안전운전불이행,건조,맑음,교차로 - 교차로부근,승용,여,34세,상해없음,화물,남,30세,경상
2019062700100256,2019년 6월 27일 11시,목요일,대전광역시 중구 용두동,경상사고,0,0,1,0,차대차 - 측면충돌,안전운전불이행,건조,맑음,단일로 - 기타,승용,남,58세,상해없음,이륜,남,30세,경상
2019062700100257,2019년 6월 27일 11시,목요일,대전광역시 중구 오류동,경상사고,0,0,1,0,차대차 - 기타,안전운전불이행,건조,흐림,교차로 - 교차로부근,승용,여,22세,상해없음,화물,남,23세,경상
2019062700100357,2019년 6월 27일 14시,목요일,대전광역시 중구 용두동,경상사고,0,0,1,0,차대차 - 기타,안전운전불이행,건조,흐림,교차로 - 교차로부근,화물,남,79세,상해없음,특수,남,36세,경상
2019062700100358,2019년 6월 27일 14시,목요일,대전광역시 동구 가양동,경상사고,0,0,1,0,차대차 - 기타,안전운전불이행,건조,맑음,교차로 - 교차로안,승용,여,36세,경상,승합,남,56세,상해없음
2019062700100400,2019년 6월 27일 15시,목요일,대전광역시 대덕구 중리동,경상사고,0,0,1,0,차대차 - 기타,안전운전불이행,건조,맑음,단일로 - 기타,화물,남,27세,상해없음,승용,여,44세,경상
2019062700100401,2019년 6월 27일 15시,목요일,대전광역시 유성구 용산동,중상사고,0,1,0,0,차대차 - 기타,신호위반,건조,맑음,교차로 - 교차로안,화물,남,42세,상해없음,승용,남,58세,중상
2019062700100446,2019년 6월 27일 16시,목요일,대전광역시 서구 도마동,경상사고,0,0,2,0,차대차 - 측면충돌,안전운전불이행,건조,맑음,교차로 - 교차로안,승용,남,66세,경상,승용,남,37세,경상