사고번호,사고일시,요일,시군구,사고내용,사망자수,중상자수,경상자수,부상신고자수,사고유형,법규위반,노면상태,기상상태,도로형태,가해운전자 차종,가해운전자 성별,가해운전자 연령,가해운전자 상해정도,피해운전자 차종,피해운전자 성별,피해운전자 연령,피해운전자 상해정도
2019070300100095,2019년 7월 3일 07시,수요일,대전광역시 유성구 죽동,부상신고사고,0,0,0,1,차대차 - 추돌,신호위반,건조,맑음,교차로 - 교차로횡단보도내,승용,여,27세,상해없음,개인형이동수단(PM),여,24세,부상신고
2019070300100139,2019년 7월 3일 08시,수요일,대전광역시 서구 괴정동,중상사고,0,1,0,0,차대사람 - 기타,안전운전불이행,건조,맑음,단일로 - 기타,승용,남,29세,상해없음,보행자,여,27세,중상
2019070300100231,2019년 7월 3일 11시,수요일,대전광역시 중구 태평동,경상사고,0,0,3,0,차대차 - 기타,안전거리미확보,건조,맑음,교차로 - 교차로부근,승용,여,76세,상해없음,승용,남,37세,경상
2019070300100232,2019년 7월 3일 11시,수요일,대전광역시 동구 가양동,중상사고,0,1,0,0,차대차 - 기타,안전운전불이행,건조,맑음,단일로 - 기타,승용,남,73세,상해없음,자전거,남,54세,중상
2019070300100293,2019년 7월 3일 13시,수요일,대전광역시 동구 용전동,경상사고,0,0,2,0,차대차 - 추돌,안전운전불이행,건조,맑음,단일로 - 기타,승용,남,60세,상해없음,승용,남,68세,경상
2019070300100333,2019년 7월 3일 14시,수요일,대전광역시 대덕구 오정동,경상사고,0,0,1,0,차대차 - 추돌,안전운전불이행,건조,맑음,단일로 - 기타,화물,남,68세,상해없음,승용,여,26세,경상
2019070300100365,2019년 7월 3일 15시,수요일,대전광역시 중구 호동,부상신고사고,0,0,0,1,차대차 - 기타,안전운전불이행,건조,맑음,교차로 - 교차로안,이륜,남,24세,부상신고,승용,남,44세,상해없음
2019070300100366,2019년 7월 3일 15시,수요일,대전광역시 동구 구도동,중상사고,0,1,1,0,차대차 - 측면충돌,신호위반,건조,맑음,교차로 - 교차로안,승용,남,48세,상해없음,승용,여,48세,중상
2019070300100367,2019년 7월 3일 15시,수요일,대전광역시 서구 용문동,경상사고,0,0,1,0,차대차 - 기타,안전운전불이행,건조,맑음,교차로 - 교차로부근,승용,남,32세,상해없음,승용,여,53세,경상
2019070300100461,2019년 7월 3일 17시,수요일,대전광역시 대덕구 석봉동,사망사고,1,1,0,0,차대차 - 기타,불법유턴,건조,맑음,교차로 - 교차로안,이륜,남,83세,사망,승용,남,54세,중상
2019070300100508,2019년 7월 3일 18시,수요일,대전광역시 서구 변동,경상사고,0,0,1,0,차대차 - 기타,안전운전불이행,건조,맑음,교차로 - 교차로안,이륜,남,34세,경상,승용,남,58세,상해없음
2019070300100556,2019년 7월 3일 20시,수요일,대전광역시 중구 오류동,경상사고,0,0,1,0,차대차 - 측면충돌,신호위반,건조,맑음,교차로 - 교차로부근,승용,남,23세,상해없음,이륜,남,55세,경상
2019070300100609,2019년 7월 3일 22시,수요일,대전광역시 유성구 계산동,중상사고,0,1,0,0,차대사람 - 횡단중,보행자보호의무위반,건조,맑음,교차로 - 교차로부근,승용,남,35세,상해없음,보행자,남,55세,중상
2019070400100054,2019년 7월 4일 03시,목요일,대전광역시 서구 탄방동,경상사고,0,0,1,0,차대차 - 기타,안전운전불이행,건조,맑음,교차로 - 교차로부근,승용,남,46세,상해없음,이륜,남,18세,경상
2019070400100160,2019년 7월 4일 08시,목요일,대전광역시 대덕구 중리동,경상사고,0,0,1,0,차대차 - 기타,신호위반,건조,맑음,교차로 - 교차로안,승용,남,57세,상해없음,승용,남,60세,경상
2019070400100161,2019년 7월 4일 08시,목요일,대전광역시 대덕구 송촌동,중상사고,0,1,0,0,차대사람 - 기타,안전운전불이행,건조,맑음,교차로 - 교차로부근,승용,남,74세,상해없음,보행자,여,80세,중상
2019070400100338,2019년 7월 4일 13시,목요일,대전광역시 서구 가수원동,경상사고,0,0,1,0,차대차 - 기타,안전운전불이행,건조,맑음,단일로 - 기타,승용,남,71세,상해없음,이륜,남,39세,경상
2019070400100339,2019년 7월 4일 13시,목요일,대전광역시 대덕구 중리동,중상사고,0,1,0,0,차대차 - 기타,안전운전불이행,건조,맑음,단일로 - 기타,승용,남,61세,상해없음,이륜,여,47세,중상
2019070400100340,2019년 7월 4일 13시,목요일,대전광역시 서구 갈마동,경상사고,0,0,1,0,차대사람 - 기타,안전운전불이행,건조,맑음,단일로 - 기타,승용,남,27세,상해없음,보행자,여,22세,경상
2019070400100450,2019년 7월 4일 16시,목요일,대전광역시 중구 유천동,경상사고,0,0,1,0,차대차 - 추돌,안전운전불이행,건조,맑음,단일로 - 기타,기타불명,기타불명,미분류,기타불명,자전거,남,82세,경상
2019070400100451,2019년 7월 4일 16시,목요일,대전광역시 서구 월평동,경상사고,0,0,1,0,차대차 - 기타,안전운전불이행,건조,맑음,교차로 - 교차로안,승용,여,58세,상해없음,승용,여,45세,상해없음
2019070400100544,2019년 7월 4일 18시,목요일,대전광역시 중구 중촌동,중상사고,0,2,2,0,차대차 - 측면충돌,직진우회전진행방해,건조,맑음,교차로 - 교차로안,승용,남,51세,상해없음,승용,남,27세,경상
2019070400100567,2019년 7월 4일 19시,목요일,대전광역시 서구 갈마동,경상사고,0,0,1,0,차대차 - 측면충돌,안전운전불이행,건조,맑음,교차로 - 교차로부근,승용,남,30세,상해없음,이륜,남,27세,경상
2019070400100568,2019년 7월 4일 19시,목요일,대전광역시 서구 갈마동,부상신고사고,0,0,0,1,차대차 - 측면충돌,안전거리미확보,건조,맑음,단일로 - 기타,이륜,남,20세,상해없음,이륜,남,17세,부상신고
2019070400100616,2019년 7월 4일 21시,목요일,대전광역시 중구 선화동,경상사고,0,0,1,0,차대차 - 기타,안전운전불이행,건조,맑음,단일로 - 기타,이륜,남,39세,상해없음,승용,여,51세,경상
2019070400100617,2019년 7월 4일 21시,목요일,대전광역시 중구 대흥동,경상사고,0,0,3,0,차대차 - 기타,교차로운행방법위반,건조,맑음,교차로 - 교차로안,승합,남,57세,상해없음,승용,남,56세,경상
2019070400100618,2019년 7월 4일 21시,목요일,대전광역시 동구 가양동,경상사고,0,0,1,0,차대차 - 측면충돌,신호위반,건조,맑음,교차로 - 교차로안,승합,남,35세,상해없음,이륜,남,21세,경상
2019070400100641,2019년 7월 4일 22시,목요일,대전광역시 대덕구 오정동,경상사고,0,0,1,0,차대차 - 추돌,안전운전불이행,건조,맑음,단일로 - 기타,승용,남,39세,상해없음,승용,남,31세,경상
2019070400100660,2019년 7월 4일 23시,목요일,대전광역시 대덕구 중리동,경상사고,0,0,1,0,차대사람 - 차도통행중,안전운전불이행,건조,맑음,단일로 - 기타,승용,남,44세,상해없음,보행자,남,26세,경상
2019070500100034,2019년 7월 5일 00시,금요일,대전광역시 유성구 지족동,부상신고사고,0,0,0,1,차량단독 - 기타,안전운전불이행,건조,맑음,단일로 - 기타,개인형이동수단(PM),남,53세,부상신고,,,,
2019070500100069,2019년 7월 5일 04시,금요일,대전광역시 서구 둔산동,경상사고,0,0,1,0,차대차 - 기타,신호위반,건조,맑음,단일로 - 지하차도(도로)내,승용,남,21세,상해없음,승용,여,56세,경상
2019070500100087,2019년 7월 5일 06시,금요일,대전광역시 서구 갈마동,경상사고,0,0,2,0,차대차 - 추돌,안전운전불이행,건조,맑음,교차로 - 교차로부근,승용,남,26세,상해없음,승용,남,63세,경상
2019070500100117,2019년 7월 5일 07시,금요일,대전광역시 서구 내동,경상사고,0,0,1,0,차대차 - 기타,신호위반,건조,맑음,교차로 - 교차로횡단보도내,자전거,남,12세,경상,승용,남,28세,상해없음
2019070500100118,2019년 7월 5일 07시,금요일,대전광역시 대덕구 상서동,경상사고,0,0,2,0,차대차 - 추돌,안전운전불이행,건조,맑음,단일로 - 기타,승용,남,34세,상해없음,승합,남,46세,경상
2019070500100173,2019년 7월 5일 08시,금요일,대전광역시 중구 오류동,경상사고,0,0,2,0,차대차 - 측면충돌,직진우회전진행방해,건조,맑음,교차로 - 교차로안,승용,여,27세,경상,승용,여,41세,경상
2019070500100174,2019년 7월 5일 08시,금요일,대전광역시 서구 둔산동,경상사고,0,0,1,0,차대차 - 추돌,안전운전불이행,건조,맑음,교차로 - 교차로안,승용,남,32세,상해없음,승용,남,36세,경상
2019070500100204,2019년 7월 5일 09시,금요일,대전광역시 대덕구 법동,중상사고,0,1,0,0,차대차 - 기타,안전운전불이행,건조,맑음,단일로 - 기타,승용,여,53세,상해없음,이륜,남,79세,중상
2019070500100224,2019년 7월 5일 10시,금요일,대전광역시 서구 둔산동,경상사고,0,0,1,0,차대차 - 기타,안전거리미확보,건조,맑음,교차로 - 교차로부근,화물,남,68세,상해없음,승용,여,61세,경상
2019070500100225,2019년 7월 5일 10시,금요일,대전광역시 서구 갈마동,경상사고,0,0,2,0,차대차 - 측면충돌,교차로운행방법위반,건조,맑음,교차로 - 교차로안,승합,남,53세,상해없음,승용,여,37세,경상
2019070500100226,2019년 7월 5일 10시,금요일,대전광역시 유성구 세동,경상사고,0,0,1,0,차대차 - 추돌,과속,건조,맑음,단일로 - 기타,승용,남,58세,기타불명,승용,여,49세,경상
2019070500100257,2019년 7월 5일 11시,금요일,대전광역시 동구 판암동,경상사고,0,0,1,0,차대사람 - 횡단중,보행자보호의무위반,건조,맑음,교차로 - 교차로안,승용,남,65세,상해없음,보행자,여,28세,경상
2019070500100258,2019년 7월 5일 11시,금요일,대전광역시 유성구 방동,경상사고,0,0,2,0,차대차 - 추돌,안전운전불이행,건조,맑음,교차로 - 교차로부근,승용,남,70세,상해없음,승용,여,37세,경상
2019070500100297,2019년 7월 5일 12시,금요일,대전광역시 중구 유천동,경상사고,0,0,1,0,차대차 - 측면충돌,안전운전불이행,건조,맑음,교차로 - 교차로안,원동기,여,67세,상해없음,자전거,남,76세,경상
2019070500100298,2019년 7월 5일 12시,금요일,대전광역시 유성구 봉명동,중상사고,0,1,0,0,차대사람 - 횡단중,신호위반,건조,맑음,단일로 - 기타,승용,여,45세,상해없음,보행자,남,8세,중상
2019070500100336,2019년 7월 5일 13시,금요일,대전광역시 유성구 반석동,중상사고,0,1,0,0,차대사람 - 횡단중,안전운전불이행,건조,맑음,교차로 - 교차로횡단보도내,승용,여,43세,상해없음,보행자,남,14세,중상
2019070500100364,2019년 7월 5일 14시,금요일,대전광역시 중구 산성동,경상사고,0,0,1,0,차대차 - 추돌,안전거리미확보,건조,맑음,단일로 - 교량,승용,남,47세,상해없음,승용,남,47세,경상
2019070500100404,2019년 7월 5일 15시,금요일,대전광역시 중구 산성동,경상사고,0,0,1,0,차대사람 - 횡단중,신호위반,건조,맑음,단일로 - 기타,화물,남,51세,상해없음,보행자,여,7세,경상
2019070500100405,2019년 7월 5일 15시,금요일,대전광역시 유성구 봉명동,경상사고,0,0,1,0,차대차 - 기타,신호위반,건조,맑음,교차로 - 교차로안,화물,남,51세,상해없음,자전거,남,48세,경상
2019070500100455,2019년 7월 5일 16시,금요일,대전광역시 서구 정림동,경상사고,0,0,5,0,차대차 - 추돌,안전운전불이행,건조,맑음,교차로 - 교차로부근,화물,남,62세,상해없음,승용,남,48세,경상
2019070500100456,2019년 7월 5일 16시,금요일,대전광역시 서구 갈마동,경상사고,0,0,1,0,차대차 - 기타,교차로운행방법위반,건조,맑음,교차로 - 교차로안,승용,남,23세,상해없음,이륜,남,60세,경상
2019070500100457,2019년 7월 5일 16시,금요일,대전광역시 서구 갈마동,경상사고,0,0,1,0,차대차 - 측면충돌,안전운전불이행,건조,맑음,교차로 - 교차로안,승용,남,22세,상해없음,승용,남,44세,경상
2019070500100509,2019년 7월 5일 17시,금요일,대전광역시 대덕구 중리동,경상사고,0,0,1,0,차대사람 - 기타,안전운전불이행,건조,맑음,단일로 - 기타,승용,여,42세,상해없음,보행자,남,11세,경상
2019070500100510,2019년 7월 5일 17시,금요일,대전광역시 대덕구 신대동,중상사고,0,1,3,0,차대차 - 추돌,안전거리미확보,건조,맑음,기타 - 기타,승용,남,24세,상해없음,승용,여,37세,경상
2019070500100511,2019년 7월 5일 17시,금요일,대전광역시 유성구 구암동,경상사고,0,0,1,0,차대차 - 추돌,안전운전불이행,건조,맑음,교차로 - 교차로부근,승용,남,32세,상해없음,승용,여,37세,경상
2019070500100562,2019년 7월 5일 18시,금요일,대전광역시 중구 산성동,경상사고,0,0,1,0,차대사람 - 횡단중,안전운전불이행,건조,맑음,교차로 - 교차로부근,승용,여,41세,상해없음,보행자,남,15세,경상
2019070500100563,2019년 7월 5일 18시,금요일,대전광역시 동구 낭월동,중상사고,0,1,0,0,차대사람 - 횡단중,보행자보호의무위반,건조,맑음,교차로 - 교차로횡단보도내,승용,여,43세,상해없음,보행자,남,61세,중상
2019070500100564,2019년 7월 5일 18시,금요일,대전광역시 대덕구 와동,경상사고,0,0,7,0,차대차 - 추돌,안전운전불이행,건조,맑음,기타 - 기타,화물,남,57세,기타불명,승용,남,27세,경상
2019070500100620,2019년 7월 5일 20시,금요일,대전광역시 중구 오류동,사망사고,1,0,0,0,차대사람 - 횡단중,안전운전불이행,건조,맑음,교차로 - 교차로안,승용,남,41세,상해없음,보행자,남,71세,사망
2019070500100621,2019년 7월 5일 20시,금요일,대전광역시 중구 은행동,경상사고,0,0,2,0,차대차 - 추돌,안전운전불이행,건조,맑음,단일로 - 기타,승용,여,38세,상해없음,승용,남,18세,경상
2019070500100622,2019년 7월 5일 20시,금요일,대전광역시 서구 탄방동,경상사고,0,0,1,0,차대차 - 기타,신호위반,건조,맑음,교차로 - 교차로안,승용,여,24세,상해없음,이륜,남,28세,경상
2019070500100659,2019년 7월 5일 21시,금요일,대전광역시 유성구 대정동,경상사고,0,0,1,0,차대차 - 기타,중앙선침범,건조,맑음,단일로 - 기타,승용,남,56세,상해없음,이륜,남,33세,경상
2019070500100660,2019년 7월 5일 21시,금요일,대전광역시 유성구 방현동,경상사고,0,0,3,0,차대차 - 측면충돌,신호위반,건조,맑음,교차로 - 교차로안,승용,남,51세,상해없음,승용,남,34세,경상
2019070500100674,2019년 7월 5일 22시,금요일,대전광역시 대덕구 석봉동,경상사고,0,0,2,0,차대차 - 측면충돌,안전운전불이행,건조,맑음,단일로 - 기타,특수,남,59세,상해없음,승용,남,35세,경상
2019070600100047,2019년 7월 6일 00시,토요일,대전광역시 서구 갈마동,중상사고,0,1,0,0,차대사람 - 기타,과속,건조,맑음,단일로 - 기타,승용,남,48세,상해없음,보행자,여,39세,중상
2019070600100048,2019년 7월 6일 00시,토요일,대전광역시 유성구 봉명동,경상사고,0,0,1,0,차대사람 - 길가장자리구역통행중,안전운전불이행,건조,맑음,단일로 - 기타,승용,남,33세,상해없음,보행자,남,39세,경상
2019070600100136,2019년 7월 6일 06시,토요일,대전광역시 유성구 노은동,경상사고,0,0,3,0,차대차 - 추돌,안전운전불이행,건조,맑음,교차로 - 교차로부근,승용,여,52세,상해없음,승용,남,69세,경상
2019070600100179,2019년 7월 6일 08시,토요일,대전광역시 대덕구 상서동,경상사고,0,0,1,0,차대차 - 기타,안전운전불이행,건조,맑음,단일로 - 기타,화물,남,57세,상해없음,승용,여,57세,경상
2019070600100208,2019년 7월 6일 09시,토요일,대전광역시 동구 용전동,경상사고,0,0,2,0,차대차 - 기타,기타,건조,맑음,교차로 - 교차로안,승용,여,29세,경상,승용,남,63세,경상
2019070600100209,2019년 7월 6일 09시,토요일,대전광역시 유성구 봉명동,경상사고,0,0,1,0,차대차 - 기타,안전운전불이행,건조,맑음,교차로 - 교차로부근,승용,남,78세,상해없음,화물,남,60세,상해없음
2019070600100245,2019년 7월 6일 10시,토요일,대전광역시 서구 월평동,중상사고,0,1,1,0,차대차 - 추돌,안전운전불이행,건조,맑음,단일로 - 기타,승용,남,59세,상해없음,승용,남,45세,경상
2019070600100280,2019년 7월 6일 11시,토요일,대전광역시 서구 내동,경상사고,0,0,1,0,차대차 - 측면충돌,안전운전불이행,건조,맑음,교차로 - 교차로횡단보도내,승용,남,27세,상해없음,자전거,여,50세,경상
2019070600100281,2019년 7월 6일 11시,토요일,대전광역시 서구 도안동,중상사고,0,1,2,0,차대차 - 추돌,안전운전불이행,건조,맑음,교차로 - 교차로부근,승용,여,36세,상해없음,승용,여,45세,경상
2019070600100336,2019년 7월 6일 12시,토요일,대전광역시 유성구 장대동,경상사고,0,0,1,0,차대차 - 측면충돌,안전운전불이행,건조,맑음,교차로 - 교차로안,화물,남,70세,상해없음,승용,여,22세,경상
2019070600100378,2019년 7월 6일 13시,토요일,대전광역시 동구 정동,중상사고,0,1,0,0,차대사람 - 기타,안전운전불이행,건조,맑음,단일로 - 기타,화물,남,71세,상해없음,보행자,남,56세,중상
2019070600100379,2019년 7월 6일 13시,토요일,대전광역시 동구 성남동,사망사고,1,0,0,0,차량단독 - 전도전복 - 전도,안전운전불이행,건조,맑음,단일로 - 지하차도(도로)내,자전거,남,71세,사망,,,,
2019070600100418,2019년 7월 6일 14시,토요일,대전광역시 중구 대사동,경상사고,0,0,1,0,차대차 - 측면충돌,안전거리미확보,건조,맑음,단일로 - 기타,승합,남,39세,상해없음,화물,남,23세,경상
2019070600100419,2019년 7월 6일 14시,토요일,대전광역시 서구 월평동,중상사고,0,1,1,0,차대차 - 기타,안전거리미확보,건조,맑음,교차로 - 교차로부근,승용,남,71세,상해없음,승용,여,35세,경상
2019070600100458,2019년 7월 6일 15시,토요일,대전광역시 동구 용전동,경상사고,0,0,7,0,차대차 - 측면충돌,안전운전불이행,건조,맑음,단일로 - 기타,승용,남,36세,경상,승용,여,46세,경상
2019070600100501,2019년 7월 6일 16시,토요일,대전광역시 서구 갈마동,경상사고,0,0,1,0,차대차 - 기타,안전거리미확보,건조,맑음,단일로 - 기타,화물,남,39세,상해없음,화물,남,62세,경상
2019070600100546,2019년 7월 6일 17시,토요일,대전광역시 중구 석교동,중상사고,0,1,1,0,차대차 - 기타,안전거리미확보,건조,맑음,단일로 - 기타,화물,남,46세,상해없음,승용,남,45세,상해없음
2019070600100547,2019년 7월 6일 17시,토요일,대전광역시 서구 관저동,경상사고,0,0,1,0,차대차 - 측면충돌,안전운전불이행,건조,맑음,단일로 - 기타,승용,여,28세,상해없음,승용,여,66세,경상
2019070600100548,2019년 7월 6일 17시,토요일,대전광역시 서구 둔산동,경상사고,0,0,1,0,차대차 - 기타,교차로운행방법위반,건조,맑음,교차로 - 교차로안,승용,여,37세,상해없음,승용,여,44세,경상
2019070600100577,2019년 7월 6일 18시,토요일,대전광역시 동구 판암동,중상사고,0,1,0,0,차대사람 - 기타,기타,건조,맑음,단일로 - 기타,승합,남,52세,상해없음,보행자,여,59세,중상
2019070600100578,2019년 7월 6일 18시,토요일,대전광역시 서구 관저동,경상사고,0,0,1,0,차대차 - 측면충돌,안전운전불이행,건조,맑음,단일로 - 기타,승용,남,54세,상해없음,승용,여,25세,경상
2019070600100635,2019년 7월 6일 20시,토요일,대전광역시 동구 용운동,경상사고,0,0,1,0,차대차 - 후진중충돌,안전운전불이행,건조,맑음,교차로 - 교차로부근,승용,남,22세,상해없음,이륜,남,28세,경상
2019070600100636,2019년 7월 6일 20시,토요일,대전광역시 대덕구 오정동,경상사고,0,0,3,0,차대차 - 기타,불법유턴,건조,맑음,교차로 - 교차로부근,승용,남,48세,기타불명,승합,남,59세,경상
2019070600100637,2019년 7월 6일 20시,토요일,대전광역시 서구 탄방동,중상사고,0,2,0,0,차대차 - 기타,안전운전불이행,건조,맑음,교차로 - 교차로부근,승용,여,41세,상해없음,승용,남,38세,중상
2019070600100704,2019년 7월 6일 22시,토요일,대전광역시 유성구 봉명동,경상사고,0,0,1,0,차대차 - 측면충돌,불법유턴,건조,맑음,단일로 - 기타,이륜,남,41세,상해없음,승용,남,45세,경상
2019070600100727,2019년 7월 6일 23시,토요일,대전광역시 서구 탄방동,경상사고,0,0,1,0,차대차 - 기타,안전거리미확보,젖음/습기,흐림,단일로 - 기타,기타불명,기타불명,미분류,기타불명,승용,여,47세,경상
2019070700100054,2019년 7월 7일 02시,일요일,대전광역시 대덕구 신탄진동,경상사고,0,0,2,0,차대차 - 기타,안전운전불이행,건조,맑음,교차로 - 교차로부근,승용,남,23세,상해없음,승용,남,26세,경상
2019070700100065,2019년 7월 7일 03시,일요일,대전광역시 서구 둔산동,경상사고,0,0,1,0,차대차 - 기타,신호위반,건조,맑음,교차로 - 교차로안,승용,남,25세,상해없음,승용,남,31세,경상
2019070700100206,2019년 7월 7일 12시,일요일,대전광역시 서구 월평동,경상사고,0,0,3,0,차대차 - 측면충돌,신호위반,건조,맑음,교차로 - 교차로안,승용,남,64세,상해없음,승용,남,51세,경상
2019070700100243,2019년 7월 7일 13시,일요일,대전광역시 중구 산성동,경상사고,0,0,1,0,차대차 - 측면충돌,안전운전불이행,건조,맑음,단일로 - 기타,승용,여,49세,상해없음,자전거,남,84세,경상
2019070700100244,2019년 7월 7일 13시,일요일,대전광역시 중구 대사동,경상사고,0,0,3,0,차대차 - 추돌,안전운전불이행,건조,맑음,교차로 - 교차로부근,승용,남,21세,상해없음,승용,남,28세,경상
2019070700100279,2019년 7월 7일 14시,일요일,대전광역시 동구 용운동,중상사고,0,2,1,0,차대차 - 기타,직진우회전진행방해,건조,맑음,교차로 - 교차로안,이륜,남,17세,경상,승용,남,38세,중상
2019070700100308,2019년 7월 7일 15시,일요일,대전광역시 서구 변동,경상사고,0,0,1,0,차대차 - 측면충돌,안전운전불이행,건조,맑음,단일로 - 기타,승용,남,43세,상해없음,승용,남,36세,경상
2019070700100354,2019년 7월 7일 16시,일요일,대전광역시 서구 월평동,중상사고,0,1,0,0,차대차 - 기타,안전운전불이행,건조,맑음,교차로 - 교차로안,승용,남,70세,상해없음,이륜,남,45세,중상
2019070700100407,2019년 7월 7일 18시,일요일,대전광역시 유성구 관평동,경상사고,0,0,1,0,차대사람 - 기타,안전운전불이행,건조,맑음,기타 - 기타,자전거,남,19세,상해없음,보행자,남,4세,경상
2019070700100455,2019년 7월 7일 20시,일요일,대전광역시 서구 탄방동,경상사고,0,0,1,0,차대차 - 기타,교차로운행방법위반,건조,맑음,교차로 - 교차로안,승용,남,29세,상해없음,화물,남,22세,경상
2019070700100477,2019년 7월 7일 21시,일요일,대전광역시 서구 도마동,경상사고,0,0,1,0,차대차 - 측면충돌,안전운전불이행,건조,맑음,교차로 - 교차로안,승용,여,59세,상해없음,승용,남,21세,경상
2019070800100047,2019년 7월 8일 03시,월요일,대전광역시 서구 월평동,중상사고,0,2,0,0,차대차 - 추돌,안전운전불이행,건조,맑음,교차로 - 교차로부근,화물,남,62세,상해없음,승용,남,35세,중상
2019070800100077,2019년 7월 8일 06시,월요일,대전광역시 서구 괴정동,경상사고,0,0,2,0,차대차 - 추돌,안전운전불이행,건조,맑음,단일로 - 기타,승용,남,34세,상해없음,화물,남,49세,경상
2019070800100098,2019년 7월 8일 07시,월요일,대전광역시 동구 가양동,경상사고,0,0,1,0,차대사람 - 기타,안전운전불이행,건조,맑음,교차로 - 교차로안,승용,남,59세,상해없음,보행자,남,60세,경상
2019070800100152,2019년 7월 8일 08시,월요일,대전광역시 동구 인동,중상사고,0,1,4,0,차대차 - 추돌,안전운전불이행,건조,맑음,단일로 - 기타,승용,남,60세,상해없음,승용,남,66세,경상
2019070800100153,2019년 7월 8일 08시,월요일,대전광역시 서구 탄방동,부상신고사고,0,0,0,1,차대차 - 기타,안전운전불이행,건조,맑음,교차로 - 교차로횡단보도내,승용,여,42세,상해없음,자전거,남,57세,부상신고
2019070800100191,2019년 7월 8일 09시,월요일,대전광역시 중구 사정동,중상사고,0,1,1,0,차대사람 - 횡단중,신호위반,건조,맑음,단일로 - 기타,승용,남,73세,상해없음,보행자,여,73세,중상
2019070800100192,2019년 7월 8일 09시,월요일,대전광역시 유성구 관평동,경상사고,0,0,1,0,차대차 - 기타,안전거리미확보,건조,맑음,교차로 - 교차로부근,승용,남,76세,상해없음,승용,남,47세,경상
2019070800100224,2019년 7월 8일 10시,월요일,대전광역시 동구 용전동,경상사고,0,0,1,0,차대차 - 측면충돌,안전거리미확보,건조,맑음,단일로 - 기타,승용,남,77세,상해없음,화물,남,41세,경상
2019070800100259,2019년 7월 8일 11시,월요일,대전광역시 동구 성남동,경상사고,0,0,4,0,차대차 - 측면충돌,차로위반,건조,맑음,단일로 - 지하차도(도로)내,승용,남,74세,상해없음,승용,남,23세,경상
2019070800100260,2019년 7월 8일 11시,월요일,대전광역시 동구 삼성동,경상사고,0,0,1,0,차대차 - 측면충돌,안전운전불이행,건조,맑음,단일로 - 기타,승용,남,65세,상해없음,승용,여,51세,경상
2019070800100261,2019년 7월 8일 11시,월요일,대전광역시 동구 용전동,경상사고,0,0,3,0,차대차 - 측면충돌,교차로운행방법위반,건조,맑음,교차로 - 교차로안,승용,남,77세,상해없음,승용,남,21세,경상
2019070800100262,2019년 7월 8일 11시,월요일,대전광역시 유성구 장대동,경상사고,0,0,3,0,차대차 - 추돌,안전거리미확보,건조,맑음,교차로 - 교차로안,승용,여,56세,상해없음,승용,여,46세,경상
2019070800100293,2019년 7월 8일 12시,월요일,대전광역시 서구 도마동,경상사고,0,0,1,0,차대차 - 측면충돌,신호위반,건조,맑음,교차로 - 교차로안,승용,남,26세,상해없음,승용,남,58세,경상
2019070800100294,2019년 7월 8일 12시,월요일,대전광역시 대덕구 송촌동,중상사고,0,1,0,0,차대사람 - 횡단중,보행자보호의무위반,건조,맑음,교차로 - 교차로횡단보도내,승용,남,37세,상해없음,보행자,여,64세,중상
2019070800100324,2019년 7월 8일 13시,월요일,대전광역시 서구 용문동,경상사고,0,0,2,0,차대차 - 측면충돌,안전운전불이행,건조,맑음,교차로 - 교차로부근,승용,남,48세,상해없음,승용,여,54세,경상
2019070800100355,2019년 7월 8일 14시,월요일,대전광역시 중구 부사동,경상사고,0,0,1,0,차대사람 - 보도통행중,안전운전불이행,건조,맑음,교차로 - 교차로부근,화물,남,61세,상해없음,보행자,여,79세,경상
2019070800100386,2019년 7월 8일 15시,월요일,대전광역시 중구 문화동,경상사고,0,0,1,0,차대사람 - 횡단중,보행자보호의무위반,건조,맑음,교차로 - 교차로횡단보도내,화물,남,70세,상해없음,보행자,남,8세,경상
2019070800100387,2019년 7월 8일 15시,월요일,대전광역시 중구 대흥동,경상사고,0,0,3,0,차대차 - 측면충돌,교차로운행방법위반,건조,맑음,교차로 - 교차로안,승용,남,86세,상해없음,승용,남,24세,경상
2019070800100388,2019년 7월 8일 15시,월요일,대전광역시 중구 부사동,경상사고,0,0,1,0,차대차 - 기타,안전운전불이행,건조,맑음,단일로 - 기타,승용,남,36세,상해없음,승용,남,65세,경상
2019070800100389,2019년 7월 8일 15시,월요일,대전광역시 서구 관저동,경상사고,0,0,1,0,차량단독 - 기타,안전운전불이행,건조,맑음,단일로 - 기타,승합,남,58세,상해없음,,,,
2019070800100462,2019년 7월 8일 17시,월요일,대전광역시 서구 용문동,경상사고,0,0,1,1,차대차 - 측면충돌,신호위반,건조,맑음,교차로 - 교차로안,승용,남,53세,상해없음,승용,남,62세,경상
2019070800100463,2019년 7월 8일 17시,월요일,대전광역시 유성구 원신흥동,경상사고,0,0,1,0,차대차 - 추돌,안전운전불이행,건조,맑음,교차로 - 교차로부근,승용,여,59세,상해없음,승용,남,29세,경상
2019070800100502,2019년 7월 8일 18시,월요일,대전광역시 동구 구도동,중상사고,0,2,1,0,차대차 - 정면충돌,신호위반,건조,맑음,교차로 - 교차로안,승용,여,60세,중상,특수,남,50세,경상
2019070800100503,2019년 7월 8일 18시,월요일,대전광역시 동구 소제동,경상사고,0,0,2,0,차대차 - 추돌,안전운전불이행,건조,맑음,교차로 - 교차로안,승용,남,42세,경상,화물,남,67세,경상
2019070800100537,2019년 7월 8일 19시,월요일,대전광역시 유성구 봉산동,경상사고,0,0,1,0,차대차 - 측면충돌,안전거리미확보,건조,맑음,단일로 - 기타,승용,남,36세,상해없음,승용,여,26세,경상
2019070800100538,2019년 7월 8일 19시,월요일,대전광역시 유성구 봉명동,경상사고,0,0,1,0,차량단독 - 기타,기타,건조,맑음,단일로 - 기타,승합,남,45세,상해없음,,,,