사고번호,사고일시,요일,시군구,사고내용,사망자수,중상자수,경상자수,부상신고자수,사고유형,법규위반,노면상태,기상상태,도로형태,가해운전자 차종,가해운전자 성별,가해운전자 연령,가해운전자 상해정도,피해운전자 차종,피해운전자 성별,피해운전자 연령,피해운전자 상해정도
2019070800100560,2019년 7월 8일 20시,월요일,대전광역시 유성구 전민동,경상사고,0,0,2,0,차대차 - 기타,안전운전불이행,건조,맑음,교차로 - 교차로안,승용,여,62세,상해없음,승용,여,28세,경상
2019070800100577,2019년 7월 8일 21시,월요일,대전광역시 중구 대흥동,경상사고,0,0,1,0,차대사람 - 기타,안전운전불이행,건조,맑음,단일로 - 기타,승용,남,38세,기타불명,보행자,여,24세,경상
2019070800100599,2019년 7월 8일 22시,월요일,대전광역시 동구 성남동,경상사고,0,0,1,0,차대사람 - 기타,안전운전불이행,건조,맑음,기타 - 기타,승용,남,52세,상해없음,보행자,남,39세,경상
2019070800100600,2019년 7월 8일 22시,월요일,대전광역시 서구 갈마동,경상사고,0,0,1,0,차대차 - 추돌,안전운전불이행,건조,맑음,교차로 - 교차로부근,승용,남,29세,상해없음,승용,여,50세,상해없음
2019070800100618,2019년 7월 8일 23시,월요일,대전광역시 대덕구 읍내동,중상사고,0,1,0,0,차대사람 - 기타,보행자보호의무위반,젖음/습기,흐림,교차로 - 교차로안,승용,여,36세,상해없음,보행자,남,39세,중상
2019070800100619,2019년 7월 8일 23시,월요일,대전광역시 유성구 장대동,경상사고,0,0,1,0,차대차 - 측면충돌,교차로운행방법위반,건조,맑음,교차로 - 교차로안,승용,남,28세,상해없음,승용,남,74세,상해없음
2019070900100034,2019년 7월 9일 00시,화요일,대전광역시 서구 갈마동,경상사고,0,0,2,0,차대차 - 측면충돌,중앙선침범,건조,맑음,교차로 - 교차로부근,승용,남,26세,상해없음,승용,여,58세,경상
2019070900100035,2019년 7월 9일 00시,화요일,대전광역시 서구 갈마동,경상사고,0,0,1,0,차대차 - 추돌,안전운전불이행,건조,맑음,교차로 - 교차로부근,승용,남,54세,상해없음,승용,기타불명,미분류,기타불명
2019070900100062,2019년 7월 9일 05시,화요일,대전광역시 서구 둔산동,부상신고사고,0,0,0,1,차대차 - 후진중충돌,안전운전불이행,건조,맑음,기타 - 기타,승용,남,25세,상해없음,승용,남,27세,부상신고
2019070900100114,2019년 7월 9일 07시,화요일,대전광역시 유성구 반석동,경상사고,0,0,2,0,차대차 - 측면충돌,신호위반,건조,맑음,교차로 - 교차로안,승용,여,29세,경상,승용,여,39세,경상
2019070900100164,2019년 7월 9일 08시,화요일,대전광역시 대덕구 문평동,경상사고,0,0,2,0,차대차 - 기타,신호위반,건조,맑음,교차로 - 교차로안,화물,남,44세,상해없음,승용,남,26세,경상
2019070900100165,2019년 7월 9일 08시,화요일,대전광역시 서구 갈마동,경상사고,0,0,1,0,차대차 - 측면충돌,안전거리미확보,건조,맑음,단일로 - 기타,승용,남,39세,상해없음,승용,남,30세,경상
2019070900100166,2019년 7월 9일 08시,화요일,대전광역시 유성구 도룡동,경상사고,0,0,1,0,차대차 - 기타,안전운전불이행,건조,맑음,교차로 - 교차로안,승용,남,77세,상해없음,화물,남,41세,경상
2019070900100167,2019년 7월 9일 08시,화요일,대전광역시 유성구 방동,경상사고,0,0,1,0,차대차 - 기타,안전운전불이행,건조,맑음,단일로 - 기타,승용,여,49세,상해없음,승용,여,36세,경상
2019070900100204,2019년 7월 9일 09시,화요일,대전광역시 중구 태평동,경상사고,0,0,2,0,차대차 - 측면충돌,교차로운행방법위반,건조,맑음,교차로 - 교차로안,승용,남,51세,상해없음,승용,여,54세,경상
2019070900100205,2019년 7월 9일 09시,화요일,대전광역시 대덕구 상서동,중상사고,0,1,0,0,차대사람 - 기타,기타,건조,맑음,단일로 - 기타,승합,남,59세,상해없음,보행자,여,76세,중상
2019070900100304,2019년 7월 9일 12시,화요일,대전광역시 동구 가오동,경상사고,0,0,1,0,차대차 - 측면충돌,교차로운행방법위반,건조,맑음,교차로 - 교차로안,승용,여,35세,상해없음,승용,남,27세,경상
2019070900100305,2019년 7월 9일 12시,화요일,대전광역시 서구 둔산동,경상사고,0,0,1,0,차대차 - 추돌,안전운전불이행,건조,맑음,교차로 - 교차로부근,승용,남,61세,상해없음,화물,남,35세,경상
2019070900100395,2019년 7월 9일 15시,화요일,대전광역시 유성구 봉명동,중상사고,0,1,0,0,차대사람 - 기타,기타,건조,맑음,기타 - 기타,화물,남,54세,상해없음,보행자,여,63세,중상
2019070900100431,2019년 7월 9일 16시,화요일,대전광역시 중구 은행동,중상사고,0,1,0,0,차대사람 - 기타,안전운전불이행,건조,맑음,단일로 - 기타,승용,여,44세,상해없음,보행자,남,58세,중상
2019070900100432,2019년 7월 9일 16시,화요일,대전광역시 서구 괴정동,경상사고,0,0,1,0,차대차 - 후진중충돌,안전운전불이행,건조,맑음,단일로 - 기타,승용,여,60세,상해없음,이륜,남,27세,경상
2019070900100433,2019년 7월 9일 16시,화요일,대전광역시 대덕구 비래동,경상사고,0,0,1,0,차대차 - 측면충돌,교차로운행방법위반,건조,맑음,교차로 - 교차로안,승용,여,41세,상해없음,승용,남,41세,경상
2019070900100468,2019년 7월 9일 17시,화요일,대전광역시 중구 용두동,경상사고,0,0,1,0,차대차 - 기타,안전거리미확보,건조,맑음,단일로 - 기타,승용,남,46세,상해없음,승용,여,56세,경상
2019070900100469,2019년 7월 9일 17시,화요일,대전광역시 서구 도마동,경상사고,0,0,1,0,차대차 - 측면충돌,안전운전불이행,건조,맑음,교차로 - 교차로안,화물,남,39세,상해없음,승용,여,60세,경상
2019070900100470,2019년 7월 9일 17시,화요일,대전광역시 유성구 관평동,경상사고,0,0,1,0,차대차 - 기타,신호위반,건조,맑음,교차로 - 교차로안,승용,여,44세,상해없음,승용,여,49세,경상
2019070900100516,2019년 7월 9일 18시,화요일,대전광역시 중구 옥계동,경상사고,0,0,1,0,차대차 - 후진중충돌,안전운전불이행,건조,맑음,교차로 - 교차로안,승용,여,34세,상해없음,승용,남,66세,경상
2019070900100517,2019년 7월 9일 18시,화요일,대전광역시 서구 관저동,경상사고,0,0,1,0,차대차 - 추돌,안전운전불이행,건조,맑음,단일로 - 기타,화물,남,35세,상해없음,승용,여,42세,경상
2019070900100606,2019년 7월 9일 21시,화요일,대전광역시 서구 월평동,경상사고,0,0,1,0,차대차 - 추돌,안전운전불이행,건조,맑음,교차로 - 교차로부근,승용,남,29세,상해없음,승용,여,47세,경상
2019070900100627,2019년 7월 9일 22시,화요일,대전광역시 동구 정동,경상사고,0,0,1,0,차대차 - 추돌,안전운전불이행,건조,맑음,단일로 - 기타,승용,남,55세,상해없음,승용,남,49세,상해없음
2019070900100628,2019년 7월 9일 22시,화요일,대전광역시 대덕구 오정동,경상사고,0,0,1,0,차대차 - 기타,교차로운행방법위반,건조,맑음,교차로 - 교차로안,이륜,남,25세,상해없음,이륜,남,21세,경상
2019070900100629,2019년 7월 9일 22시,화요일,대전광역시 서구 갈마동,경상사고,0,0,1,0,차대차 - 기타,안전운전불이행,건조,맑음,교차로 - 교차로부근,승용,여,49세,상해없음,승용,남,60세,경상
2019071000100051,2019년 7월 10일 02시,수요일,대전광역시 서구 둔산동,경상사고,0,0,1,0,차대차 - 기타,신호위반,건조,맑음,교차로 - 교차로안,화물,남,54세,상해없음,승용,남,39세,경상
2019071000100095,2019년 7월 10일 07시,수요일,대전광역시 서구 월평동,경상사고,0,0,1,0,차대차 - 추돌,안전거리미확보,건조,맑음,교차로 - 교차로부근,화물,남,66세,상해없음,승용,남,71세,경상
2019071000100164,2019년 7월 10일 09시,수요일,대전광역시 동구 신흥동,경상사고,0,0,1,0,차대차 - 정면충돌,안전운전불이행,건조,맑음,단일로 - 기타,건설기계,남,67세,상해없음,승용,여,66세,경상
2019071000100165,2019년 7월 10일 09시,수요일,대전광역시 서구 둔산동,경상사고,0,0,1,0,차대차 - 기타,신호위반,건조,맑음,교차로 - 교차로부근,승용,남,62세,상해없음,승용,여,59세,경상
2019071000100166,2019년 7월 10일 09시,수요일,대전광역시 서구 둔산동,경상사고,0,0,1,0,차대차 - 추돌,신호위반,건조,맑음,교차로 - 교차로안,승용,여,53세,상해없음,승용,여,41세,경상
2019071000100257,2019년 7월 10일 12시,수요일,대전광역시 유성구 도룡동,경상사고,0,0,1,0,차대차 - 측면충돌,안전운전불이행,젖음/습기,비,단일로 - 기타,승용,남,79세,상해없음,이륜,남,44세,경상
2019071000100258,2019년 7월 10일 12시,수요일,대전광역시 유성구 구암동,경상사고,0,0,1,0,차대차 - 기타,안전운전불이행,건조,맑음,교차로 - 교차로안,화물,남,72세,상해없음,자전거,남,61세,경상
2019071000100292,2019년 7월 10일 13시,수요일,대전광역시 서구 탄방동,경상사고,0,0,1,0,차대차 - 기타,신호위반,젖음/습기,비,교차로 - 교차로안,승용,여,52세,상해없음,승용,여,46세,경상
2019071000100317,2019년 7월 10일 14시,수요일,대전광역시 서구 복수동,중상사고,0,1,2,0,차대차 - 측면충돌,신호위반,젖음/습기,비,교차로 - 교차로안,승용,남,53세,상해없음,승용,여,37세,경상
2019071000100318,2019년 7월 10일 14시,수요일,대전광역시 유성구 장대동,경상사고,0,0,1,0,차대차 - 측면충돌,신호위반,젖음/습기,비,교차로 - 교차로안,승용,여,49세,상해없음,이륜,남,50세,경상
2019071000100319,2019년 7월 10일 14시,수요일,대전광역시 유성구 장대동,경상사고,0,0,4,0,차대차 - 측면충돌,신호위반,젖음/습기,비,교차로 - 교차로안,승용,남,66세,상해없음,승용,남,35세,경상
2019071000100351,2019년 7월 10일 15시,수요일,대전광역시 동구 가양동,경상사고,0,0,3,0,차대차 - 측면충돌,교차로운행방법위반,젖음/습기,비,교차로 - 교차로안,승용,남,23세,상해없음,승용,남,34세,경상
2019071000100434,2019년 7월 10일 17시,수요일,대전광역시 동구 가양동,경상사고,0,0,1,0,차대차 - 측면충돌,안전운전불이행,건조,맑음,단일로 - 기타,승용,남,69세,상해없음,승용,남,57세,경상
2019071000100435,2019년 7월 10일 17시,수요일,대전광역시 대덕구 대화동,경상사고,0,0,1,0,차대사람 - 기타,안전운전불이행,젖음/습기,비,단일로 - 기타,승용,남,73세,상해없음,보행자,남,8세,경상
2019071000100436,2019년 7월 10일 17시,수요일,대전광역시 유성구 궁동,경상사고,0,0,4,0,차대차 - 추돌,안전운전불이행,건조,맑음,단일로 - 기타,승용,여,32세,상해없음,승용,남,26세,경상
2019071000100490,2019년 7월 10일 18시,수요일,대전광역시 서구 도안동,경상사고,0,0,1,0,차대차 - 추돌,안전운전불이행,건조,맑음,단일로 - 지하차도(도로)내,승용,여,28세,상해없음,승용,여,52세,경상
2019071000100491,2019년 7월 10일 18시,수요일,대전광역시 유성구 대정동,경상사고,0,0,2,0,차대차 - 추돌,안전거리미확보,건조,맑음,단일로 - 기타,승용,여,42세,상해없음,승용,남,53세,경상
2019071000100535,2019년 7월 10일 19시,수요일,대전광역시 중구 유천동,중상사고,0,1,0,0,차대사람 - 기타,안전운전불이행,젖음/습기,비,교차로 - 교차로안,승용,여,38세,상해없음,보행자,남,54세,중상
2019071000100536,2019년 7월 10일 19시,수요일,대전광역시 서구 탄방동,경상사고,0,0,2,1,차대차 - 측면충돌,신호위반,젖음/습기,비,교차로 - 교차로부근,승용,남,70세,상해없음,승용,남,70세,경상
2019071000100578,2019년 7월 10일 20시,수요일,대전광역시 대덕구 송촌동,경상사고,0,0,1,0,차대차 - 기타,교차로운행방법위반,젖음/습기,비,교차로 - 교차로부근,이륜,남,36세,경상,승용,남,42세,상해없음
2019071000100579,2019년 7월 10일 20시,수요일,대전광역시 유성구 지족동,경상사고,0,0,1,0,차대차 - 기타,안전운전불이행,젖음/습기,비,교차로 - 교차로안,승용,남,47세,상해없음,이륜,남,26세,경상
2019071000100639,2019년 7월 10일 21시,수요일,대전광역시 대덕구 중리동,사망사고,1,0,0,0,차대차 - 정면충돌,신호위반,젖음/습기,비,교차로 - 교차로안,승용,여,62세,상해없음,원동기,남,64세,사망
2019071000100640,2019년 7월 10일 21시,수요일,대전광역시 서구 둔산동,경상사고,0,0,3,0,차대차 - 추돌,안전운전불이행,젖음/습기,비,단일로 - 기타,승용,남,59세,상해없음,승용,여,56세,경상
2019071000100641,2019년 7월 10일 21시,수요일,대전광역시 서구 탄방동,경상사고,0,0,2,0,차대차 - 측면충돌,신호위반,젖음/습기,비,교차로 - 교차로안,승용,남,40세,상해없음,승용,남,60세,경상
2019071000100642,2019년 7월 10일 21시,수요일,대전광역시 유성구 덕명동,경상사고,0,0,1,0,차대사람 - 기타,보행자보호의무위반,젖음/습기,비,단일로 - 기타,승용,여,55세,상해없음,보행자,여,41세,경상
2019071000100692,2019년 7월 10일 22시,수요일,대전광역시 동구 자양동,중상사고,0,1,0,0,차대차 - 기타,안전운전불이행,젖음/습기,비,교차로 - 교차로안,승용,남,61세,상해없음,이륜,남,57세,중상
2019071000100693,2019년 7월 10일 22시,수요일,대전광역시 서구 용문동,경상사고,0,0,1,0,차대사람 - 횡단중,보행자보호의무위반,젖음/습기,맑음,교차로 - 교차로횡단보도내,승용,남,58세,상해없음,보행자,남,28세,경상
2019071000100694,2019년 7월 10일 22시,수요일,대전광역시 대덕구 상서동,중상사고,0,1,0,0,차대차 - 추돌,안전운전불이행,젖음/습기,비,교차로 - 교차로부근,승용,남,68세,상해없음,승용,남,55세,중상
2019071100100035,2019년 7월 11일 00시,목요일,대전광역시 중구 은행동,경상사고,0,0,3,0,차대차 - 추돌,과속,젖음/습기,비,단일로 - 기타,승용,남,57세,상해없음,승용,남,64세,경상
2019071100100036,2019년 7월 11일 00시,목요일,대전광역시 서구 도마동,경상사고,0,0,1,0,차대차 - 추돌,안전운전불이행,젖음/습기,비,단일로 - 기타,승용,남,26세,상해없음,승용,남,47세,경상
2019071100100085,2019년 7월 11일 05시,목요일,대전광역시 유성구 봉명동,경상사고,0,0,1,0,차대사람 - 기타,보행자보호의무위반,젖음/습기,비,단일로 - 기타,승용,여,62세,상해없음,보행자,여,18세,경상
2019071100100097,2019년 7월 11일 06시,목요일,대전광역시 중구 사정동,경상사고,0,0,2,0,차대차 - 기타,안전운전불이행,젖음/습기,비,교차로 - 교차로안,승용,남,58세,상해없음,승용,남,47세,경상
2019071100100204,2019년 7월 11일 09시,목요일,대전광역시 대덕구 중리동,중상사고,0,1,0,0,차대사람 - 기타,안전운전불이행,젖음/습기,비,교차로 - 교차로안,승합,남,56세,상해없음,보행자,남,72세,중상
2019071100100205,2019년 7월 11일 09시,목요일,대전광역시 유성구 관평동,경상사고,0,0,1,0,차대차 - 측면충돌,교차로운행방법위반,건조,맑음,교차로 - 교차로안,승용,여,50세,경상,승용,남,46세,상해없음
2019071100100237,2019년 7월 11일 10시,목요일,대전광역시 중구 안영동,경상사고,0,0,1,0,차대차 - 측면충돌,안전운전불이행,젖음/습기,비,단일로 - 기타,화물,남,44세,상해없음,승용,여,74세,경상
2019071100100238,2019년 7월 11일 10시,목요일,대전광역시 대덕구 중리동,경상사고,0,0,2,0,차대차 - 기타,안전운전불이행,젖음/습기,비,교차로 - 교차로안,승용,남,64세,경상,승용,여,54세,경상
2019071100100263,2019년 7월 11일 11시,목요일,대전광역시 서구 도마동,경상사고,0,0,1,0,차대차 - 기타,안전운전불이행,건조,맑음,단일로 - 기타,이륜,남,69세,기타불명,이륜,남,25세,경상
2019071100100288,2019년 7월 11일 12시,목요일,대전광역시 서구 탄방동,경상사고,0,0,1,0,차대차 - 추돌,안전운전불이행,젖음/습기,비,교차로 - 교차로안,승용,여,33세,상해없음,화물,남,49세,경상
2019071100100345,2019년 7월 11일 14시,목요일,대전광역시 유성구 도룡동,경상사고,0,0,1,0,차대차 - 측면충돌,교차로운행방법위반,건조,맑음,교차로 - 교차로안,승용,여,63세,상해없음,승용,남,50세,경상
2019071100100382,2019년 7월 11일 15시,목요일,대전광역시 중구 태평동,경상사고,0,0,1,0,차대차 - 측면충돌,안전거리미확보,건조,맑음,단일로 - 기타,화물,남,48세,상해없음,승합,남,58세,경상
2019071100100383,2019년 7월 11일 15시,목요일,대전광역시 동구 구도동,경상사고,0,0,1,0,차대차 - 추돌,안전운전불이행,건조,맑음,교차로 - 교차로부근,승용,남,31세,상해없음,승용,여,34세,경상
2019071100100384,2019년 7월 11일 15시,목요일,대전광역시 유성구 봉명동,경상사고,0,0,1,0,차대차 - 측면충돌,교차로운행방법위반,건조,맑음,교차로 - 교차로안,승용,여,55세,상해없음,승용,남,34세,경상
2019071100100420,2019년 7월 11일 16시,목요일,대전광역시 동구 판암동,경상사고,0,0,1,0,차대차 - 측면충돌,안전운전불이행,건조,맑음,교차로 - 교차로안,승용,남,36세,상해없음,이륜,남,34세,경상
2019071100100421,2019년 7월 11일 16시,목요일,대전광역시 대덕구 중리동,중상사고,0,1,0,0,차대사람 - 기타,안전운전불이행,건조,맑음,기타 - 기타,승용,남,65세,상해없음,보행자,여,66세,중상
2019071100100466,2019년 7월 11일 17시,목요일,대전광역시 동구 삼성동,중상사고,0,1,0,0,차대사람 - 횡단중,안전운전불이행,젖음/습기,비,교차로 - 교차로부근,승용,여,54세,상해없음,보행자,남,58세,중상
2019071100100504,2019년 7월 11일 18시,목요일,대전광역시 서구 용문동,경상사고,0,0,1,0,차대차 - 기타,안전운전불이행,건조,맑음,교차로 - 교차로안,이륜,남,20세,경상,승용,남,52세,상해없음
2019071100100505,2019년 7월 11일 18시,목요일,대전광역시 서구 관저동,경상사고,0,0,1,0,차대차 - 측면충돌,중앙선침범,건조,맑음,교차로 - 교차로부근,승용,여,38세,상해없음,승용,남,48세,경상
2019071100100506,2019년 7월 11일 18시,목요일,대전광역시 서구 탄방동,경상사고,0,0,5,0,차대차 - 기타,안전운전불이행,건조,맑음,교차로 - 교차로부근,승용,남,29세,경상,승용,남,51세,경상
2019071100100569,2019년 7월 11일 20시,목요일,대전광역시 서구 관저동,경상사고,0,0,1,0,차대차 - 기타,안전운전불이행,건조,맑음,단일로 - 기타,승용,여,28세,상해없음,승용,남,37세,경상
2019071100100614,2019년 7월 11일 22시,목요일,대전광역시 중구 태평동,경상사고,0,0,1,0,차대차 - 기타,신호위반,건조,맑음,교차로 - 교차로안,승용,남,39세,상해없음,승용,남,26세,경상
2019071200100070,2019년 7월 12일 04시,금요일,대전광역시 서구 둔산동,경상사고,0,0,1,0,차대사람 - 차도통행중,안전운전불이행,건조,맑음,교차로 - 교차로안,승용,남,49세,상해없음,보행자,남,26세,경상
2019071200100085,2019년 7월 12일 06시,금요일,대전광역시 중구 무수동,경상사고,0,0,1,0,차대차 - 측면충돌,안전운전불이행,건조,맑음,교차로 - 교차로안,화물,남,66세,상해없음,승용,남,66세,경상
2019071200100086,2019년 7월 12일 06시,금요일,대전광역시 유성구 용산동,중상사고,0,1,0,0,차대차 - 기타,중앙선침범,건조,맑음,단일로 - 기타,승용,남,60세,상해없음,자전거,남,25세,중상
2019071200100120,2019년 7월 12일 07시,금요일,대전광역시 대덕구 중리동,중상사고,0,1,0,0,차대사람 - 기타,보행자보호의무위반,건조,맑음,단일로 - 기타,승용,여,49세,상해없음,보행자,여,84세,중상
2019071200100172,2019년 7월 12일 08시,금요일,대전광역시 서구 도마동,중상사고,0,1,0,0,차대사람 - 횡단중,신호위반,건조,맑음,단일로 - 기타,승용,여,61세,상해없음,보행자,남,39세,중상
2019071200100173,2019년 7월 12일 08시,금요일,대전광역시 유성구 반석동,경상사고,0,0,1,0,차대차 - 추돌,안전운전불이행,건조,맑음,단일로 - 기타,승용,남,37세,상해없음,승용,남,47세,경상
2019071200100207,2019년 7월 12일 09시,금요일,대전광역시 서구 도마동,경상사고,0,0,3,0,차대차 - 기타,안전운전불이행,건조,맑음,단일로 - 기타,승용,여,52세,상해없음,승합,남,52세,경상
2019071200100241,2019년 7월 12일 10시,금요일,대전광역시 동구 가양동,경상사고,0,0,3,0,차대차 - 측면충돌,안전운전불이행,건조,맑음,단일로 - 기타,승용,남,62세,상해없음,화물,남,25세,경상
2019071200100273,2019년 7월 12일 11시,금요일,대전광역시 서구 갈마동,경상사고,0,0,3,0,차대차 - 기타,중앙선침범,건조,맑음,교차로 - 교차로부근,이륜,남,28세,경상,승용,여,41세,경상
2019071200100274,2019년 7월 12일 11시,금요일,대전광역시 유성구 용계동,경상사고,0,0,3,0,차대차 - 측면충돌,신호위반,건조,맑음,교차로 - 교차로안,승용,남,49세,상해없음,승합,남,40세,경상
2019071200100275,2019년 7월 12일 11시,금요일,대전광역시 유성구 궁동,경상사고,0,0,5,0,차대차 - 측면충돌,안전거리미확보,건조,맑음,단일로 - 기타,승용,남,23세,상해없음,승용,여,40세,경상
2019071200100315,2019년 7월 12일 12시,금요일,대전광역시 서구 월평동,경상사고,0,0,3,0,차대차 - 추돌,안전운전불이행,건조,맑음,단일로 - 기타,승용,남,54세,상해없음,승용,여,48세,경상
2019071200100316,2019년 7월 12일 12시,금요일,대전광역시 서구 둔산동,경상사고,0,0,2,0,차대차 - 기타,안전거리미확보,건조,맑음,단일로 - 기타,승용,남,69세,상해없음,승용,남,35세,경상
2019071200100354,2019년 7월 12일 13시,금요일,대전광역시 중구 산성동,중상사고,0,2,1,0,차대차 - 정면충돌,중앙선침범,건조,맑음,단일로 - 기타,화물,여,61세,상해없음,승용,여,66세,중상
2019071200100355,2019년 7월 12일 13시,금요일,대전광역시 서구 가수원동,경상사고,0,0,1,0,차대차 - 측면충돌,신호위반,건조,맑음,교차로 - 교차로안,승용,여,36세,상해없음,승용,여,32세,경상
2019071200100385,2019년 7월 12일 14시,금요일,대전광역시 중구 선화동,경상사고,0,0,2,0,차대차 - 추돌,안전거리미확보,건조,맑음,단일로 - 기타,승용,여,39세,상해없음,승용,남,51세,경상
2019071200100386,2019년 7월 12일 14시,금요일,대전광역시 중구 유천동,중상사고,0,1,0,0,차대차 - 추돌,안전운전불이행,건조,기타,단일로 - 기타,승용,남,29세,상해없음,승용,여,43세,중상
2019071200100387,2019년 7월 12일 14시,금요일,대전광역시 서구 가장동,경상사고,0,0,1,0,차대차 - 추돌,안전운전불이행,건조,맑음,단일로 - 기타,승용,남,52세,상해없음,승용,남,42세,경상
2019071200100388,2019년 7월 12일 14시,금요일,대전광역시 유성구 방동,경상사고,0,0,3,0,차대차 - 측면충돌,교차로운행방법위반,건조,맑음,교차로 - 교차로안,승용,여,56세,상해없음,화물,남,40세,경상
2019071200100419,2019년 7월 12일 15시,금요일,대전광역시 동구 성남동,경상사고,0,0,1,0,차대차 - 추돌,안전거리미확보,건조,맑음,단일로 - 기타,승용,남,83세,상해없음,승용,남,49세,경상
2019071200100420,2019년 7월 12일 15시,금요일,대전광역시 유성구 구암동,경상사고,0,0,1,0,차대차 - 기타,직진우회전진행방해,건조,맑음,교차로 - 교차로안,승용,여,41세,상해없음,승용,여,50세,경상
2019071200100459,2019년 7월 12일 16시,금요일,대전광역시 중구 산성동,경상사고,0,0,1,0,차대차 - 측면충돌,신호위반,건조,맑음,교차로 - 교차로안,승용,여,50세,상해없음,화물,남,58세,경상
2019071200100460,2019년 7월 12일 16시,금요일,대전광역시 서구 도마동,중상사고,0,1,0,0,차대차 - 측면충돌,안전운전불이행,건조,맑음,교차로 - 교차로안,화물,남,56세,기타불명,이륜,남,34세,중상
2019071200100461,2019년 7월 12일 16시,금요일,대전광역시 대덕구 중리동,경상사고,0,0,1,0,차대사람 - 횡단중,보행자보호의무위반,건조,맑음,단일로 - 기타,승용,남,78세,기타불명,보행자,남,17세,경상
2019071200100462,2019년 7월 12일 16시,금요일,대전광역시 대덕구 중리동,중상사고,0,1,0,0,차대차 - 기타,안전운전불이행,건조,맑음,교차로 - 교차로횡단보도내,승용,남,32세,상해없음,자전거,남,12세,중상
2019071200100463,2019년 7월 12일 16시,금요일,대전광역시 서구 둔산동,경상사고,0,0,1,0,차대차 - 기타,안전운전불이행,건조,맑음,교차로 - 교차로부근,승용,남,33세,상해없음,승용,여,46세,경상
2019071200100521,2019년 7월 12일 17시,금요일,대전광역시 서구 둔산동,경상사고,0,0,3,0,차량단독 - 기타,안전운전불이행,건조,맑음,교차로 - 교차로안,승합,남,49세,상해없음,,,,
2019071200100581,2019년 7월 12일 18시,금요일,대전광역시 서구 둔산동,경상사고,0,0,1,0,차대차 - 측면충돌,안전거리미확보,건조,흐림,교차로 - 교차로안,이륜,남,39세,상해없음,승용,여,55세,경상
2019071200100582,2019년 7월 12일 18시,금요일,대전광역시 유성구 구암동,부상신고사고,0,0,0,1,차대사람 - 기타,안전운전불이행,건조,맑음,단일로 - 기타,승용,남,70세,상해없음,보행자,여,4세,부상신고
2019071200100623,2019년 7월 12일 19시,금요일,대전광역시 서구 관저동,경상사고,0,0,3,0,차대차 - 측면충돌,직진우회전진행방해,건조,맑음,교차로 - 교차로안,승용,여,25세,경상,이륜,남,27세,경상
2019071200100647,2019년 7월 12일 20시,금요일,대전광역시 동구 가양동,경상사고,0,0,1,0,차대사람 - 기타,안전운전불이행,젖음/습기,흐림,단일로 - 기타,승용,여,67세,상해없음,보행자,남,17세,경상
2019071200100648,2019년 7월 12일 20시,금요일,대전광역시 서구 관저동,경상사고,0,0,1,0,차대차 - 측면충돌,안전운전불이행,건조,맑음,교차로 - 교차로안,이륜,남,20세,경상,승용,남,30세,상해없음
2019071200100649,2019년 7월 12일 20시,금요일,대전광역시 서구 괴정동,경상사고,0,0,3,0,차대차 - 정면충돌,안전운전불이행,건조,맑음,교차로 - 교차로안,승용,여,61세,경상,승용,남,69세,경상
2019071200100650,2019년 7월 12일 20시,금요일,대전광역시 서구 둔산동,경상사고,0,0,1,0,차대차 - 측면충돌,중앙선침범,건조,맑음,단일로 - 기타,이륜,남,45세,상해없음,이륜,남,39세,경상
2019071200100676,2019년 7월 12일 21시,금요일,대전광역시 동구 판암동,경상사고,0,0,1,0,차대사람 - 기타,안전운전불이행,건조,맑음,단일로 - 기타,승용,남,61세,상해없음,보행자,남,64세,경상
2019071200100704,2019년 7월 12일 22시,금요일,대전광역시 동구 삼성동,경상사고,0,0,1,0,차대차 - 측면충돌,중앙선침범,건조,맑음,교차로 - 교차로안,자전거,남,68세,경상,승용,남,48세,상해없음
2019071200100705,2019년 7월 12일 22시,금요일,대전광역시 서구 탄방동,중상사고,0,1,0,1,차대차 - 기타,불법유턴,건조,맑음,단일로 - 기타,자전거,여,25세,중상,이륜,남,19세,부상신고
2019071200100727,2019년 7월 12일 23시,금요일,대전광역시 서구 만년동,경상사고,0,0,1,0,차대차 - 추돌,안전운전불이행,건조,맑음,교차로 - 교차로부근,승용,남,49세,상해없음,승용,남,22세,경상
2019071200100728,2019년 7월 12일 23시,금요일,대전광역시 서구 갈마동,경상사고,0,0,1,0,차대사람 - 기타,안전운전불이행,건조,맑음,교차로 - 교차로부근,승용,남,48세,상해없음,보행자,남,24세,경상
2019071300100039,2019년 7월 13일 00시,토요일,대전광역시 서구 변동,중상사고,0,1,0,0,차대사람 - 횡단중,신호위반,건조,맑음,교차로 - 교차로안,승용,남,34세,상해없음,보행자,남,47세,중상
2019071300100062,2019년 7월 13일 02시,토요일,대전광역시 서구 둔산동,경상사고,0,0,1,0,차대사람 - 기타,안전운전불이행,건조,맑음,단일로 - 기타,승용,남,51세,기타불명,보행자,남,26세,경상
2019071300100063,2019년 7월 13일 02시,토요일,대전광역시 유성구 봉명동,경상사고,0,0,1,0,차대차 - 추돌,안전운전불이행,건조,맑음,교차로 - 교차로부근,승용,남,19세,상해없음,승용,남,48세,경상
2019071300100112,2019년 7월 13일 07시,토요일,대전광역시 중구 문화동,중상사고,0,1,0,0,차대차 - 측면충돌,신호위반,건조,맑음,교차로 - 교차로안,승용,남,59세,상해없음,승용,남,30세,중상