사고번호,사고일시,요일,시군구,사고내용,사망자수,중상자수,경상자수,부상신고자수,사고유형,법규위반,노면상태,기상상태,도로형태,가해운전자 차종,가해운전자 성별,가해운전자 연령,가해운전자 상해정도,피해운전자 차종,피해운전자 성별,피해운전자 연령,피해운전자 상해정도
2019073000100502,2019년 7월 30일 17시,화요일,대전광역시 유성구 장대동,경상사고,0,0,1,0,차대차 - 추돌,안전운전불이행,건조,맑음,단일로 - 기타,화물,남,59세,상해없음,승용,여,57세,경상
2019073000100546,2019년 7월 30일 18시,화요일,대전광역시 유성구 원신흥동,경상사고,0,0,1,0,차대차 - 기타,안전운전불이행,건조,맑음,교차로 - 교차로부근,화물,남,56세,상해없음,승용,여,35세,경상
2019073000100579,2019년 7월 30일 19시,화요일,대전광역시 중구 대흥동,경상사고,0,0,1,0,차대차 - 측면충돌,신호위반,건조,맑음,교차로 - 교차로안,승용,여,61세,상해없음,원동기,남,30세,경상
2019073000100607,2019년 7월 30일 20시,화요일,대전광역시 동구 구도동,중상사고,0,1,0,0,차대차 - 정면충돌,안전운전불이행,건조,맑음,단일로 - 기타,자전거,남,21세,상해없음,자전거,남,53세,중상
2019073000100608,2019년 7월 30일 20시,화요일,대전광역시 유성구 봉명동,중상사고,0,1,0,0,차대사람 - 보도통행중,안전운전불이행,건조,맑음,교차로 - 교차로안,승용,남,61세,상해없음,보행자,여,30세,중상
2019073100100035,2019년 7월 31일 00시,수요일,대전광역시 동구 가양동,경상사고,0,0,3,0,차대차 - 정면충돌,교차로운행방법위반,건조,맑음,교차로 - 교차로안,승용,남,36세,상해없음,승용,남,63세,경상
2019073100100036,2019년 7월 31일 00시,수요일,대전광역시 서구 용문동,중상사고,0,1,2,0,차대차 - 측면충돌,신호위반,건조,맑음,교차로 - 교차로안,승용,여,27세,상해없음,승용,남,56세,중상
2019073100100072,2019년 7월 31일 05시,수요일,대전광역시 중구 선화동,경상사고,0,0,1,0,차대차 - 추돌,교차로운행방법위반,건조,맑음,교차로 - 교차로안,승용,남,46세,상해없음,화물,남,48세,상해없음
2019073100100083,2019년 7월 31일 06시,수요일,대전광역시 서구 갈마동,경상사고,0,0,1,0,차대차 - 기타,안전운전불이행,건조,맑음,단일로 - 기타,승용,남,36세,상해없음,자전거,여,36세,경상
2019073100100111,2019년 7월 31일 07시,수요일,대전광역시 중구 대흥동,경상사고,0,0,1,0,차대차 - 추돌,안전거리미확보,건조,맑음,단일로 - 기타,승용,남,48세,상해없음,승합,남,63세,상해없음
2019073100100139,2019년 7월 31일 08시,수요일,대전광역시 대덕구 오정동,경상사고,0,0,2,0,차대차 - 기타,안전운전불이행,건조,맑음,단일로 - 기타,승용,남,25세,상해없음,승용,여,31세,경상
2019073100100290,2019년 7월 31일 12시,수요일,대전광역시 동구 용전동,중상사고,0,1,0,0,차대차 - 측면충돌,신호위반,건조,맑음,교차로 - 교차로안,이륜,남,36세,상해없음,이륜,남,38세,중상
2019073100100291,2019년 7월 31일 12시,수요일,대전광역시 대덕구 신일동,경상사고,0,0,1,0,차대사람 - 횡단중,보행자보호의무위반,건조,맑음,교차로 - 교차로횡단보도내,승용,남,64세,기타불명,보행자,남,26세,경상
2019073100100292,2019년 7월 31일 12시,수요일,대전광역시 서구 둔산동,경상사고,0,0,1,0,차대차 - 측면충돌,교차로운행방법위반,건조,맑음,단일로 - 기타,승용,여,40세,상해없음,승용,여,36세,경상
2019073100100349,2019년 7월 31일 14시,수요일,대전광역시 동구 용전동,경상사고,0,0,3,0,차대차 - 측면충돌,안전운전불이행,건조,맑음,단일로 - 기타,승용,남,61세,상해없음,승용,남,41세,경상
2019073100100350,2019년 7월 31일 14시,수요일,대전광역시 서구 복수동,경상사고,0,0,1,0,차대차 - 기타,안전거리미확보,건조,맑음,교차로 - 교차로부근,승용,여,63세,상해없음,승용,남,32세,경상
2019073100100351,2019년 7월 31일 14시,수요일,대전광역시 유성구 봉명동,부상신고사고,0,0,0,2,차대차 - 후진중충돌,안전운전불이행,건조,맑음,교차로 - 교차로부근,승용,여,61세,부상신고,이륜,남,48세,부상신고
2019073100100422,2019년 7월 31일 16시,수요일,대전광역시 동구 원동,경상사고,0,0,2,0,차대차 - 추돌,안전운전불이행,건조,맑음,단일로 - 기타,승용,여,60세,상해없음,승용,여,52세,경상
2019073100100423,2019년 7월 31일 16시,수요일,대전광역시 동구 판암동,중상사고,0,1,0,0,차대차 - 측면충돌,안전거리미확보,건조,맑음,단일로 - 기타,화물,남,39세,상해없음,승용,남,45세,중상
2019073100100424,2019년 7월 31일 16시,수요일,대전광역시 동구 낭월동,경상사고,0,0,3,0,차대차 - 측면충돌,중앙선침범,건조,맑음,단일로 - 기타,승용,여,52세,상해없음,승용,남,46세,경상
2019073100100425,2019년 7월 31일 16시,수요일,대전광역시 대덕구 신탄진동,중상사고,0,1,0,0,차대사람 - 기타,보행자보호의무위반,건조,맑음,교차로 - 교차로횡단보도내,화물,남,48세,상해없음,보행자,여,7세,중상
2019073100100515,2019년 7월 31일 18시,수요일,대전광역시 중구 용두동,경상사고,0,0,2,0,차대차 - 측면충돌,직진우회전진행방해,건조,맑음,교차로 - 교차로안,승용,남,43세,상해없음,승용,여,36세,경상
2019073100100553,2019년 7월 31일 19시,수요일,대전광역시 유성구 탑립동,경상사고,0,0,1,1,차대차 - 기타,안전운전불이행,건조,맑음,단일로 - 기타,개인형이동수단(PM),남,52세,부상신고,자전거,남,36세,경상
2019073100100588,2019년 7월 31일 20시,수요일,대전광역시 중구 태평동,경상사고,0,0,2,0,차대차 - 측면충돌,안전운전불이행,건조,맑음,교차로 - 교차로부근,화물,남,53세,경상,이륜,남,32세,경상
2019073100100624,2019년 7월 31일 21시,수요일,대전광역시 서구 관저동,중상사고,0,1,0,1,차대차 - 측면충돌,안전거리미확보,건조,맑음,단일로 - 기타,승용,남,52세,상해없음,이륜,남,18세,중상
2019073100100658,2019년 7월 31일 22시,수요일,대전광역시 서구 용문동,경상사고,0,0,1,0,차대차 - 추돌,안전운전불이행,건조,맑음,교차로 - 교차로부근,승용,남,58세,기타불명,승용,남,35세,경상
2019073100100682,2019년 7월 31일 23시,수요일,대전광역시 유성구 궁동,경상사고,0,0,1,0,차대차 - 기타,안전거리미확보,건조,맑음,교차로 - 교차로안,승용,남,28세,상해없음,승용,남,67세,경상
2019080100100037,2019년 8월 1일 00시,목요일,대전광역시 중구 부사동,경상사고,0,0,1,0,차대차 - 측면충돌,신호위반,건조,맑음,교차로 - 교차로부근,승용,남,39세,상해없음,이륜,여,51세,경상
2019080100100122,2019년 8월 1일 07시,목요일,대전광역시 대덕구 오정동,경상사고,0,0,1,0,차대차 - 기타,안전운전불이행,건조,맑음,단일로 - 기타,화물,남,55세,기타불명,자전거,여,54세,경상
2019080100100155,2019년 8월 1일 08시,목요일,대전광역시 서구 갈마동,경상사고,0,0,1,0,차대차 - 기타,신호위반,건조,맑음,교차로 - 교차로안,승용,여,54세,상해없음,승용,남,25세,경상
2019080100100187,2019년 8월 1일 09시,목요일,대전광역시 중구 석교동,사망사고,1,0,1,0,차대차 - 측면충돌,안전운전불이행,건조,맑음,단일로 - 기타,자전거,남,78세,사망,승용,여,45세,경상
2019080100100188,2019년 8월 1일 09시,목요일,대전광역시 서구 도안동,경상사고,0,0,1,0,차대차 - 측면충돌,안전운전불이행,건조,맑음,교차로 - 교차로안,승용,여,31세,상해없음,승용,남,26세,경상
2019080100100222,2019년 8월 1일 10시,목요일,대전광역시 서구 탄방동,경상사고,0,0,1,0,차대사람 - 횡단중,보행자보호의무위반,건조,맑음,단일로 - 기타,화물,남,65세,상해없음,보행자,여,49세,경상
2019080100100302,2019년 8월 1일 12시,목요일,대전광역시 동구 가양동,경상사고,0,0,3,0,차대차 - 측면충돌,교차로운행방법위반,건조,맑음,교차로 - 교차로안,승용,남,52세,경상,승용,남,38세,경상
2019080100100303,2019년 8월 1일 12시,목요일,대전광역시 대덕구 오정동,경상사고,0,0,1,0,차대사람 - 길가장자리구역통행중,안전운전불이행,건조,맑음,단일로 - 기타,화물,남,64세,상해없음,보행자,여,27세,경상
2019080100100304,2019년 8월 1일 12시,목요일,대전광역시 유성구 원내동,경상사고,0,0,5,0,차대차 - 기타,신호위반,건조,맑음,교차로 - 교차로안,승용,남,79세,경상,승용,남,35세,경상
2019080100100404,2019년 8월 1일 15시,목요일,대전광역시 서구 변동,경상사고,0,0,2,0,차대차 - 측면충돌,과속,건조,맑음,교차로 - 교차로안,승용,남,26세,상해없음,승용,남,38세,경상
2019080100100405,2019년 8월 1일 15시,목요일,대전광역시 서구 둔산동,중상사고,0,1,0,1,차대차 - 기타,중앙선침범,건조,맑음,교차로 - 교차로안,이륜,남,57세,부상신고,승용,남,62세,중상
2019080100100406,2019년 8월 1일 15시,목요일,대전광역시 유성구 봉명동,중상사고,0,1,0,0,차대사람 - 기타,안전운전불이행,건조,맑음,교차로 - 교차로안,승용,남,31세,상해없음,보행자,여,80세,중상
2019080100100492,2019년 8월 1일 17시,목요일,대전광역시 서구 탄방동,경상사고,0,0,5,0,차대차 - 기타,안전운전불이행,건조,맑음,교차로 - 교차로안,승용,남,36세,경상,승용,남,34세,경상
2019080100100541,2019년 8월 1일 18시,목요일,대전광역시 서구 용문동,경상사고,0,0,2,0,차대차 - 측면충돌,안전운전불이행,건조,맑음,교차로 - 교차로안,승용,남,65세,상해없음,승용,남,29세,경상
2019080100100542,2019년 8월 1일 18시,목요일,대전광역시 서구 괴정동,중상사고,0,1,0,0,차대사람 - 횡단중,안전운전불이행,건조,맑음,단일로 - 기타,승용,남,29세,상해없음,보행자,남,77세,중상
2019080100100543,2019년 8월 1일 18시,목요일,대전광역시 서구 월평동,경상사고,0,0,1,0,차대차 - 추돌,안전운전불이행,건조,맑음,교차로 - 교차로부근,승용,여,41세,상해없음,승용,남,44세,경상
2019080100100614,2019년 8월 1일 20시,목요일,대전광역시 서구 월평동,중상사고,0,1,0,0,차대차 - 측면충돌,안전운전불이행,건조,맑음,단일로 - 기타,승용,여,37세,상해없음,자전거,여,52세,중상
2019080100100615,2019년 8월 1일 20시,목요일,대전광역시 유성구 원신흥동,경상사고,0,0,1,0,차대사람 - 보도통행중,기타,건조,맑음,기타 - 기타,원동기,남,29세,상해없음,보행자,남,1세,경상
2019080100100642,2019년 8월 1일 21시,목요일,대전광역시 서구 괴정동,경상사고,0,0,1,0,차대차 - 추돌,기타,건조,맑음,단일로 - 기타,승용,남,52세,상해없음,이륜,남,24세,경상
2019080100100679,2019년 8월 1일 23시,목요일,대전광역시 유성구 죽동,경상사고,0,0,1,0,차대차 - 측면충돌,신호위반,건조,맑음,교차로 - 교차로안,승용,남,26세,상해없음,승용,남,19세,경상
2019080100100680,2019년 8월 1일 23시,목요일,대전광역시 유성구 장대동,경상사고,0,0,3,1,차대차 - 측면충돌,안전거리미확보,건조,맑음,교차로 - 교차로부근,승용,남,24세,경상,승용,남,56세,부상신고
2019080200100040,2019년 8월 2일 00시,금요일,대전광역시 중구 대사동,중상사고,0,1,0,0,차대차 - 측면충돌,신호위반,건조,맑음,교차로 - 교차로안,승용,남,20세,상해없음,승용,여,52세,중상
2019080200100064,2019년 8월 2일 03시,금요일,대전광역시 서구 월평동,중상사고,0,1,0,0,차량단독 - 기타,안전운전불이행,건조,맑음,단일로 - 기타,이륜,남,29세,중상,,,,
2019080200100092,2019년 8월 2일 06시,금요일,대전광역시 서구 괴정동,경상사고,0,0,1,0,차대차 - 측면충돌,교차로운행방법위반,건조,맑음,교차로 - 교차로안,개인형이동수단(PM),남,23세,경상,승용,여,58세,상해없음
2019080200100133,2019년 8월 2일 08시,금요일,대전광역시 동구 가양동,경상사고,0,0,1,0,차대차 - 측면충돌,교차로운행방법위반,건조,맑음,교차로 - 교차로안,승용,여,27세,상해없음,승용,남,64세,경상
2019080200100157,2019년 8월 2일 09시,금요일,대전광역시 서구 정림동,경상사고,0,0,1,0,차대차 - 기타,안전운전불이행,건조,맑음,단일로 - 기타,승용,여,46세,상해없음,승용,여,23세,경상
2019080200100158,2019년 8월 2일 09시,금요일,대전광역시 서구 탄방동,경상사고,0,0,1,0,차대차 - 후진중충돌,안전운전불이행,건조,맑음,교차로 - 교차로부근,승용,남,66세,상해없음,승용,여,34세,경상
2019080200100188,2019년 8월 2일 10시,금요일,대전광역시 동구 자양동,경상사고,0,0,2,0,차대차 - 측면충돌,안전운전불이행,건조,맑음,단일로 - 기타,승용,여,23세,경상,승용,여,34세,경상
2019080200100236,2019년 8월 2일 11시,금요일,대전광역시 중구 안영동,경상사고,0,0,2,0,차대차 - 추돌,안전운전불이행,건조,맑음,단일로 - 교량,화물,남,33세,상해없음,화물,남,62세,경상
2019080200100237,2019년 8월 2일 11시,금요일,대전광역시 서구 탄방동,중상사고,0,1,0,0,차대사람 - 횡단중,신호위반,건조,맑음,교차로 - 교차로안,승용,여,28세,상해없음,보행자,남,24세,중상
2019080200100271,2019년 8월 2일 12시,금요일,대전광역시 동구 홍도동,경상사고,0,0,1,0,차대차 - 측면충돌,교차로운행방법위반,건조,맑음,교차로 - 교차로안,승용,여,60세,상해없음,승용,남,36세,경상
2019080200100272,2019년 8월 2일 12시,금요일,대전광역시 서구 둔산동,경상사고,0,0,2,0,차대차 - 측면충돌,신호위반,건조,맑음,교차로 - 교차로안,승용,남,47세,상해없음,특수,남,38세,경상
2019080200100308,2019년 8월 2일 13시,금요일,대전광역시 대덕구 읍내동,경상사고,0,0,3,0,차대차 - 기타,중앙선침범,건조,맑음,단일로 - 기타,승용,남,76세,상해없음,승용,남,70세,경상
2019080200100309,2019년 8월 2일 13시,금요일,대전광역시 서구 갈마동,경상사고,0,0,3,2,차대차 - 추돌,안전운전불이행,건조,맑음,교차로 - 교차로안,승용,여,33세,상해없음,승용,남,37세,경상
2019080200100310,2019년 8월 2일 13시,금요일,대전광역시 서구 둔산동,중상사고,0,1,0,0,차대차 - 측면충돌,기타,건조,맑음,단일로 - 기타,승용,여,52세,상해없음,이륜,남,45세,중상
2019080200100395,2019년 8월 2일 15시,금요일,대전광역시 중구 용두동,경상사고,0,0,1,0,차대사람 - 기타,안전운전불이행,건조,맑음,단일로 - 기타,승용,여,64세,상해없음,보행자,여,48세,경상
2019080200100396,2019년 8월 2일 15시,금요일,대전광역시 중구 부사동,경상사고,0,0,1,0,차대사람 - 기타,안전운전불이행,건조,맑음,단일로 - 기타,승용,남,37세,상해없음,보행자,남,53세,경상
2019080200100397,2019년 8월 2일 15시,금요일,대전광역시 서구 둔산동,경상사고,0,0,1,0,차대차 - 추돌,안전운전불이행,건조,맑음,교차로 - 교차로안,승용,여,39세,상해없음,승용,여,51세,경상
2019080200100398,2019년 8월 2일 15시,금요일,대전광역시 유성구 덕명동,경상사고,0,0,2,0,차대차 - 추돌,안전운전불이행,건조,맑음,단일로 - 기타,승합,남,49세,상해없음,승용,여,63세,경상
2019080200100399,2019년 8월 2일 15시,금요일,대전광역시 유성구 죽동,경상사고,0,0,1,0,차대차 - 기타,안전거리미확보,건조,맑음,단일로 - 기타,승용,남,22세,상해없음,화물,여,55세,경상
2019080200100494,2019년 8월 2일 17시,금요일,대전광역시 유성구 원신흥동,경상사고,0,0,1,0,차대차 - 기타,신호위반,건조,맑음,교차로 - 교차로부근,승용,남,58세,상해없음,승용,여,42세,경상
2019080200100548,2019년 8월 2일 18시,금요일,대전광역시 동구 천동,경상사고,0,0,1,0,차대차 - 기타,직진우회전진행방해,건조,맑음,교차로 - 교차로안,승용,여,39세,경상,승용,남,40세,상해없음
2019080200100549,2019년 8월 2일 18시,금요일,대전광역시 서구 둔산동,중상사고,0,1,2,0,차대차 - 추돌,안전운전불이행,건조,맑음,단일로 - 기타,승용,여,40세,상해없음,승용,여,57세,중상
2019080200100587,2019년 8월 2일 19시,금요일,대전광역시 서구 둔산동,부상신고사고,0,0,0,2,차대차 - 추돌,안전거리미확보,건조,맑음,교차로 - 교차로부근,화물,남,66세,상해없음,승용,남,66세,부상신고
2019080200100626,2019년 8월 2일 20시,금요일,대전광역시 서구 갈마동,경상사고,0,0,1,0,차대차 - 기타,안전운전불이행,건조,맑음,단일로 - 기타,승용,여,67세,상해없음,이륜,남,27세,경상
2019080200100659,2019년 8월 2일 21시,금요일,대전광역시 서구 둔산동,경상사고,0,0,1,1,차대차 - 측면충돌,안전운전불이행,건조,맑음,교차로 - 교차로안,승용,남,61세,상해없음,승용,여,41세,경상
2019080200100660,2019년 8월 2일 21시,금요일,대전광역시 서구 탄방동,경상사고,0,0,1,0,차대차 - 기타,신호위반,건조,맑음,교차로 - 교차로안,승용,남,48세,상해없음,승용,남,58세,경상
2019080200100661,2019년 8월 2일 21시,금요일,대전광역시 서구 탄방동,경상사고,0,0,5,0,차대차 - 기타,교차로운행방법위반,건조,맑음,교차로 - 교차로안,특수,남,25세,상해없음,승용,남,42세,경상
2019080200100688,2019년 8월 2일 22시,금요일,대전광역시 중구 목동,부상신고사고,0,0,0,1,차량단독 - 전도전복 - 전도,안전운전불이행,건조,맑음,단일로 - 기타,자전거,남,15세,부상신고,,,,
2019080200100689,2019년 8월 2일 22시,금요일,대전광역시 서구 둔산동,경상사고,0,0,3,0,차대차 - 기타,안전거리미확보,건조,맑음,교차로 - 교차로부근,승합,남,61세,상해없음,승용,남,27세,경상
2019080300100036,2019년 8월 3일 00시,토요일,대전광역시 서구 가장동,경상사고,0,0,2,0,차대차 - 추돌,안전거리미확보,건조,맑음,단일로 - 기타,승용,남,32세,상해없음,승용,여,28세,경상
2019080300100037,2019년 8월 3일 00시,토요일,대전광역시 유성구 관평동,중상사고,0,1,1,1,차대차 - 측면충돌,신호위반,건조,맑음,교차로 - 교차로안,승용,남,46세,경상,승용,남,68세,중상
2019080300100048,2019년 8월 3일 01시,토요일,대전광역시 중구 목동,경상사고,0,0,2,0,차대차 - 추돌,안전운전불이행,건조,맑음,교차로 - 교차로부근,승용,남,28세,상해없음,승용,남,25세,경상
2019080300100055,2019년 8월 3일 02시,토요일,대전광역시 유성구 계산동,경상사고,0,0,1,0,차대차 - 기타,안전운전불이행,건조,맑음,단일로 - 기타,승용,남,32세,상해없음,승용,여,31세,경상
2019080300100146,2019년 8월 3일 09시,토요일,대전광역시 동구 삼성동,경상사고,0,0,1,0,차대차 - 기타,안전운전불이행,건조,맑음,교차로 - 교차로부근,승용,여,58세,상해없음,승용,남,60세,경상
2019080300100179,2019년 8월 3일 10시,토요일,대전광역시 대덕구 비래동,경상사고,0,0,1,0,차대차 - 측면충돌,교차로운행방법위반,건조,맑음,교차로 - 교차로안,승용,남,69세,상해없음,승용,남,29세,경상
2019080300100208,2019년 8월 3일 11시,토요일,대전광역시 유성구 봉명동,경상사고,0,0,2,0,차대차 - 추돌,안전운전불이행,건조,맑음,단일로 - 기타,승용,남,37세,기타불명,승용,남,76세,경상
2019080300100238,2019년 8월 3일 12시,토요일,대전광역시 유성구 장대동,경상사고,0,0,2,0,차대차 - 추돌,안전운전불이행,건조,맑음,단일로 - 기타,승용,남,32세,상해없음,승용,남,41세,경상
2019080300100287,2019년 8월 3일 13시,토요일,대전광역시 유성구 방동,경상사고,0,0,1,0,차대차 - 추돌,안전거리미확보,건조,맑음,단일로 - 기타,화물,남,71세,기타불명,승용,남,30세,경상
2019080300100347,2019년 8월 3일 15시,토요일,대전광역시 유성구 봉명동,경상사고,0,0,2,0,차대차 - 기타,신호위반,건조,맑음,단일로 - 기타,승용,남,38세,상해없음,승합,남,38세,경상
2019080300100407,2019년 8월 3일 17시,토요일,대전광역시 대덕구 비래동,경상사고,0,0,2,0,차대차 - 기타,안전운전불이행,건조,맑음,교차로 - 교차로부근,승용,남,46세,상해없음,승용,남,44세,경상
2019080300100464,2019년 8월 3일 19시,토요일,대전광역시 서구 용문동,부상신고사고,0,0,0,1,차대차 - 기타,안전운전불이행,건조,맑음,교차로 - 교차로안,승용,여,55세,부상신고,이륜,남,24세,상해없음
2019080300100465,2019년 8월 3일 19시,토요일,대전광역시 대덕구 비래동,중상사고,0,1,0,0,차대사람 - 기타,안전운전불이행,건조,맑음,단일로 - 기타,승용,남,42세,상해없음,보행자,남,77세,중상
2019080300100523,2019년 8월 3일 21시,토요일,대전광역시 중구 문화동,경상사고,0,0,1,0,차대차 - 후진중충돌,안전운전불이행,건조,맑음,교차로 - 교차로안,승합,남,67세,기타불명,이륜,남,71세,경상
2019080300100524,2019년 8월 3일 21시,토요일,대전광역시 동구 자양동,경상사고,0,0,1,0,차대차 - 측면충돌,안전거리미확보,건조,맑음,단일로 - 기타,이륜,남,19세,경상,승용,남,30세,상해없음
2019080300100548,2019년 8월 3일 22시,토요일,대전광역시 서구 둔산동,경상사고,0,0,1,0,차대사람 - 기타,안전운전불이행,건조,맑음,교차로 - 교차로안,승용,여,52세,상해없음,보행자,남,25세,경상
2019080300100567,2019년 8월 3일 23시,토요일,대전광역시 서구 관저동,경상사고,0,0,1,0,차대차 - 기타,안전운전불이행,건조,맑음,교차로 - 교차로부근,승용,남,21세,상해없음,승용,여,45세,경상
2019080400100054,2019년 8월 4일 01시,일요일,대전광역시 서구 흑석동,부상신고사고,0,0,0,1,차량단독 - 기타,안전운전불이행,건조,맑음,단일로 - 기타,승용,남,28세,부상신고,,,,
2019080400100118,2019년 8월 4일 07시,일요일,대전광역시 서구 도마동,경상사고,0,0,1,0,차대차 - 기타,중앙선침범,건조,맑음,단일로 - 기타,승용,남,59세,기타불명,승용,남,32세,경상
2019080400100119,2019년 8월 4일 07시,일요일,대전광역시 서구 월평동,경상사고,0,0,1,0,차대차 - 추돌,안전운전불이행,건조,맑음,단일로 - 기타,승용,남,51세,상해없음,화물,남,48세,경상
2019080400100141,2019년 8월 4일 09시,일요일,대전광역시 중구 유천동,경상사고,0,0,1,0,차대차 - 측면충돌,안전운전불이행,건조,맑음,기타 - 기타,승용,여,33세,상해없음,자전거,남,76세,경상
2019080400100142,2019년 8월 4일 09시,일요일,대전광역시 동구 대동,경상사고,0,0,2,0,차대차 - 측면충돌,안전운전불이행,건조,맑음,교차로 - 교차로안,승용,여,63세,상해없음,승용,남,69세,경상
2019080400100167,2019년 8월 4일 10시,일요일,대전광역시 서구 용문동,경상사고,0,0,1,0,차대사람 - 기타,안전운전불이행,건조,맑음,교차로 - 교차로부근,화물,남,56세,상해없음,보행자,남,25세,경상
2019080400100189,2019년 8월 4일 11시,일요일,대전광역시 중구 유천동,경상사고,0,0,4,0,차대차 - 추돌,안전운전불이행,건조,맑음,단일로 - 기타,승용,남,41세,상해없음,승용,남,40세,경상
2019080400100190,2019년 8월 4일 11시,일요일,대전광역시 대덕구 중리동,경상사고,0,0,6,0,차대차 - 기타,직진우회전진행방해,건조,맑음,교차로 - 교차로안,승용,남,45세,경상,승용,남,46세,경상
2019080400100225,2019년 8월 4일 12시,일요일,대전광역시 동구 대성동,경상사고,0,0,3,0,차대차 - 추돌,안전운전불이행,건조,맑음,교차로 - 교차로안,승용,남,63세,상해없음,승용,여,48세,경상
2019080400100226,2019년 8월 4일 12시,일요일,대전광역시 동구 자양동,중상사고,0,1,0,0,차대차 - 측면충돌,안전운전불이행,건조,맑음,교차로 - 교차로안,이륜,남,43세,중상,화물,남,49세,상해없음
2019080400100256,2019년 8월 4일 13시,일요일,대전광역시 동구 용전동,경상사고,0,0,1,0,차대차 - 기타,안전운전불이행,건조,맑음,교차로 - 교차로부근,승용,남,49세,상해없음,기타불명,기타불명,미분류,기타불명
2019080400100257,2019년 8월 4일 13시,일요일,대전광역시 유성구 봉명동,중상사고,0,4,1,0,차대차 - 측면충돌,신호위반,건조,맑음,교차로 - 교차로안,승합,남,30세,경상,승용,남,24세,중상
2019080400100314,2019년 8월 4일 15시,일요일,대전광역시 대덕구 덕암동,경상사고,0,0,1,1,차대차 - 측면충돌,직진우회전진행방해,건조,맑음,교차로 - 교차로안,승용,남,67세,상해없음,승용,남,26세,경상
2019080400100447,2019년 8월 4일 19시,일요일,대전광역시 서구 도마동,경상사고,0,0,4,0,차대차 - 측면충돌,안전운전불이행,건조,맑음,단일로 - 기타,승용,여,33세,경상,승용,여,54세,경상
2019080400100448,2019년 8월 4일 19시,일요일,대전광역시 유성구 장대동,부상신고사고,0,0,0,1,차대사람 - 기타,안전운전불이행,건조,맑음,단일로 - 기타,승용,여,58세,상해없음,보행자,여,18세,부상신고
2019080400100510,2019년 8월 4일 22시,일요일,대전광역시 서구 둔산동,중상사고,0,1,0,0,차대사람 - 기타,안전운전불이행,젖음/습기,흐림,단일로 - 기타,승용,남,24세,상해없음,보행자,여,23세,중상
2019080500100033,2019년 8월 5일 01시,월요일,대전광역시 중구 용두동,경상사고,0,0,3,0,차대차 - 측면충돌,교차로운행방법위반,건조,맑음,교차로 - 교차로안,승용,여,50세,경상,원동기,남,19세,경상
2019080500100062,2019년 8월 5일 05시,월요일,대전광역시 서구 도안동,사망사고,1,1,0,0,차량단독 - 기타,안전운전불이행,건조,맑음,단일로 - 기타,화물,남,64세,사망,,,,
2019080500100097,2019년 8월 5일 07시,월요일,대전광역시 대덕구 중리동,경상사고,0,0,3,0,차대차 - 추돌,안전거리미확보,건조,맑음,기타 - 기타,승용,남,57세,상해없음,승용,남,30세,상해없음
2019080500100245,2019년 8월 5일 11시,월요일,대전광역시 중구 오류동,경상사고,0,0,1,1,차대차 - 추돌,안전운전불이행,건조,맑음,단일로 - 교량,화물,남,35세,상해없음,화물,남,72세,부상신고
2019080500100246,2019년 8월 5일 11시,월요일,대전광역시 서구 변동,경상사고,0,0,1,0,차대차 - 측면충돌,안전운전불이행,건조,맑음,교차로 - 교차로안,자전거,남,53세,경상,승용,여,31세,상해없음
2019080500100247,2019년 8월 5일 11시,월요일,대전광역시 서구 가장동,경상사고,0,0,1,0,차량단독 - 기타,안전운전불이행,건조,맑음,단일로 - 기타,승합,남,52세,상해없음,,,,
2019080500100248,2019년 8월 5일 11시,월요일,대전광역시 대덕구 신탄진동,경상사고,0,0,1,0,차대차 - 후진중충돌,안전운전불이행,건조,맑음,교차로 - 교차로부근,승용,남,67세,기타불명,승용,여,61세,경상
2019080500100249,2019년 8월 5일 11시,월요일,대전광역시 유성구 봉명동,부상신고사고,0,0,0,1,차대차 - 측면충돌,교차로운행방법위반,건조,맑음,교차로 - 교차로안,이륜,남,58세,부상신고,승용,여,26세,상해없음
2019080500100250,2019년 8월 5일 11시,월요일,대전광역시 유성구 신성동,경상사고,0,0,2,0,차대차 - 정면충돌,안전운전불이행,건조,맑음,단일로 - 기타,승용,남,42세,상해없음,승용,남,32세,경상
2019080500100336,2019년 8월 5일 13시,월요일,대전광역시 서구 둔산동,경상사고,0,0,1,0,차대사람 - 횡단중,신호위반,건조,맑음,교차로 - 교차로횡단보도내,승용,여,63세,상해없음,보행자,여,31세,경상
2019080500100337,2019년 8월 5일 13시,월요일,대전광역시 유성구 구암동,부상신고사고,0,0,0,1,차대차 - 측면충돌,안전운전불이행,건조,맑음,교차로 - 교차로부근,원동기,남,29세,부상신고,화물,남,72세,상해없음
2019080500100379,2019년 8월 5일 14시,월요일,대전광역시 중구 선화동,경상사고,0,0,1,0,차대차 - 기타,안전운전불이행,젖음/습기,맑음,단일로 - 기타,승용,남,47세,상해없음,이륜,남,21세,경상
2019080500100460,2019년 8월 5일 16시,월요일,대전광역시 중구 안영동,경상사고,0,0,1,0,차대차 - 측면충돌,안전운전불이행,건조,맑음,단일로 - 기타,승용,남,26세,상해없음,화물,남,32세,경상
2019080500100461,2019년 8월 5일 16시,월요일,대전광역시 서구 복수동,중상사고,0,1,1,0,차대차 - 추돌,안전운전불이행,건조,맑음,교차로 - 교차로부근,이륜,남,22세,중상,승용,남,62세,상해없음
2019080500100462,2019년 8월 5일 16시,월요일,대전광역시 서구 둔산동,경상사고,0,0,4,0,차대차 - 측면충돌,안전운전불이행,건조,맑음,단일로 - 기타,승용,여,45세,상해없음,승용,여,42세,경상
2019080500100547,2019년 8월 5일 18시,월요일,대전광역시 서구 복수동,경상사고,0,0,1,0,차대차 - 측면충돌,신호위반,건조,맑음,교차로 - 교차로안,이륜,남,55세,상해없음,이륜,남,33세,경상