사고번호,사고일시,요일,시군구,사고내용,사망자수,중상자수,경상자수,부상신고자수,사고유형,법규위반,노면상태,기상상태,도로형태,가해운전자 차종,가해운전자 성별,가해운전자 연령,가해운전자 상해정도,피해운전자 차종,피해운전자 성별,피해운전자 연령,피해운전자 상해정도
2019082600100612,2019년 8월 26일 19시,월요일,대전광역시 중구 문화동,경상사고,0,0,3,0,차대차 - 기타,직진우회전진행방해,건조,맑음,교차로 - 교차로안,승용,남,47세,상해없음,승용,여,22세,경상
2019082600100613,2019년 8월 26일 19시,월요일,대전광역시 동구 삼성동,중상사고,0,1,1,0,차대차 - 측면충돌,교차로운행방법위반,건조,맑음,교차로 - 교차로안,승용,남,38세,중상,승용,남,40세,경상
2019082600100614,2019년 8월 26일 19시,월요일,대전광역시 유성구 원신흥동,경상사고,0,0,2,0,차대차 - 추돌,안전거리미확보,건조,맑음,교차로 - 교차로안,승용,남,27세,상해없음,승용,남,20세,경상
2019082600100650,2019년 8월 26일 20시,월요일,대전광역시 서구 둔산동,중상사고,0,1,1,0,차대차 - 기타,안전운전불이행,건조,맑음,교차로 - 교차로안,승용,여,57세,상해없음,자전거,남,17세,중상
2019082700100053,2019년 8월 27일 01시,화요일,대전광역시 서구 갈마동,중상사고,0,2,0,1,차대차 - 측면충돌,신호위반,젖음/습기,비,교차로 - 교차로안,승용,남,49세,부상신고,승용,남,51세,중상
2019082700100064,2019년 8월 27일 02시,화요일,대전광역시 서구 월평동,경상사고,0,0,1,0,차대사람 - 횡단중,안전운전불이행,건조,맑음,단일로 - 기타,승용,남,39세,기타불명,보행자,여,64세,경상
2019082700100108,2019년 8월 27일 06시,화요일,대전광역시 대덕구 읍내동,중상사고,0,1,0,0,차대차 - 기타,신호위반,젖음/습기,비,단일로 - 교량,승용,여,62세,상해없음,승용,여,30세,중상
2019082700100132,2019년 8월 27일 07시,화요일,대전광역시 서구 월평동,경상사고,0,0,1,0,차대차 - 기타,안전거리미확보,젖음/습기,비,단일로 - 기타,승용,남,51세,상해없음,승용,여,29세,경상
2019082700100133,2019년 8월 27일 07시,화요일,대전광역시 유성구 봉명동,경상사고,0,0,1,0,차대차 - 추돌,안전운전불이행,젖음/습기,비,교차로 - 교차로안,승용,남,29세,상해없음,승용,남,67세,경상
2019082700100184,2019년 8월 27일 08시,화요일,대전광역시 동구 가양동,경상사고,0,0,1,0,차대차 - 추돌,안전거리미확보,젖음/습기,비,단일로 - 기타,승용,남,50세,상해없음,승용,남,30세,경상
2019082700100185,2019년 8월 27일 08시,화요일,대전광역시 유성구 안산동,중상사고,0,1,0,0,차량단독 - 공작물충돌,안전운전불이행,젖음/습기,비,단일로 - 기타,승용,남,44세,상해없음,,,,
2019082700100186,2019년 8월 27일 08시,화요일,대전광역시 유성구 봉명동,경상사고,0,0,5,0,차대차 - 추돌,안전거리미확보,젖음/습기,비,단일로 - 지하차도(도로)내,승용,남,49세,상해없음,특수,남,29세,경상
2019082700100215,2019년 8월 27일 09시,화요일,대전광역시 서구 내동,중상사고,0,1,0,0,차대사람 - 횡단중,안전운전불이행,젖음/습기,비,교차로 - 교차로안,승용,여,39세,상해없음,보행자,여,77세,중상
2019082700100279,2019년 8월 27일 11시,화요일,대전광역시 서구 둔산동,경상사고,0,0,4,0,차대차 - 기타,안전거리미확보,건조,맑음,교차로 - 교차로부근,승용,남,45세,경상,승용,여,44세,경상
2019082700100336,2019년 8월 27일 13시,화요일,대전광역시 유성구 하기동,경상사고,0,0,3,0,차대차 - 추돌,안전운전불이행,건조,맑음,교차로 - 교차로부근,승용,남,84세,상해없음,승용,여,57세,경상
2019082700100371,2019년 8월 27일 14시,화요일,대전광역시 서구 둔산동,경상사고,0,0,2,0,차대차 - 기타,교차로운행방법위반,건조,맑음,교차로 - 교차로부근,승용,여,70세,상해없음,승용,여,60세,경상
2019082700100372,2019년 8월 27일 14시,화요일,대전광역시 유성구 지족동,경상사고,0,0,1,0,차대차 - 추돌,안전거리미확보,건조,맑음,단일로 - 지하차도(도로)내,승용,남,32세,상해없음,승용,남,61세,경상
2019082700100526,2019년 8월 27일 18시,화요일,대전광역시 서구 내동,경상사고,0,0,2,0,차대차 - 측면충돌,신호위반,건조,맑음,교차로 - 교차로안,승용,여,48세,경상,이륜,남,41세,경상
2019082700100573,2019년 8월 27일 19시,화요일,대전광역시 서구 내동,경상사고,0,0,1,0,차대사람 - 기타,기타,건조,맑음,단일로 - 기타,이륜,남,54세,상해없음,보행자,여,21세,경상
2019082700100613,2019년 8월 27일 20시,화요일,대전광역시 서구 만년동,경상사고,0,0,1,0,차대차 - 후진중충돌,중앙선침범,건조,맑음,단일로 - 기타,승용,남,33세,상해없음,승용,여,32세,경상
2019082700100614,2019년 8월 27일 20시,화요일,대전광역시 서구 둔산동,경상사고,0,0,1,0,차대사람 - 기타,안전운전불이행,건조,맑음,기타 - 기타,승용,남,21세,상해없음,보행자,남,31세,경상
2019082700100651,2019년 8월 27일 22시,화요일,대전광역시 중구 유천동,경상사고,0,0,1,0,차대사람 - 기타,안전운전불이행,건조,맑음,단일로 - 기타,승용,여,54세,상해없음,보행자,남,16세,경상
2019082800100032,2019년 8월 28일 00시,수요일,대전광역시 동구 신상동,경상사고,0,0,5,0,차대차 - 기타,안전운전불이행,건조,맑음,단일로 - 기타,특수,남,43세,상해없음,특수,남,63세,상해없음
2019082800100050,2019년 8월 28일 02시,수요일,대전광역시 중구 은행동,부상신고사고,0,0,0,1,차대사람 - 기타,안전운전불이행,건조,맑음,단일로 - 기타,원동기,남,59세,상해없음,보행자,남,26세,부상신고
2019082800100058,2019년 8월 28일 03시,수요일,대전광역시 중구 유천동,경상사고,0,0,2,1,차대차 - 기타,신호위반,건조,맑음,교차로 - 교차로부근,원동기,남,15세,상해없음,승용,여,32세,경상
2019082800100078,2019년 8월 28일 05시,수요일,대전광역시 대덕구 덕암동,경상사고,0,0,1,0,차대차 - 측면충돌,안전운전불이행,건조,맑음,교차로 - 교차로부근,화물,남,54세,기타불명,승용,남,26세,경상
2019082800100155,2019년 8월 28일 08시,수요일,대전광역시 중구 문화동,경상사고,0,0,6,0,차대차 - 측면충돌,안전거리미확보,건조,맑음,교차로 - 교차로부근,승용,여,57세,상해없음,승용,남,34세,경상
2019082800100156,2019년 8월 28일 08시,수요일,대전광역시 서구 내동,경상사고,0,0,1,0,차대차 - 추돌,안전운전불이행,건조,맑음,교차로 - 교차로안,승용,여,35세,상해없음,승용,여,40세,경상
2019082800100157,2019년 8월 28일 08시,수요일,대전광역시 대덕구 오정동,경상사고,0,0,1,0,차대차 - 기타,안전운전불이행,건조,맑음,교차로 - 교차로부근,승용,남,34세,상해없음,승용,여,44세,경상
2019082800100158,2019년 8월 28일 08시,수요일,대전광역시 유성구 원신흥동,경상사고,0,0,1,0,차대차 - 추돌,안전운전불이행,건조,흐림,단일로 - 기타,화물,남,62세,상해없음,승용,여,66세,경상
2019082800100197,2019년 8월 28일 09시,수요일,대전광역시 대덕구 석봉동,중상사고,0,1,0,0,차대차 - 기타,불법유턴,건조,맑음,교차로 - 교차로횡단보도내,이륜,남,67세,중상,화물,남,56세,상해없음
2019082800100227,2019년 8월 28일 10시,수요일,대전광역시 중구 석교동,경상사고,0,0,1,0,차대차 - 측면충돌,안전운전불이행,건조,맑음,단일로 - 기타,화물,남,43세,상해없음,화물,남,39세,경상
2019082800100228,2019년 8월 28일 10시,수요일,대전광역시 유성구 전민동,경상사고,0,0,1,0,차대사람 - 기타,안전운전불이행,건조,맑음,단일로 - 기타,승용,여,50세,상해없음,보행자,남,16세,경상
2019082800100349,2019년 8월 28일 14시,수요일,대전광역시 서구 탄방동,경상사고,0,0,1,0,차대차 - 기타,직진우회전진행방해,건조,맑음,교차로 - 교차로안,승용,남,53세,상해없음,승용,여,27세,경상
2019082800100420,2019년 8월 28일 16시,수요일,대전광역시 서구 월평동,경상사고,0,0,1,0,차대차 - 추돌,안전운전불이행,건조,맑음,단일로 - 기타,자전거,남,15세,상해없음,자전거,남,62세,경상
2019082800100458,2019년 8월 28일 17시,수요일,대전광역시 대덕구 오정동,경상사고,0,0,1,0,차대차 - 기타,직진우회전진행방해,건조,맑음,교차로 - 교차로안,승용,남,50세,상해없음,승용,남,40세,경상
2019082800100511,2019년 8월 28일 18시,수요일,대전광역시 중구 문화동,중상사고,0,1,0,0,차대사람 - 차도통행중,안전운전불이행,건조,맑음,교차로 - 교차로부근,화물,남,71세,상해없음,보행자,여,41세,중상
2019082800100560,2019년 8월 28일 19시,수요일,대전광역시 중구 대흥동,경상사고,0,0,1,0,차대사람 - 차도통행중,안전운전불이행,건조,맑음,단일로 - 기타,승용,여,26세,상해없음,보행자,여,13세,경상
2019082800100561,2019년 8월 28일 19시,수요일,대전광역시 동구 인동,중상사고,0,1,0,0,차대차 - 기타,안전운전불이행,건조,맑음,단일로 - 기타,승용,여,36세,상해없음,자전거,여,72세,중상
2019082800100562,2019년 8월 28일 19시,수요일,대전광역시 동구 홍도동,경상사고,0,0,3,0,차대차 - 기타,신호위반,건조,맑음,교차로 - 교차로안,승용,남,41세,상해없음,화물,남,28세,경상
2019082800100583,2019년 8월 28일 20시,수요일,대전광역시 대덕구 대화동,경상사고,0,0,4,0,차대차 - 기타,안전운전불이행,건조,맑음,교차로 - 교차로안,승용,남,39세,상해없음,승합,남,50세,경상
2019082800100607,2019년 8월 28일 21시,수요일,대전광역시 서구 월평동,경상사고,0,0,1,0,차대차 - 기타,안전운전불이행,건조,맑음,단일로 - 교량,승용,남,61세,상해없음,승용,남,23세,경상
2019082800100656,2019년 8월 28일 23시,수요일,대전광역시 유성구 원내동,경상사고,0,0,2,0,차대차 - 측면충돌,안전운전불이행,건조,맑음,단일로 - 기타,승용,남,32세,상해없음,화물,남,23세,경상
2019082900100136,2019년 8월 29일 08시,목요일,대전광역시 중구 태평동,부상신고사고,0,0,0,1,차대차 - 측면충돌,안전운전불이행,건조,맑음,교차로 - 교차로횡단보도내,자전거,여,25세,부상신고,승용,남,41세,상해없음
2019082900100137,2019년 8월 29일 08시,목요일,대전광역시 대덕구 상서동,부상신고사고,0,0,0,1,차대차 - 기타,안전운전불이행,건조,맑음,미분류 - 미분류,승용,남,52세,상해없음,승용,남,32세,부상신고
2019082900100167,2019년 8월 29일 09시,목요일,대전광역시 유성구 노은동,사망사고,1,0,0,0,차대차 - 측면충돌,신호위반,건조,맑음,교차로 - 교차로안,화물,남,65세,상해없음,자전거,남,70세,사망
2019082900100192,2019년 8월 29일 10시,목요일,대전광역시 유성구 구성동,경상사고,0,0,1,0,차대차 - 측면충돌,안전거리미확보,건조,맑음,단일로 - 기타,승용,남,84세,상해없음,화물,남,39세,경상
2019082900100215,2019년 8월 29일 11시,목요일,대전광역시 중구 목동,경상사고,0,0,2,0,차대차 - 측면충돌,중앙선침범,건조,맑음,교차로 - 교차로부근,승용,남,21세,상해없음,승용,남,59세,경상
2019082900100216,2019년 8월 29일 11시,목요일,대전광역시 대덕구 읍내동,경상사고,0,0,1,0,차대차 - 기타,신호위반,건조,맑음,교차로 - 교차로안,승용,남,31세,기타불명,특수,남,35세,경상
2019082900100350,2019년 8월 29일 15시,목요일,대전광역시 중구 산성동,경상사고,0,0,3,0,차대차 - 측면충돌,교차로운행방법위반,젖음/습기,비,교차로 - 교차로안,승용,남,48세,상해없음,승용,여,38세,경상
2019082900100351,2019년 8월 29일 15시,목요일,대전광역시 서구 변동,경상사고,0,0,1,0,차대차 - 측면충돌,교차로운행방법위반,젖음/습기,비,교차로 - 교차로안,화물,남,71세,상해없음,이륜,남,26세,경상
2019082900100352,2019년 8월 29일 15시,목요일,대전광역시 서구 탄방동,경상사고,0,0,2,0,차대차 - 측면충돌,안전거리미확보,젖음/습기,비,단일로 - 기타,승용,남,65세,상해없음,승합,남,65세,경상
2019082900100353,2019년 8월 29일 15시,목요일,대전광역시 서구 탄방동,경상사고,0,0,1,0,차량단독 - 공작물충돌,기타,건조,맑음,단일로 - 기타,승합,남,59세,상해없음,,,,
2019082900100392,2019년 8월 29일 16시,목요일,대전광역시 대덕구 오정동,중상사고,0,1,0,0,차대차 - 기타,안전운전불이행,건조,맑음,교차로 - 교차로안,승용,남,34세,상해없음,이륜,남,36세,중상
2019082900100437,2019년 8월 29일 17시,목요일,대전광역시 서구 정림동,중상사고,0,1,1,0,차대차 - 측면충돌,안전거리미확보,건조,맑음,단일로 - 기타,승용,남,58세,기타불명,이륜,남,64세,중상
2019082900100438,2019년 8월 29일 17시,목요일,대전광역시 서구 둔산동,경상사고,0,0,1,0,차대차 - 측면충돌,안전운전불이행,건조,맑음,교차로 - 교차로안,승용,여,55세,상해없음,승용,여,62세,경상
2019082900100493,2019년 8월 29일 18시,목요일,대전광역시 동구 홍도동,경상사고,0,0,1,0,차대차 - 추돌,안전운전불이행,젖음/습기,맑음,교차로 - 교차로부근,승용,남,29세,상해없음,이륜,남,31세,경상
2019082900100494,2019년 8월 29일 18시,목요일,대전광역시 동구 용전동,경상사고,0,0,1,0,차대차 - 기타,교차로운행방법위반,건조,맑음,교차로 - 교차로안,승용,여,54세,상해없음,승용,남,36세,경상
2019082900100495,2019년 8월 29일 18시,목요일,대전광역시 동구 가양동,경상사고,0,0,1,0,차대차 - 기타,교차로운행방법위반,건조,맑음,교차로 - 교차로안,승용,남,32세,상해없음,화물,남,73세,경상
2019082900100496,2019년 8월 29일 18시,목요일,대전광역시 서구 내동,경상사고,0,0,2,0,차대차 - 측면충돌,안전운전불이행,건조,맑음,교차로 - 교차로안,승용,남,41세,경상,승용,남,42세,경상
2019082900100497,2019년 8월 29일 18시,목요일,대전광역시 대덕구 송촌동,중상사고,0,1,0,0,차대차 - 기타,안전운전불이행,건조,맑음,교차로 - 교차로부근,승용,남,36세,상해없음,승용,여,43세,중상
2019082900100498,2019년 8월 29일 18시,목요일,대전광역시 유성구 봉산동,경상사고,0,0,1,0,차대차 - 추돌,안전운전불이행,건조,맑음,단일로 - 기타,이륜,남,23세,상해없음,승용,여,65세,경상
2019082900100499,2019년 8월 29일 18시,목요일,대전광역시 유성구 장동,경상사고,0,0,2,0,차대차 - 측면충돌,안전운전불이행,건조,흐림,단일로 - 기타,승용,여,25세,상해없음,승용,남,27세,경상
2019082900100500,2019년 8월 29일 18시,목요일,대전광역시 유성구 구성동,경상사고,0,0,4,0,차대차 - 측면충돌,안전운전불이행,건조,맑음,교차로 - 교차로안,승용,남,63세,상해없음,승용,남,31세,경상
2019082900100501,2019년 8월 29일 18시,목요일,대전광역시 유성구 덕명동,경상사고,0,0,1,0,차대차 - 기타,안전운전불이행,건조,맑음,교차로 - 교차로안,승용,남,30세,상해없음,승용,남,35세,경상
2019082900100554,2019년 8월 29일 19시,목요일,대전광역시 서구 괴정동,경상사고,0,0,3,0,차대차 - 기타,안전운전불이행,건조,맑음,단일로 - 기타,승용,여,43세,상해없음,승용,남,24세,경상
2019082900100592,2019년 8월 29일 20시,목요일,대전광역시 중구 중촌동,경상사고,0,0,1,0,차대차 - 후진중충돌,안전운전불이행,건조,맑음,교차로 - 교차로부근,승용,남,70세,상해없음,승용,여,26세,경상
2019082900100593,2019년 8월 29일 20시,목요일,대전광역시 대덕구 읍내동,경상사고,0,0,2,0,차대차 - 기타,안전운전불이행,건조,맑음,단일로 - 기타,화물,남,59세,상해없음,승용,남,69세,경상
2019082900100630,2019년 8월 29일 21시,목요일,대전광역시 대덕구 오정동,부상신고사고,0,0,0,1,차대차 - 기타,안전운전불이행,건조,맑음,교차로 - 교차로부근,기타불명,기타불명,미분류,기타불명,승용,여,45세,부상신고
2019082900100631,2019년 8월 29일 21시,목요일,대전광역시 서구 탄방동,경상사고,0,0,1,0,차대차 - 기타,신호위반,건조,맑음,교차로 - 교차로부근,승용,여,47세,경상,승용,남,32세,상해없음
2019082900100632,2019년 8월 29일 21시,목요일,대전광역시 유성구 문지동,경상사고,0,0,2,0,차대차 - 추돌,안전운전불이행,건조,흐림,교차로 - 교차로부근,승용,남,25세,상해없음,승용,남,31세,경상
2019082900100688,2019년 8월 29일 23시,목요일,대전광역시 중구 태평동,경상사고,0,0,2,0,차대차 - 측면충돌,안전운전불이행,젖음/습기,비,교차로 - 교차로안,승용,남,55세,상해없음,승용,남,36세,경상
2019082900100689,2019년 8월 29일 23시,목요일,대전광역시 동구 가오동,중상사고,0,1,0,0,차대사람 - 횡단중,안전운전불이행,젖음/습기,비,교차로 - 교차로횡단보도내,승용,여,43세,상해없음,보행자,남,50세,중상
2019082900100690,2019년 8월 29일 23시,목요일,대전광역시 동구 가양동,중상사고,0,1,0,0,차량단독 - 전도전복 - 전도,안전운전불이행,젖음/습기,비,단일로 - 기타,원동기,남,25세,중상,,,,
2019082900100691,2019년 8월 29일 23시,목요일,대전광역시 서구 갈마동,경상사고,0,0,1,0,차대사람 - 기타,안전운전불이행,건조,흐림,단일로 - 기타,승용,남,29세,기타불명,보행자,남,22세,경상
2019083000100038,2019년 8월 30일 00시,금요일,대전광역시 동구 비룡동,경상사고,0,0,2,0,차대차 - 추돌,안전운전불이행,젖음/습기,비,교차로 - 교차로부근,이륜,남,25세,상해없음,이륜,남,24세,경상
2019083000100049,2019년 8월 30일 01시,금요일,대전광역시 중구 오류동,경상사고,0,0,1,0,차대차 - 측면충돌,안전운전불이행,젖음/습기,흐림,단일로 - 기타,승용,여,37세,상해없음,승용,남,39세,경상
2019083000100090,2019년 8월 30일 06시,금요일,대전광역시 동구 삼성동,중상사고,0,1,0,0,차대차 - 기타,교차로운행방법위반,건조,맑음,교차로 - 교차로안,자전거,남,80세,중상,승용,남,61세,상해없음
2019083000100122,2019년 8월 30일 07시,금요일,대전광역시 유성구 갑동,경상사고,0,0,2,0,차대차 - 추돌,안전운전불이행,건조,맑음,교차로 - 교차로부근,승용,남,54세,상해없음,승용,남,64세,경상
2019083000100123,2019년 8월 30일 07시,금요일,대전광역시 유성구 봉명동,경상사고,0,0,1,0,차대차 - 추돌,안전운전불이행,건조,맑음,단일로 - 기타,승용,남,41세,상해없음,승용,남,33세,경상
2019083000100349,2019년 8월 30일 13시,금요일,대전광역시 중구 용두동,경상사고,0,0,1,0,차대차 - 추돌,안전운전불이행,건조,맑음,단일로 - 기타,화물,남,45세,상해없음,승용,여,58세,경상
2019083000100350,2019년 8월 30일 13시,금요일,대전광역시 대덕구 문평동,경상사고,0,0,1,0,차대차 - 기타,신호위반,건조,맑음,교차로 - 교차로안,승용,여,62세,상해없음,승용,여,38세,경상
2019083000100399,2019년 8월 30일 14시,금요일,대전광역시 동구 소제동,경상사고,0,0,1,0,차대차 - 측면충돌,안전운전불이행,건조,맑음,단일로 - 기타,승용,남,59세,상해없음,승용,여,56세,경상
2019083000100400,2019년 8월 30일 14시,금요일,대전광역시 동구 가오동,경상사고,0,0,1,0,차대사람 - 횡단중,신호위반,건조,맑음,단일로 - 기타,승용,여,44세,상해없음,보행자,여,12세,경상
2019083000100401,2019년 8월 30일 14시,금요일,대전광역시 서구 괴정동,경상사고,0,0,1,0,차대차 - 측면충돌,안전운전불이행,건조,맑음,교차로 - 교차로부근,승용,남,50세,상해없음,이륜,남,26세,경상
2019083000100449,2019년 8월 30일 15시,금요일,대전광역시 중구 대흥동,경상사고,0,0,1,0,차대차 - 측면충돌,안전운전불이행,건조,맑음,단일로 - 기타,화물,남,42세,상해없음,승용,여,57세,경상
2019083000100450,2019년 8월 30일 15시,금요일,대전광역시 서구 변동,경상사고,0,0,1,0,차대사람 - 횡단중,안전운전불이행,건조,맑음,단일로 - 기타,자전거,남,12세,상해없음,보행자,여,75세,경상
2019083000100451,2019년 8월 30일 15시,금요일,대전광역시 서구 관저동,중상사고,0,1,0,0,차량단독 - 기타,안전운전불이행,건조,맑음,교차로 - 교차로안,승합,남,51세,상해없음,,,,
2019083000100452,2019년 8월 30일 15시,금요일,대전광역시 서구 둔산동,중상사고,0,1,0,0,차대차 - 추돌,안전거리미확보,건조,맑음,단일로 - 기타,승용,여,46세,상해없음,이륜,남,39세,중상
2019083000100501,2019년 8월 30일 16시,금요일,대전광역시 서구 용문동,경상사고,0,0,1,0,차대차 - 측면충돌,신호위반,건조,맑음,단일로 - 기타,승용,여,37세,상해없음,승용,남,42세,경상
2019083000100502,2019년 8월 30일 16시,금요일,대전광역시 서구 갈마동,경상사고,0,0,1,1,차대차 - 추돌,안전운전불이행,건조,맑음,단일로 - 기타,승용,남,57세,상해없음,화물,남,56세,부상신고
2019083000100555,2019년 8월 30일 17시,금요일,대전광역시 동구 삼성동,중상사고,0,1,0,0,차대차 - 측면충돌,안전운전불이행,건조,맑음,단일로 - 기타,이륜,남,79세,중상,화물,남,52세,상해없음
2019083000100556,2019년 8월 30일 17시,금요일,대전광역시 대덕구 오정동,경상사고,0,0,3,0,차대차 - 기타,안전거리미확보,건조,맑음,교차로 - 교차로부근,이륜,남,36세,경상,승용,남,57세,경상
2019083000100557,2019년 8월 30일 17시,금요일,대전광역시 서구 둔산동,경상사고,0,0,1,0,차대사람 - 횡단중,안전운전불이행,건조,맑음,단일로 - 기타,승용,여,36세,상해없음,보행자,남,24세,경상
2019083000100624,2019년 8월 30일 18시,금요일,대전광역시 중구 유천동,경상사고,0,0,2,0,차대차 - 측면충돌,교차로운행방법위반,건조,맑음,교차로 - 교차로안,원동기,남,18세,상해없음,승용,여,41세,경상
2019083000100625,2019년 8월 30일 18시,금요일,대전광역시 중구 유천동,중상사고,0,1,1,2,차대차 - 기타,안전거리미확보,건조,맑음,교차로 - 교차로안,승용,남,27세,상해없음,승합,남,59세,부상신고
2019083000100626,2019년 8월 30일 18시,금요일,대전광역시 대덕구 덕암동,경상사고,0,0,1,0,차대사람 - 기타,안전운전불이행,건조,맑음,기타 - 기타,승용,남,33세,상해없음,보행자,남,14세,경상
2019083000100627,2019년 8월 30일 18시,금요일,대전광역시 유성구 장대동,경상사고,0,0,3,0,차대차 - 측면충돌,안전거리미확보,건조,맑음,단일로 - 기타,승용,남,38세,경상,화물,남,28세,경상
2019083000100688,2019년 8월 30일 19시,금요일,대전광역시 대덕구 오정동,경상사고,0,0,1,0,차대차 - 기타,안전운전불이행,건조,맑음,기타 - 기타,화물,남,67세,상해없음,승용,여,44세,경상
2019083000100724,2019년 8월 30일 20시,금요일,대전광역시 중구 산성동,경상사고,0,0,1,0,차대차 - 측면충돌,신호위반,건조,맑음,교차로 - 교차로안,승용,여,20세,상해없음,승용,남,41세,경상
2019083000100725,2019년 8월 30일 20시,금요일,대전광역시 동구 천동,중상사고,0,1,1,0,차대차 - 측면충돌,교차로운행방법위반,건조,맑음,교차로 - 교차로안,승용,여,46세,상해없음,이륜,남,22세,중상
2019083000100726,2019년 8월 30일 20시,금요일,대전광역시 유성구 반석동,부상신고사고,0,0,0,1,차대사람 - 길가장자리구역통행중,안전운전불이행,건조,맑음,단일로 - 기타,승용,남,31세,상해없음,보행자,남,16세,부상신고
2019083000100758,2019년 8월 30일 21시,금요일,대전광역시 유성구 도룡동,경상사고,0,0,1,0,차대차 - 측면충돌,안전운전불이행,건조,맑음,단일로 - 기타,승용,남,71세,상해없음,이륜,남,52세,경상
2019083000100789,2019년 8월 30일 22시,금요일,대전광역시 동구 대동,경상사고,0,0,2,0,차대차 - 측면충돌,안전운전불이행,건조,맑음,교차로 - 교차로안,이륜,남,41세,경상,승용,남,24세,경상
2019083000100790,2019년 8월 30일 22시,금요일,대전광역시 유성구 원신흥동,경상사고,0,0,1,0,차대차 - 측면충돌,신호위반,건조,맑음,교차로 - 교차로안,승용,남,31세,상해없음,승용,여,69세,경상
2019083000100820,2019년 8월 30일 23시,금요일,대전광역시 서구 둔산동,중상사고,0,1,0,0,차대차 - 추돌,안전운전불이행,건조,맑음,단일로 - 기타,승용,남,50세,상해없음,승용,남,26세,중상
2019083100100048,2019년 8월 31일 00시,토요일,대전광역시 중구 대흥동,경상사고,0,0,1,0,차대차 - 추돌,안전운전불이행,건조,맑음,교차로 - 교차로안,승용,남,73세,상해없음,이륜,남,36세,경상
2019083100100071,2019년 8월 31일 01시,토요일,대전광역시 대덕구 신일동,경상사고,0,0,1,0,차대차 - 기타,안전운전불이행,기타,흐림,단일로 - 기타,승용,남,42세,기타불명,특수,남,48세,경상
2019083100100072,2019년 8월 31일 01시,토요일,대전광역시 유성구 봉명동,중상사고,0,1,0,0,차대사람 - 기타,안전운전불이행,건조,맑음,단일로 - 기타,승용,남,72세,상해없음,보행자,남,42세,중상
2019083100100089,2019년 8월 31일 02시,토요일,대전광역시 서구 갈마동,경상사고,0,0,3,0,차대차 - 측면충돌,안전운전불이행,건조,맑음,기타 - 기타,승용,남,29세,상해없음,승용,남,33세,경상
2019083100100201,2019년 8월 31일 08시,토요일,대전광역시 동구 신안동,경상사고,0,0,1,0,차대차 - 추돌,안전운전불이행,건조,맑음,단일로 - 기타,승용,남,61세,상해없음,승용,남,67세,경상
2019083100100238,2019년 8월 31일 09시,토요일,대전광역시 동구 용전동,경상사고,0,0,1,0,차대사람 - 기타,기타,건조,맑음,단일로 - 기타,기타불명,기타불명,미분류,기타불명,보행자,남,72세,경상
2019083100100239,2019년 8월 31일 09시,토요일,대전광역시 유성구 봉명동,중상사고,0,1,7,0,차대차 - 추돌,안전운전불이행,건조,맑음,단일로 - 기타,승용,남,29세,상해없음,승합,남,36세,중상
2019083100100281,2019년 8월 31일 10시,토요일,대전광역시 대덕구 신탄진동,중상사고,0,2,2,0,차대차 - 추돌,안전운전불이행,건조,맑음,단일로 - 기타,화물,남,59세,상해없음,승용,남,49세,경상
2019083100100282,2019년 8월 31일 10시,토요일,대전광역시 서구 갈마동,중상사고,0,1,0,1,차대사람 - 횡단중,안전운전불이행,건조,맑음,교차로 - 교차로횡단보도내,승용,여,41세,상해없음,보행자,여,51세,중상
2019083100100283,2019년 8월 31일 10시,토요일,대전광역시 유성구 덕명동,경상사고,0,0,2,0,차대차 - 측면충돌,안전거리미확보,건조,맑음,단일로 - 기타,승용,남,82세,상해없음,승용,남,28세,경상
2019083100100314,2019년 8월 31일 11시,토요일,대전광역시 동구 성남동,경상사고,0,0,1,0,차대사람 - 길가장자리구역통행중,안전운전불이행,건조,맑음,단일로 - 기타,승용,여,33세,상해없음,보행자,여,52세,경상
2019083100100315,2019년 8월 31일 11시,토요일,대전광역시 동구 성남동,경상사고,0,0,2,0,차량단독 - 기타,안전운전불이행,기타,맑음,기타 - 기타,승용,남,45세,상해없음,,,,
2019083100100316,2019년 8월 31일 11시,토요일,대전광역시 동구 가양동,경상사고,0,0,1,0,차대차 - 측면충돌,안전운전불이행,건조,맑음,교차로 - 교차로안,승용,남,73세,상해없음,이륜,남,25세,경상
2019083100100348,2019년 8월 31일 12시,토요일,대전광역시 중구 은행동,경상사고,0,0,5,0,차대차 - 측면충돌,신호위반,건조,맑음,교차로 - 교차로안,승용,남,77세,상해없음,승용,남,35세,경상
2019083100100349,2019년 8월 31일 12시,토요일,대전광역시 서구 도마동,경상사고,0,0,1,0,차대차 - 측면충돌,안전운전불이행,건조,맑음,교차로 - 교차로안,승용,여,29세,상해없음,이륜,남,38세,경상
2019083100100350,2019년 8월 31일 12시,토요일,대전광역시 서구 탄방동,경상사고,0,0,2,0,차대차 - 측면충돌,안전운전불이행,건조,맑음,교차로 - 교차로안,승용,여,54세,상해없음,승용,남,24세,경상
2019083100100351,2019년 8월 31일 12시,토요일,대전광역시 유성구 봉명동,경상사고,0,0,1,0,차대차 - 측면충돌,안전운전불이행,건조,맑음,단일로 - 기타,승용,여,33세,상해없음,승용,여,48세,경상
2019083100100399,2019년 8월 31일 13시,토요일,대전광역시 대덕구 중리동,경상사고,0,0,1,0,차대차 - 추돌,안전거리미확보,건조,맑음,단일로 - 기타,승용,남,30세,상해없음,승용,남,22세,경상
2019083100100441,2019년 8월 31일 14시,토요일,대전광역시 동구 대별동,경상사고,0,0,1,0,차대차 - 측면충돌,안전운전불이행,건조,맑음,단일로 - 기타,화물,남,37세,상해없음,승용,남,63세,경상