사고번호,사고일시,요일,시군구,사고내용,사망자수,중상자수,경상자수,부상신고자수,사고유형,법규위반,노면상태,기상상태,도로형태,가해운전자 차종,가해운전자 성별,가해운전자 연령,가해운전자 상해정도,피해운전자 차종,피해운전자 성별,피해운전자 연령,피해운전자 상해정도
2019091100100843,2019년 9월 11일 22시,수요일,대전광역시 대덕구 오정동,경상사고,0,0,1,0,차대차 - 정면충돌,신호위반,건조,맑음,교차로 - 교차로안,승용,남,46세,상해없음,자전거,남,22세,경상
2019091100100844,2019년 9월 11일 22시,수요일,대전광역시 유성구 장대동,경상사고,0,0,1,0,차대사람 - 기타,안전운전불이행,건조,맑음,단일로 - 기타,승용,남,30세,상해없음,보행자,여,38세,경상
2019091100100865,2019년 9월 11일 23시,수요일,대전광역시 중구 오류동,경상사고,0,0,1,0,차대사람 - 차도통행중,안전운전불이행,건조,맑음,단일로 - 기타,승용,여,50세,상해없음,보행자,남,28세,경상
2019091100100866,2019년 9월 11일 23시,수요일,대전광역시 서구 괴정동,경상사고,0,0,2,0,차대차 - 측면충돌,신호위반,건조,맑음,교차로 - 교차로안,개인형이동수단(PM),남,16세,상해없음,승용,남,27세,경상
2019091100100867,2019년 9월 11일 23시,수요일,대전광역시 대덕구 읍내동,중상사고,0,1,1,0,차대차 - 측면충돌,신호위반,건조,맑음,교차로 - 교차로부근,승용,남,64세,기타불명,이륜,남,36세,중상
2019091100100868,2019년 9월 11일 23시,수요일,대전광역시 대덕구 오정동,경상사고,0,0,1,0,차대사람 - 기타,안전운전불이행,건조,맑음,단일로 - 기타,승용,남,27세,상해없음,보행자,남,34세,경상
2019091100100869,2019년 9월 11일 23시,수요일,대전광역시 대덕구 비래동,경상사고,0,0,1,0,차대차 - 기타,안전운전불이행,건조,맑음,단일로 - 기타,승용,여,53세,기타불명,승용,여,45세,경상
2019091100100870,2019년 9월 11일 23시,수요일,대전광역시 서구 둔산동,경상사고,0,0,2,0,차대차 - 추돌,안전운전불이행,건조,맑음,단일로 - 기타,승용,남,33세,상해없음,승용,남,56세,경상
2019091200100031,2019년 9월 12일 00시,목요일,대전광역시 동구 가양동,경상사고,0,0,1,0,차대사람 - 횡단중,보행자보호의무위반,건조,맑음,교차로 - 교차로부근,승용,남,61세,상해없음,보행자,여,55세,경상
2019091200100032,2019년 9월 12일 00시,목요일,대전광역시 유성구 장대동,경상사고,0,0,3,0,차대차 - 추돌,안전운전불이행,건조,맑음,단일로 - 기타,승용,남,59세,상해없음,승용,남,41세,경상
2019091200100096,2019년 9월 12일 05시,목요일,대전광역시 서구 탄방동,중상사고,0,1,0,0,차대사람 - 길가장자리구역통행중,보행자보호의무위반,젖음/습기,비,교차로 - 교차로횡단보도내,승용,남,56세,상해없음,보행자,여,61세,중상
2019091200100158,2019년 9월 12일 09시,목요일,대전광역시 대덕구 오정동,경상사고,0,0,1,1,차대차 - 추돌,안전운전불이행,건조,맑음,주차장 - 주차장,승용,여,50세,기타불명,승용,여,56세,경상
2019091200100236,2019년 9월 12일 12시,목요일,대전광역시 서구 가수원동,경상사고,0,0,1,0,차대차 - 추돌,안전운전불이행,건조,맑음,교차로 - 교차로부근,승용,남,59세,상해없음,승용,여,47세,경상
2019091200100237,2019년 9월 12일 12시,목요일,대전광역시 유성구 구암동,경상사고,0,0,1,1,차대차 - 측면충돌,교차로운행방법위반,젖음/습기,비,교차로 - 교차로안,승용,여,56세,상해없음,승용,남,74세,상해없음
2019091200100274,2019년 9월 12일 13시,목요일,대전광역시 유성구 봉명동,경상사고,0,0,4,0,차대차 - 후진중충돌,안전운전불이행,건조,맑음,교차로 - 교차로안,승용,남,77세,상해없음,승용,남,39세,경상
2019091200100331,2019년 9월 12일 15시,목요일,대전광역시 중구 산성동,중상사고,0,1,0,0,차대차 - 측면충돌,신호위반,건조,맑음,교차로 - 교차로안,승용,여,45세,상해없음,이륜,남,78세,중상
2019091200100332,2019년 9월 12일 15시,목요일,대전광역시 중구 태평동,경상사고,0,0,2,0,차대차 - 측면충돌,안전운전불이행,건조,맑음,교차로 - 교차로안,승용,남,63세,상해없음,승용,남,70세,경상
2019091200100356,2019년 9월 12일 16시,목요일,대전광역시 중구 오류동,경상사고,0,0,3,0,차대차 - 측면충돌,안전거리미확보,건조,맑음,교차로 - 교차로부근,승용,남,32세,경상,승용,여,33세,경상
2019091200100379,2019년 9월 12일 17시,목요일,대전광역시 동구 가오동,경상사고,0,0,1,0,차대차 - 측면충돌,안전거리미확보,건조,맑음,단일로 - 기타,승합,남,55세,상해없음,승용,여,50세,기타불명
2019091200100380,2019년 9월 12일 17시,목요일,대전광역시 서구 관저동,경상사고,0,0,3,0,차대차 - 기타,안전운전불이행,건조,맑음,교차로 - 교차로부근,기타불명,기타불명,미분류,기타불명,승용,남,24세,경상
2019091200100405,2019년 9월 12일 18시,목요일,대전광역시 서구 월평동,경상사고,0,0,1,0,차대차 - 측면충돌,신호위반,건조,맑음,교차로 - 교차로안,승용,남,37세,상해없음,자전거,남,69세,경상
2019091200100483,2019년 9월 12일 20시,목요일,대전광역시 서구 갈마동,경상사고,0,0,5,0,차대차 - 측면충돌,안전운전불이행,건조,맑음,단일로 - 기타,승용,남,78세,상해없음,승용,남,39세,경상
2019091200100509,2019년 9월 12일 21시,목요일,대전광역시 중구 유천동,경상사고,0,0,2,0,차대차 - 측면충돌,안전운전불이행,건조,맑음,교차로 - 교차로안,승용,남,54세,상해없음,승용,기타불명,미분류,기타불명
2019091200100525,2019년 9월 12일 22시,목요일,대전광역시 유성구 구암동,경상사고,0,0,2,0,차대차 - 추돌,안전운전불이행,건조,맑음,교차로 - 교차로부근,승용,남,26세,상해없음,승용,여,48세,경상
2019091200100544,2019년 9월 12일 23시,목요일,대전광역시 중구 용두동,경상사고,0,0,3,0,차대차 - 측면충돌,교차로운행방법위반,건조,맑음,단일로 - 기타,승용,남,31세,상해없음,승용,남,49세,경상
2019091300100047,2019년 9월 13일 02시,금요일,대전광역시 서구 둔산동,경상사고,0,0,1,0,차대사람 - 길가장자리구역통행중,안전운전불이행,건조,맑음,기타 - 기타,승용,여,37세,상해없음,보행자,남,19세,경상
2019091300100063,2019년 9월 13일 05시,금요일,대전광역시 서구 둔산동,경상사고,0,0,1,0,차대사람 - 길가장자리구역통행중,안전운전불이행,건조,맑음,단일로 - 기타,승용,남,28세,상해없음,보행자,여,25세,경상
2019091300100102,2019년 9월 13일 09시,금요일,대전광역시 서구 갈마동,경상사고,0,0,3,0,차대차 - 기타,안전운전불이행,건조,맑음,단일로 - 기타,승용,남,34세,상해없음,승용,여,42세,경상
2019091300100128,2019년 9월 13일 10시,금요일,대전광역시 유성구 구암동,경상사고,0,0,3,0,차대차 - 기타,안전운전불이행,건조,맑음,단일로 - 기타,승용,여,28세,상해없음,승용,여,49세,경상
2019091300100155,2019년 9월 13일 11시,금요일,대전광역시 서구 복수동,경상사고,0,0,1,0,차대차 - 추돌,차로위반,건조,맑음,단일로 - 기타,승용,남,30세,상해없음,승용,여,31세,경상
2019091300100156,2019년 9월 13일 11시,금요일,대전광역시 대덕구 비래동,경상사고,0,0,1,0,차대차 - 추돌,안전운전불이행,건조,맑음,단일로 - 기타,승용,남,25세,상해없음,승용,남,34세,경상
2019091300100157,2019년 9월 13일 11시,금요일,대전광역시 서구 월평동,경상사고,0,0,4,0,차대차 - 기타,안전운전불이행,건조,맑음,교차로 - 교차로안,승합,남,35세,상해없음,승용,남,68세,경상
2019091300100158,2019년 9월 13일 11시,금요일,대전광역시 유성구 구암동,경상사고,0,0,2,0,차대차 - 기타,교차로운행방법위반,건조,맑음,교차로 - 교차로안,승용,여,43세,상해없음,승용,남,41세,경상
2019091300100192,2019년 9월 13일 12시,금요일,대전광역시 유성구 봉명동,경상사고,0,0,1,0,차대차 - 기타,안전운전불이행,건조,맑음,교차로 - 교차로횡단보도내,승용,남,33세,상해없음,자전거,남,16세,경상
2019091300100193,2019년 9월 13일 12시,금요일,대전광역시 유성구 방동,경상사고,0,0,6,0,차대차 - 추돌,안전운전불이행,건조,맑음,단일로 - 기타,승용,여,48세,상해없음,승용,남,33세,경상
2019091300100225,2019년 9월 13일 13시,금요일,대전광역시 동구 비룡동,중상사고,0,1,0,0,차대차 - 기타,교차로운행방법위반,건조,맑음,교차로 - 교차로안,승용,남,50세,상해없음,이륜,남,41세,중상
2019091300100296,2019년 9월 13일 15시,금요일,대전광역시 서구 관저동,부상신고사고,0,0,0,1,차량단독 - 공작물충돌,안전운전불이행,건조,맑음,교차로 - 교차로안,승용,여,69세,부상신고,,,,
2019091300100316,2019년 9월 13일 16시,금요일,대전광역시 동구 대동,경상사고,0,0,2,0,차대차 - 추돌,안전운전불이행,건조,맑음,단일로 - 기타,이륜,남,19세,경상,승용,여,37세,경상
2019091300100351,2019년 9월 13일 17시,금요일,대전광역시 서구 괴곡동,중상사고,0,1,1,0,차대차 - 추돌,안전운전불이행,건조,맑음,단일로 - 기타,승용,여,45세,상해없음,승용,남,33세,중상
2019091300100352,2019년 9월 13일 17시,금요일,대전광역시 유성구 덕명동,경상사고,0,0,3,0,차대차 - 기타,안전운전불이행,건조,맑음,단일로 - 기타,승용,남,50세,상해없음,승용,남,53세,경상
2019091300100379,2019년 9월 13일 18시,금요일,대전광역시 서구 가장동,중상사고,0,1,0,0,차대차 - 기타,안전운전불이행,건조,맑음,교차로 - 교차로횡단보도내,승용,남,32세,상해없음,자전거,남,70세,중상
2019091300100387,2019년 9월 13일 19시,금요일,대전광역시 대덕구 읍내동,경상사고,0,0,2,0,차대차 - 기타,교차로운행방법위반,건조,맑음,교차로 - 교차로안,승용,남,72세,기타불명,승용,여,45세,경상
2019091300100388,2019년 9월 13일 19시,금요일,대전광역시 서구 둔산동,경상사고,0,0,1,0,차대사람 - 기타,안전운전불이행,건조,맑음,교차로 - 교차로안,승용,여,64세,상해없음,보행자,여,76세,경상
2019091300100389,2019년 9월 13일 19시,금요일,대전광역시 유성구 구암동,부상신고사고,0,0,0,1,차대차 - 측면충돌,신호위반,건조,맑음,교차로 - 교차로안,승용,남,38세,상해없음,승용,남,37세,부상신고
2019091300100404,2019년 9월 13일 20시,금요일,대전광역시 유성구 노은동,경상사고,0,0,2,0,차대차 - 측면충돌,안전운전불이행,건조,맑음,단일로 - 기타,화물,남,60세,상해없음,승용,여,50세,경상
2019091300100450,2019년 9월 13일 23시,금요일,대전광역시 서구 관저동,중상사고,0,1,0,0,차대차 - 기타,안전운전불이행,건조,맑음,교차로 - 교차로안,승용,남,58세,상해없음,승용,남,67세,중상
2019091400100048,2019년 9월 14일 03시,토요일,대전광역시 대덕구 오정동,경상사고,0,0,1,0,차대차 - 추돌,안전운전불이행,건조,맑음,교차로 - 교차로부근,승용,남,35세,상해없음,화물,남,33세,경상
2019091400100214,2019년 9월 14일 14시,토요일,대전광역시 중구 오류동,부상신고사고,0,0,0,1,차대차 - 측면충돌,안전운전불이행,건조,맑음,단일로 - 기타,자전거,남,62세,부상신고,승용,남,69세,상해없음
2019091400100215,2019년 9월 14일 14시,토요일,대전광역시 중구 태평동,경상사고,0,0,1,0,차대차 - 기타,안전거리미확보,건조,맑음,교차로 - 교차로안,승용,남,26세,상해없음,승용,남,74세,경상
2019091400100270,2019년 9월 14일 16시,토요일,대전광역시 동구 성남동,중상사고,0,1,0,0,차대차 - 기타,교차로운행방법위반,건조,맑음,교차로 - 교차로안,승용,남,68세,상해없음,기타불명,기타불명,미분류,기타불명
2019091400100324,2019년 9월 14일 18시,토요일,대전광역시 서구 둔산동,경상사고,0,0,1,0,차대차 - 추돌,안전운전불이행,건조,맑음,교차로 - 교차로부근,승용,남,60세,상해없음,승용,남,50세,경상
2019091400100352,2019년 9월 14일 19시,토요일,대전광역시 중구 석교동,경상사고,0,0,2,0,차대차 - 추돌,안전운전불이행,건조,맑음,교차로 - 교차로부근,승용,남,34세,상해없음,승용,남,63세,경상
2019091400100353,2019년 9월 14일 19시,토요일,대전광역시 서구 변동,경상사고,0,0,1,0,차대차 - 기타,직진우회전진행방해,건조,맑음,교차로 - 교차로안,승용,남,55세,상해없음,이륜,남,26세,경상
2019091400100374,2019년 9월 14일 20시,토요일,대전광역시 중구 유천동,경상사고,0,0,2,0,차대차 - 측면충돌,교차로운행방법위반,건조,맑음,교차로 - 교차로부근,승용,남,28세,경상,원동기,남,23세,경상
2019091400100375,2019년 9월 14일 20시,토요일,대전광역시 동구 가양동,경상사고,0,0,1,0,차대사람 - 기타,안전운전불이행,건조,맑음,단일로 - 기타,화물,남,47세,상해없음,보행자,여,52세,경상
2019091400100394,2019년 9월 14일 21시,토요일,대전광역시 유성구 봉명동,경상사고,0,0,1,0,차대차 - 후진중충돌,안전운전불이행,건조,맑음,단일로 - 기타,승용,남,64세,상해없음,승용,남,24세,경상
2019091500100031,2019년 9월 15일 00시,일요일,대전광역시 동구 인동,경상사고,0,0,3,0,차대차 - 측면충돌,교차로운행방법위반,건조,맑음,교차로 - 교차로안,승용,남,37세,상해없음,승용,남,42세,경상
2019091500100061,2019년 9월 15일 03시,일요일,대전광역시 서구 둔산동,경상사고,0,0,1,0,차대사람 - 기타,안전운전불이행,건조,맑음,기타 - 기타,승용,남,28세,상해없음,보행자,남,29세,경상
2019091500100075,2019년 9월 15일 04시,일요일,대전광역시 동구 성남동,경상사고,0,0,2,0,차대차 - 측면충돌,안전거리미확보,건조,맑음,단일로 - 기타,승용,여,23세,상해없음,승용,남,62세,경상
2019091500100110,2019년 9월 15일 09시,일요일,대전광역시 중구 호동,경상사고,0,0,1,0,차대차 - 측면충돌,교차로운행방법위반,건조,맑음,교차로 - 교차로안,개인형이동수단(PM),남,12세,경상,화물,남,58세,상해없음
2019091500100111,2019년 9월 15일 09시,일요일,대전광역시 동구 삼정동,경상사고,0,0,1,0,차대차 - 추돌,안전운전불이행,건조,맑음,단일로 - 기타,화물,남,46세,상해없음,승용,여,51세,경상
2019091500100201,2019년 9월 15일 13시,일요일,대전광역시 서구 갈마동,경상사고,0,0,1,0,차대차 - 기타,안전거리미확보,건조,맑음,단일로 - 기타,화물,남,73세,상해없음,승용,여,26세,경상
2019091500100237,2019년 9월 15일 14시,일요일,대전광역시 중구 목동,중상사고,0,1,0,0,차대차 - 측면충돌,안전운전불이행,건조,맑음,교차로 - 교차로안,승용,여,52세,상해없음,승용,남,54세,중상
2019091500100265,2019년 9월 15일 15시,일요일,대전광역시 유성구 전민동,경상사고,0,0,1,0,차대차 - 기타,기타,건조,맑음,교차로 - 교차로안,승용,남,29세,상해없음,승용,여,27세,경상
2019091500100289,2019년 9월 15일 16시,일요일,대전광역시 중구 선화동,부상신고사고,0,0,0,1,차대사람 - 기타,안전운전불이행,건조,맑음,단일로 - 기타,승용,남,54세,기타불명,보행자,남,60세,부상신고
2019091500100290,2019년 9월 15일 16시,일요일,대전광역시 서구 월평동,경상사고,0,0,3,0,차대차 - 기타,안전운전불이행,건조,맑음,단일로 - 기타,승용,남,47세,상해없음,승용,남,47세,상해없음
2019091500100291,2019년 9월 15일 16시,일요일,대전광역시 유성구 방동,경상사고,0,0,2,0,차대차 - 추돌,안전거리미확보,건조,맑음,교차로 - 교차로부근,승용,여,58세,상해없음,승용,남,31세,경상
2019091500100321,2019년 9월 15일 17시,일요일,대전광역시 중구 용두동,경상사고,0,0,2,0,차대차 - 후진중충돌,안전운전불이행,건조,맑음,교차로 - 교차로안,화물,남,60세,상해없음,승용,남,36세,경상
2019091500100359,2019년 9월 15일 18시,일요일,대전광역시 유성구 지족동,중상사고,0,1,0,0,차대차 - 측면충돌,신호위반,건조,맑음,교차로 - 교차로안,승용,남,57세,상해없음,원동기,남,24세,중상
2019091500100410,2019년 9월 15일 20시,일요일,대전광역시 동구 세천동,경상사고,0,0,2,0,차대차 - 측면충돌,안전운전불이행,건조,맑음,단일로 - 기타,승합,남,35세,상해없음,승용,남,29세,경상
2019091500100438,2019년 9월 15일 21시,일요일,대전광역시 서구 탄방동,경상사고,0,0,1,0,차대차 - 정면충돌,신호위반,건조,맑음,교차로 - 교차로안,승용,여,58세,상해없음,승용,남,19세,경상
2019091600100075,2019년 9월 16일 05시,월요일,대전광역시 서구 둔산동,경상사고,0,0,1,0,차대차 - 기타,신호위반,건조,맑음,교차로 - 교차로안,승용,남,56세,상해없음,승용,남,63세,경상
2019091600100169,2019년 9월 16일 08시,월요일,대전광역시 중구 중촌동,경상사고,0,0,1,0,차대차 - 기타,신호위반,건조,맑음,단일로 - 지하차도(도로)내,승용,남,75세,상해없음,승용,남,55세,경상
2019091600100170,2019년 9월 16일 08시,월요일,대전광역시 서구 도마동,중상사고,0,1,1,0,차대차 - 정면충돌,중앙선침범,건조,맑음,교차로 - 교차로부근,승용,남,27세,상해없음,승합,여,60세,중상
2019091600100171,2019년 9월 16일 08시,월요일,대전광역시 대덕구 목상동,경상사고,0,0,1,0,차대차 - 측면충돌,신호위반,건조,맑음,교차로 - 교차로안,승용,여,51세,상해없음,승용,남,41세,경상
2019091600100210,2019년 9월 16일 09시,월요일,대전광역시 유성구 장대동,경상사고,0,0,2,0,차대차 - 기타,안전거리미확보,건조,맑음,단일로 - 기타,승용,여,53세,상해없음,승용,여,44세,경상
2019091600100260,2019년 9월 16일 11시,월요일,대전광역시 중구 석교동,경상사고,0,0,1,0,차대차 - 추돌,신호위반,건조,맑음,교차로 - 교차로안,이륜,여,63세,상해없음,원동기,여,48세,경상
2019091600100261,2019년 9월 16일 11시,월요일,대전광역시 중구 목동,중상사고,0,1,0,0,차대차 - 측면충돌,안전운전불이행,건조,맑음,단일로 - 기타,승용,남,45세,상해없음,이륜,남,74세,중상
2019091600100297,2019년 9월 16일 12시,월요일,대전광역시 동구 판암동,중상사고,0,1,0,0,차대차 - 추돌,안전거리미확보,건조,맑음,교차로 - 교차로부근,승용,남,41세,상해없음,승용,남,36세,중상
2019091600100298,2019년 9월 16일 12시,월요일,대전광역시 서구 둔산동,경상사고,0,0,1,0,차대차 - 추돌,안전운전불이행,건조,맑음,단일로 - 기타,승용,남,20세,상해없음,승용,여,56세,경상
2019091600100334,2019년 9월 16일 13시,월요일,대전광역시 서구 탄방동,중상사고,0,1,0,2,차대차 - 측면충돌,신호위반,건조,맑음,교차로 - 교차로안,승용,남,62세,부상신고,이륜,남,29세,중상
2019091600100377,2019년 9월 16일 14시,월요일,대전광역시 동구 대성동,경상사고,0,0,1,0,차대차 - 측면충돌,안전거리미확보,건조,맑음,단일로 - 기타,승용,남,47세,상해없음,승용,남,32세,경상
2019091600100378,2019년 9월 16일 14시,월요일,대전광역시 대덕구 중리동,경상사고,0,0,1,0,차대차 - 기타,안전운전불이행,건조,맑음,단일로 - 기타,승용,남,35세,상해없음,승용,남,32세,상해없음
2019091600100379,2019년 9월 16일 14시,월요일,대전광역시 서구 둔산동,경상사고,0,0,1,0,차대차 - 측면충돌,안전운전불이행,건조,맑음,교차로 - 교차로안,승용,여,26세,상해없음,승용,남,42세,경상
2019091600100380,2019년 9월 16일 14시,월요일,대전광역시 서구 둔산동,중상사고,0,1,9,1,차대차 - 측면충돌,안전운전불이행,건조,맑음,교차로 - 교차로안,승용,남,25세,부상신고,승합,남,61세,경상
2019091600100414,2019년 9월 16일 15시,월요일,대전광역시 중구 부사동,경상사고,0,0,3,0,차대차 - 측면충돌,안전운전불이행,건조,맑음,교차로 - 교차로부근,화물,남,36세,경상,승용,여,50세,경상
2019091600100415,2019년 9월 16일 15시,월요일,대전광역시 대덕구 대화동,경상사고,0,0,1,0,차대차 - 기타,안전운전불이행,건조,맑음,교차로 - 교차로안,화물,남,56세,상해없음,승용,여,49세,경상
2019091600100506,2019년 9월 16일 17시,월요일,대전광역시 중구 대흥동,경상사고,0,0,3,0,차대차 - 측면충돌,교차로운행방법위반,건조,맑음,교차로 - 교차로부근,승용,여,46세,경상,승용,여,60세,경상
2019091600100553,2019년 9월 16일 18시,월요일,대전광역시 대덕구 목상동,경상사고,0,0,2,0,차대차 - 기타,안전운전불이행,건조,맑음,단일로 - 기타,화물,남,56세,상해없음,화물,남,55세,경상
2019091600100598,2019년 9월 16일 19시,월요일,대전광역시 동구 자양동,경상사고,0,0,1,0,차대차 - 측면충돌,신호위반,건조,맑음,교차로 - 교차로안,승용,여,49세,상해없음,이륜,남,43세,경상
2019091600100599,2019년 9월 16일 19시,월요일,대전광역시 서구 둔산동,경상사고,0,0,1,0,차대차 - 측면충돌,신호위반,건조,맑음,교차로 - 교차로안,승용,여,46세,상해없음,승용,남,33세,경상
2019091600100617,2019년 9월 16일 20시,월요일,대전광역시 중구 유천동,경상사고,0,0,1,0,차대차 - 측면충돌,교차로운행방법위반,건조,맑음,교차로 - 교차로안,승용,남,54세,상해없음,원동기,남,42세,경상
2019091600100643,2019년 9월 16일 21시,월요일,대전광역시 동구 정동,경상사고,0,0,1,0,차대차 - 측면충돌,안전운전불이행,건조,맑음,교차로 - 교차로안,화물,남,53세,상해없음,승용,남,37세,경상
2019091600100644,2019년 9월 16일 21시,월요일,대전광역시 유성구 원내동,부상신고사고,0,0,0,1,차대차 - 추돌,안전운전불이행,건조,맑음,단일로 - 기타,승용,남,76세,상해없음,승합,남,49세,부상신고
2019091600100659,2019년 9월 16일 22시,월요일,대전광역시 중구 은행동,중상사고,0,1,0,0,차대차 - 측면충돌,안전운전불이행,건조,맑음,교차로 - 교차로안,승용,남,56세,상해없음,자전거,남,61세,중상
2019091600100673,2019년 9월 16일 23시,월요일,대전광역시 대덕구 오정동,경상사고,0,0,2,0,차대차 - 정면충돌,신호위반,건조,맑음,교차로 - 교차로안,이륜,남,30세,기타불명,승용,남,57세,경상
2019091700100036,2019년 9월 17일 00시,화요일,대전광역시 유성구 학하동,중상사고,0,1,1,0,차대차 - 기타,신호위반,건조,맑음,교차로 - 교차로안,승용,남,35세,상해없음,승용,여,56세,중상
2019091700100037,2019년 9월 17일 00시,화요일,대전광역시 유성구 봉명동,경상사고,0,0,2,0,차대차 - 기타,안전거리미확보,건조,맑음,교차로 - 교차로부근,특수,남,46세,상해없음,승용,여,56세,경상
2019091700100109,2019년 9월 17일 07시,화요일,대전광역시 대덕구 중리동,경상사고,0,0,1,0,차대차 - 추돌,안전운전불이행,건조,맑음,단일로 - 기타,화물,남,43세,상해없음,승합,남,42세,경상
2019091700100165,2019년 9월 17일 08시,화요일,대전광역시 동구 낭월동,경상사고,0,0,2,0,차대차 - 측면충돌,안전운전불이행,건조,맑음,단일로 - 기타,화물,남,46세,상해없음,승용,남,57세,경상
2019091700100166,2019년 9월 17일 08시,화요일,대전광역시 동구 소제동,경상사고,0,0,1,0,차대차 - 측면충돌,안전운전불이행,건조,맑음,단일로 - 기타,화물,남,46세,상해없음,승용,남,48세,경상
2019091700100167,2019년 9월 17일 08시,화요일,대전광역시 서구 둔산동,경상사고,0,0,1,5,차대차 - 기타,직진우회전진행방해,건조,맑음,교차로 - 교차로안,승용,남,28세,부상신고,승용,여,38세,경상
2019091700100285,2019년 9월 17일 11시,화요일,대전광역시 유성구 덕명동,부상신고사고,0,0,0,1,차대사람 - 횡단중,안전운전불이행,건조,맑음,단일로 - 기타,이륜,남,25세,부상신고,보행자,여,22세,상해없음
2019091700100324,2019년 9월 17일 12시,화요일,대전광역시 서구 월평동,중상사고,0,1,0,0,차대사람 - 기타,안전운전불이행,건조,맑음,단일로 - 기타,승용,남,39세,상해없음,보행자,남,64세,중상
2019091700100353,2019년 9월 17일 13시,화요일,대전광역시 중구 유천동,부상신고사고,0,0,0,1,차대차 - 정면충돌,안전운전불이행,건조,맑음,단일로 - 기타,개인형이동수단(PM),남,22세,부상신고,화물,남,49세,상해없음
2019091700100424,2019년 9월 17일 15시,화요일,대전광역시 동구 중동,경상사고,0,0,2,0,차대차 - 기타,안전운전불이행,건조,맑음,교차로 - 교차로부근,승용,남,47세,경상,승합,남,75세,경상
2019091700100425,2019년 9월 17일 15시,화요일,대전광역시 동구 가양동,경상사고,0,0,2,0,차대차 - 측면충돌,차로위반,건조,맑음,교차로 - 교차로부근,화물,여,64세,상해없음,승용,남,62세,경상
2019091700100426,2019년 9월 17일 15시,화요일,대전광역시 서구 도마동,경상사고,0,0,1,0,차대사람 - 보도통행중,기타,건조,맑음,기타 - 기타,이륜,여,62세,상해없음,보행자,남,57세,경상
2019091700100469,2019년 9월 17일 16시,화요일,대전광역시 동구 대동,중상사고,0,1,0,0,차대사람 - 기타,안전운전불이행,건조,맑음,단일로 - 기타,승용,남,42세,상해없음,보행자,여,76세,중상
2019091700100470,2019년 9월 17일 16시,화요일,대전광역시 서구 갈마동,경상사고,0,0,1,3,차대차 - 기타,안전거리미확보,건조,맑음,교차로 - 교차로부근,화물,남,51세,상해없음,승용,남,23세,부상신고
2019091700100471,2019년 9월 17일 16시,화요일,대전광역시 유성구 봉명동,중상사고,0,1,1,0,차대차 - 기타,안전운전불이행,건조,맑음,교차로 - 교차로부근,승용,남,64세,중상,승용,남,44세,경상
2019091700100515,2019년 9월 17일 17시,화요일,대전광역시 서구 둔산동,경상사고,0,0,1,0,차대차 - 기타,안전운전불이행,건조,맑음,교차로 - 교차로안,승용,남,68세,상해없음,승용,여,36세,경상
2019091700100516,2019년 9월 17일 17시,화요일,대전광역시 유성구 덕명동,중상사고,0,1,0,0,차대사람 - 기타,안전운전불이행,건조,맑음,교차로 - 교차로안,승용,남,68세,상해없음,보행자,여,69세,중상
2019091700100517,2019년 9월 17일 17시,화요일,대전광역시 유성구 관평동,경상사고,0,0,1,0,차대사람 - 기타,안전운전불이행,건조,맑음,단일로 - 기타,승용,남,41세,기타불명,보행자,여,18세,경상
2019091700100559,2019년 9월 17일 18시,화요일,대전광역시 중구 유천동,중상사고,0,1,0,0,차대차 - 측면충돌,안전운전불이행,건조,맑음,교차로 - 교차로안,승용,여,43세,상해없음,이륜,남,39세,중상
2019091700100560,2019년 9월 17일 18시,화요일,대전광역시 서구 둔산동,중상사고,0,1,0,0,차대차 - 측면충돌,안전운전불이행,건조,맑음,단일로 - 기타,이륜,남,33세,상해없음,자전거,남,25세,중상
2019091700100610,2019년 9월 17일 19시,화요일,대전광역시 대덕구 비래동,경상사고,0,0,1,0,차대차 - 추돌,안전운전불이행,건조,맑음,단일로 - 기타,승용,여,46세,상해없음,승용,남,32세,경상
2019091700100679,2019년 9월 17일 22시,화요일,대전광역시 서구 갈마동,경상사고,0,0,1,0,차대차 - 후진중충돌,안전운전불이행,건조,맑음,교차로 - 교차로안,화물,남,55세,상해없음,이륜,남,24세,경상
2019091700100680,2019년 9월 17일 22시,화요일,대전광역시 유성구 궁동,경상사고,0,0,1,0,차량단독 - 기타,안전운전불이행,건조,맑음,단일로 - 기타,개인형이동수단(PM),남,20세,경상,,,,
2019091700100694,2019년 9월 17일 23시,화요일,대전광역시 유성구 관평동,중상사고,0,1,2,0,차대차 - 측면충돌,안전운전불이행,건조,맑음,기타 - 기타,승용,남,54세,상해없음,승용,여,51세,중상
2019091800100081,2019년 9월 18일 06시,수요일,대전광역시 유성구 어은동,경상사고,0,0,1,0,차대차 - 측면충돌,신호위반,건조,맑음,교차로 - 교차로안,승용,남,41세,상해없음,승용,남,50세,경상
2019091800100127,2019년 9월 18일 08시,수요일,대전광역시 대덕구 비래동,경상사고,0,0,1,0,차대차 - 추돌,안전운전불이행,건조,맑음,단일로 - 기타,화물,남,46세,상해없음,승용,여,53세,경상
2019091800100144,2019년 9월 18일 08시,수요일,대전광역시 유성구 봉명동,경상사고,0,0,1,0,차대차 - 측면충돌,안전운전불이행,건조,맑음,단일로 - 기타,승용,남,35세,상해없음,승용,여,30세,경상
2019091800100201,2019년 9월 18일 10시,수요일,대전광역시 동구 홍도동,중상사고,0,1,0,0,차대사람 - 횡단중,안전운전불이행,건조,맑음,교차로 - 교차로부근,이륜,남,43세,상해없음,보행자,여,75세,중상