사고번호,사고일시,요일,시군구,사고내용,사망자수,중상자수,경상자수,부상신고자수,사고유형,법규위반,노면상태,기상상태,도로형태,가해운전자 차종,가해운전자 성별,가해운전자 연령,가해운전자 상해정도,피해운전자 차종,피해운전자 성별,피해운전자 연령,피해운전자 상해정도
2019100900100042,2019년 10월 9일 00시,수요일,대전광역시 서구 관저동,경상사고,0,0,1,0,차대사람 - 횡단중,안전운전불이행,건조,맑음,단일로 - 기타,승용,남,43세,상해없음,보행자,여,40세,경상
2019100900100066,2019년 10월 9일 01시,수요일,대전광역시 중구 대흥동,경상사고,0,0,1,0,차대사람 - 기타,안전운전불이행,건조,맑음,교차로 - 교차로안,승용,남,62세,상해없음,보행자,남,20세,경상
2019100900100067,2019년 10월 9일 01시,수요일,대전광역시 서구 둔산동,경상사고,0,0,1,0,차대사람 - 기타,안전운전불이행,건조,맑음,기타 - 기타,승용,남,51세,상해없음,보행자,남,26세,경상
2019100900100068,2019년 10월 9일 01시,수요일,대전광역시 유성구 노은동,중상사고,0,1,0,0,차대차 - 기타,안전거리미확보,건조,맑음,단일로 - 기타,승용,남,62세,상해없음,이륜,남,46세,중상
2019100900100085,2019년 10월 9일 03시,수요일,대전광역시 중구 은행동,경상사고,0,0,2,1,차대차 - 측면충돌,신호위반,건조,맑음,교차로 - 교차로안,기타불명,기타불명,미분류,기타불명,승용,남,56세,경상
2019100900100119,2019년 10월 9일 06시,수요일,대전광역시 유성구 궁동,경상사고,0,0,1,0,차대차 - 측면충돌,기타,건조,맑음,단일로 - 기타,승합,남,54세,상해없음,승용,여,60세,경상
2019100900100137,2019년 10월 9일 07시,수요일,대전광역시 동구 가오동,중상사고,0,1,0,0,차대사람 - 기타,안전운전불이행,건조,맑음,단일로 - 기타,승용,남,43세,상해없음,보행자,여,62세,중상
2019100900100190,2019년 10월 9일 09시,수요일,대전광역시 유성구 신성동,경상사고,0,0,1,1,차대차 - 추돌,안전거리미확보,건조,맑음,교차로 - 교차로부근,승용,여,67세,상해없음,승용,여,48세,경상
2019100900100191,2019년 10월 9일 09시,수요일,대전광역시 유성구 지족동,경상사고,0,0,1,0,차대차 - 측면충돌,안전운전불이행,건조,맑음,교차로 - 교차로안,승용,남,40세,상해없음,승용,남,78세,경상
2019100900100245,2019년 10월 9일 11시,수요일,대전광역시 유성구 도룡동,경상사고,0,0,1,0,차대차 - 측면충돌,안전거리미확보,건조,맑음,단일로 - 기타,승용,여,47세,상해없음,승용,남,26세,경상
2019100900100275,2019년 10월 9일 12시,수요일,대전광역시 서구 괴정동,경상사고,0,0,1,0,차대차 - 추돌,안전운전불이행,건조,맑음,교차로 - 교차로안,승용,남,62세,상해없음,승용,여,53세,경상
2019100900100276,2019년 10월 9일 12시,수요일,대전광역시 유성구 덕명동,경상사고,0,0,3,0,차대차 - 추돌,안전거리미확보,건조,맑음,교차로 - 교차로안,승용,남,33세,상해없음,승용,남,35세,경상
2019100900100277,2019년 10월 9일 12시,수요일,대전광역시 유성구 지족동,중상사고,0,1,0,0,차대차 - 측면충돌,중앙선침범,건조,맑음,교차로 - 교차로부근,승합,남,29세,상해없음,이륜,남,16세,중상
2019100900100314,2019년 10월 9일 13시,수요일,대전광역시 대덕구 비래동,중상사고,0,1,0,0,차대차 - 측면충돌,신호위반,건조,맑음,교차로 - 교차로안,승용,남,65세,상해없음,이륜,남,27세,중상
2019100900100315,2019년 10월 9일 13시,수요일,대전광역시 유성구 지족동,중상사고,0,1,0,0,차량단독 - 기타,기타,건조,맑음,단일로 - 기타,승합,남,46세,상해없음,,,,
2019100900100427,2019년 10월 9일 16시,수요일,대전광역시 서구 괴정동,경상사고,0,0,3,0,차대차 - 측면충돌,교차로운행방법위반,건조,맑음,교차로 - 교차로안,이륜,남,25세,경상,승용,남,23세,경상
2019100900100467,2019년 10월 9일 17시,수요일,대전광역시 중구 부사동,경상사고,0,0,2,0,차대차 - 추돌,안전운전불이행,건조,맑음,교차로 - 교차로부근,승용,남,18세,상해없음,승용,남,37세,경상
2019100900100468,2019년 10월 9일 17시,수요일,대전광역시 동구 삼성동,경상사고,0,0,1,0,차대차 - 측면충돌,안전거리미확보,건조,맑음,교차로 - 교차로부근,승용,남,51세,상해없음,승용,여,49세,경상
2019100900100469,2019년 10월 9일 17시,수요일,대전광역시 동구 인동,경상사고,0,0,1,0,차대차 - 후진중충돌,안전운전불이행,건조,맑음,단일로 - 터널,화물,남,77세,상해없음,승용,남,80세,경상
2019100900100470,2019년 10월 9일 17시,수요일,대전광역시 유성구 장대동,경상사고,0,0,1,0,차대차 - 기타,안전운전불이행,건조,맑음,교차로 - 교차로부근,화물,남,76세,상해없음,자전거,남,59세,경상
2019100900100506,2019년 10월 9일 18시,수요일,대전광역시 중구 중촌동,중상사고,0,2,0,0,차대사람 - 횡단중,안전운전불이행,건조,맑음,단일로 - 기타,승용,남,77세,상해없음,보행자,남,65세,중상
2019100900100507,2019년 10월 9일 18시,수요일,대전광역시 중구 유천동,중상사고,0,1,0,0,차대사람 - 횡단중,안전운전불이행,건조,맑음,단일로 - 기타,승용,남,69세,상해없음,보행자,여,78세,중상
2019100900100508,2019년 10월 9일 18시,수요일,대전광역시 중구 문화동,중상사고,0,1,2,0,차대차 - 기타,안전거리미확보,건조,맑음,단일로 - 기타,승용,남,49세,상해없음,승합,남,49세,경상
2019100900100509,2019년 10월 9일 18시,수요일,대전광역시 동구 용전동,중상사고,0,1,0,0,차대사람 - 횡단중,보행자보호의무위반,건조,맑음,단일로 - 기타,승용,남,63세,상해없음,보행자,여,34세,중상
2019100900100551,2019년 10월 9일 19시,수요일,대전광역시 중구 안영동,중상사고,0,1,0,0,차대차 - 측면충돌,안전운전불이행,건조,맑음,단일로 - 기타,승용,남,56세,상해없음,자전거,남,57세,중상
2019100900100552,2019년 10월 9일 19시,수요일,대전광역시 유성구 봉명동,경상사고,0,0,1,0,차대차 - 추돌,안전운전불이행,건조,맑음,교차로 - 교차로부근,승용,여,49세,상해없음,승용,남,29세,경상
2019100900100591,2019년 10월 9일 20시,수요일,대전광역시 중구 태평동,경상사고,0,0,3,0,차대사람 - 기타,안전운전불이행,건조,맑음,교차로 - 교차로부근,승용,여,56세,상해없음,보행자,여,51세,경상
2019100900100592,2019년 10월 9일 20시,수요일,대전광역시 유성구 장대동,경상사고,0,0,1,0,차대차 - 측면충돌,안전거리미확보,건조,맑음,단일로 - 기타,승용,남,29세,상해없음,승용,여,31세,경상
2019100900100657,2019년 10월 9일 23시,수요일,대전광역시 동구 가양동,경상사고,0,0,3,0,차대차 - 기타,신호위반,건조,맑음,교차로 - 교차로부근,이륜,남,18세,경상,승용,여,38세,경상
2019101000100037,2019년 10월 10일 01시,목요일,대전광역시 유성구 장대동,경상사고,0,0,1,0,차대차 - 기타,기타,건조,맑음,단일로 - 기타,승용,남,36세,상해없음,이륜,남,41세,경상
2019101000100081,2019년 10월 10일 06시,목요일,대전광역시 중구 오류동,중상사고,0,1,0,0,차대차 - 측면충돌,안전운전불이행,건조,맑음,교차로 - 교차로안,승용,남,49세,상해없음,승합,남,62세,중상
2019101000100164,2019년 10월 10일 08시,목요일,대전광역시 중구 문화동,경상사고,0,0,1,0,차대차 - 기타,안전운전불이행,건조,맑음,단일로 - 기타,승합,남,46세,상해없음,승용,남,69세,경상
2019101000100226,2019년 10월 10일 10시,목요일,대전광역시 서구 도마동,부상신고사고,0,0,0,1,차대사람 - 기타,안전운전불이행,건조,맑음,단일로 - 기타,승용,남,35세,상해없음,보행자,여,89세,부상신고
2019101000100227,2019년 10월 10일 10시,목요일,대전광역시 서구 월평동,경상사고,0,0,1,0,차대차 - 측면충돌,신호위반,건조,맑음,단일로 - 기타,승용,여,29세,상해없음,승용,여,48세,경상
2019101000100267,2019년 10월 10일 11시,목요일,대전광역시 중구 산성동,경상사고,0,0,2,0,차대차 - 측면충돌,교차로운행방법위반,건조,맑음,교차로 - 교차로안,승합,남,64세,상해없음,승용,남,52세,경상
2019101000100268,2019년 10월 10일 11시,목요일,대전광역시 동구 가양동,중상사고,0,1,1,0,차대차 - 측면충돌,신호위반,건조,맑음,교차로 - 교차로안,승용,남,58세,상해없음,이륜,남,34세,중상
2019101000100294,2019년 10월 10일 12시,목요일,대전광역시 중구 오류동,경상사고,0,0,2,0,차대차 - 추돌,안전운전불이행,건조,맑음,교차로 - 교차로부근,승용,남,80세,상해없음,승합,남,58세,상해없음
2019101000100425,2019년 10월 10일 15시,목요일,대전광역시 동구 삼성동,경상사고,0,0,3,0,차대차 - 측면충돌,신호위반,건조,맑음,교차로 - 교차로안,승용,남,55세,상해없음,승용,여,61세,경상
2019101000100426,2019년 10월 10일 15시,목요일,대전광역시 동구 판암동,경상사고,0,0,1,0,차대차 - 추돌,교차로운행방법위반,건조,맑음,단일로 - 기타,건설기계,남,61세,상해없음,승용,남,34세,경상
2019101000100427,2019년 10월 10일 15시,목요일,대전광역시 유성구 지족동,부상신고사고,0,0,0,1,차대사람 - 기타,안전운전불이행,건조,맑음,단일로 - 기타,승용,여,60세,상해없음,보행자,여,59세,부상신고
2019101000100512,2019년 10월 10일 17시,목요일,대전광역시 동구 가양동,경상사고,0,0,1,0,차대사람 - 길가장자리구역통행중,안전운전불이행,건조,맑음,단일로 - 기타,승용,여,19세,상해없음,보행자,여,22세,경상
2019101000100513,2019년 10월 10일 17시,목요일,대전광역시 서구 둔산동,경상사고,0,0,1,0,차대차 - 기타,안전운전불이행,건조,맑음,교차로 - 교차로안,승용,여,59세,경상,승용,남,81세,상해없음
2019101000100514,2019년 10월 10일 17시,목요일,대전광역시 유성구 어은동,경상사고,0,0,1,0,차대차 - 기타,안전거리미확보,건조,맑음,교차로 - 교차로부근,화물,남,48세,상해없음,승용,남,30세,경상
2019101000100566,2019년 10월 10일 18시,목요일,대전광역시 중구 태평동,중상사고,0,1,0,0,차대사람 - 횡단중,안전운전불이행,건조,맑음,교차로 - 교차로안,화물,남,35세,상해없음,보행자,여,27세,중상
2019101000100621,2019년 10월 10일 19시,목요일,대전광역시 서구 월평동,중상사고,0,1,0,0,차대사람 - 횡단중,보행자보호의무위반,건조,맑음,단일로 - 기타,승합,남,62세,상해없음,보행자,여,17세,중상
2019101000100691,2019년 10월 10일 21시,목요일,대전광역시 유성구 노은동,경상사고,0,0,2,0,차대차 - 기타,신호위반,건조,맑음,교차로 - 교차로안,승용,남,56세,상해없음,승용,남,56세,경상
2019101000100719,2019년 10월 10일 22시,목요일,대전광역시 대덕구 송촌동,경상사고,0,0,1,0,차대사람 - 횡단중,보행자보호의무위반,건조,맑음,교차로 - 교차로횡단보도내,이륜,남,20세,상해없음,보행자,여,20세,경상
2019101000100720,2019년 10월 10일 22시,목요일,대전광역시 서구 탄방동,중상사고,0,1,0,0,차대차 - 기타,안전운전불이행,건조,맑음,교차로 - 교차로횡단보도내,승용,여,50세,상해없음,자전거,남,58세,중상
2019101000100721,2019년 10월 10일 22시,목요일,대전광역시 유성구 봉명동,경상사고,0,0,3,0,차대차 - 후진중충돌,안전운전불이행,건조,맑음,단일로 - 기타,승용,남,63세,상해없음,승용,남,26세,경상
2019101000100722,2019년 10월 10일 22시,목요일,대전광역시 유성구 원신흥동,경상사고,0,0,1,0,차량단독 - 기타,기타,건조,맑음,단일로 - 기타,승합,남,56세,상해없음,,,,
2019101000100741,2019년 10월 10일 23시,목요일,대전광역시 대덕구 신대동,중상사고,0,1,0,0,차대차 - 추돌,안전운전불이행,건조,맑음,단일로 - 기타,승용,남,22세,상해없음,승용,남,48세,중상
2019101100100048,2019년 10월 11일 00시,금요일,대전광역시 서구 갈마동,경상사고,0,0,3,0,차대차 - 추돌,안전운전불이행,건조,맑음,단일로 - 기타,승용,남,37세,상해없음,승용,남,55세,경상
2019101100100061,2019년 10월 11일 01시,금요일,대전광역시 유성구 원촌동,중상사고,0,1,0,0,차량단독 - 전도전복 - 전도,안전운전불이행,건조,맑음,단일로 - 기타,이륜,남,52세,중상,,,,
2019101100100067,2019년 10월 11일 02시,금요일,대전광역시 유성구 원신흥동,경상사고,0,0,1,0,차대차 - 기타,안전거리미확보,건조,맑음,단일로 - 기타,승용,남,55세,상해없음,승용,남,39세,경상
2019101100100081,2019년 10월 11일 04시,금요일,대전광역시 서구 월평동,경상사고,0,0,1,0,차대차 - 기타,신호위반,건조,맑음,단일로 - 기타,승용,남,25세,상해없음,승용,남,50세,경상
2019101100100090,2019년 10월 11일 05시,금요일,대전광역시 서구 용문동,경상사고,0,0,2,0,차대차 - 측면충돌,교차로운행방법위반,건조,맑음,교차로 - 교차로안,승용,남,51세,상해없음,승용,남,67세,경상
2019101100100173,2019년 10월 11일 08시,금요일,대전광역시 중구 문창동,중상사고,0,1,0,0,차대사람 - 기타,안전운전불이행,건조,맑음,교차로 - 교차로부근,화물,남,54세,상해없음,보행자,남,72세,중상
2019101100100216,2019년 10월 11일 09시,금요일,대전광역시 동구 용전동,경상사고,0,0,1,0,차대사람 - 차도통행중,안전운전불이행,건조,맑음,교차로 - 교차로부근,화물,남,21세,상해없음,보행자,여,56세,경상
2019101100100250,2019년 10월 11일 10시,금요일,대전광역시 중구 유천동,경상사고,0,0,1,0,차대차 - 측면충돌,신호위반,건조,맑음,교차로 - 교차로횡단보도내,화물,남,58세,상해없음,자전거,여,41세,경상
2019101100100251,2019년 10월 11일 10시,금요일,대전광역시 중구 대사동,경상사고,0,0,1,0,차대차 - 측면충돌,교차로운행방법위반,건조,맑음,교차로 - 교차로안,승용,여,68세,상해없음,승용,여,43세,경상
2019101100100318,2019년 10월 11일 12시,금요일,대전광역시 대덕구 오정동,경상사고,0,0,1,0,차대차 - 기타,안전운전불이행,건조,맑음,단일로 - 교량,승용,남,49세,기타불명,화물,남,36세,경상
2019101100100319,2019년 10월 11일 12시,금요일,대전광역시 유성구 용산동,경상사고,0,0,1,0,차량단독 - 기타,안전운전불이행,건조,맑음,단일로 - 기타,승합,남,57세,상해없음,,,,
2019101100100385,2019년 10월 11일 14시,금요일,대전광역시 동구 중동,중상사고,0,1,0,0,차대차 - 측면충돌,신호위반,건조,맑음,교차로 - 교차로안,자전거,남,82세,중상,화물,남,25세,상해없음
2019101100100386,2019년 10월 11일 14시,금요일,대전광역시 유성구 장대동,경상사고,0,0,1,0,차대차 - 기타,안전운전불이행,건조,맑음,단일로 - 기타,승용,여,35세,기타불명,승합,여,55세,경상
2019101100100428,2019년 10월 11일 15시,금요일,대전광역시 중구 문화동,경상사고,0,0,1,0,차대사람 - 횡단중,중앙선침범,건조,맑음,단일로 - 기타,자전거,남,14세,상해없음,보행자,여,44세,경상
2019101100100429,2019년 10월 11일 15시,금요일,대전광역시 중구 유천동,경상사고,0,0,1,0,차대차 - 기타,신호위반,건조,맑음,단일로 - 기타,승용,남,22세,상해없음,이륜,남,59세,경상
2019101100100486,2019년 10월 11일 16시,금요일,대전광역시 중구 은행동,경상사고,0,0,1,0,차대사람 - 기타,안전운전불이행,건조,맑음,단일로 - 기타,자전거,남,56세,상해없음,보행자,여,32세,경상
2019101100100487,2019년 10월 11일 16시,금요일,대전광역시 동구 삼성동,중상사고,0,1,0,0,차대사람 - 차도통행중,중앙선침범,건조,맑음,단일로 - 기타,승용,남,83세,상해없음,보행자,여,75세,중상
2019101100100488,2019년 10월 11일 16시,금요일,대전광역시 서구 탄방동,경상사고,0,0,1,0,차대차 - 기타,안전운전불이행,건조,맑음,교차로 - 교차로안,승용,남,28세,상해없음,승용,여,56세,경상
2019101100100489,2019년 10월 11일 16시,금요일,대전광역시 유성구 궁동,경상사고,0,0,2,0,차대차 - 추돌,안전운전불이행,건조,맑음,단일로 - 기타,승용,남,68세,상해없음,승용,남,48세,경상
2019101100100543,2019년 10월 11일 17시,금요일,대전광역시 동구 천동,경상사고,0,0,1,0,차대사람 - 횡단중,보행자보호의무위반,건조,맑음,단일로 - 기타,승용,남,54세,상해없음,보행자,여,14세,경상
2019101100100607,2019년 10월 11일 18시,금요일,대전광역시 유성구 봉명동,중상사고,0,1,1,0,차대차 - 기타,안전운전불이행,건조,맑음,단일로 - 기타,화물,남,38세,상해없음,승용,남,52세,중상
2019101100100669,2019년 10월 11일 19시,금요일,대전광역시 중구 선화동,경상사고,0,0,1,0,차대사람 - 기타,안전운전불이행,건조,맑음,단일로 - 기타,승용,남,25세,상해없음,보행자,남,34세,경상
2019101100100670,2019년 10월 11일 19시,금요일,대전광역시 대덕구 오정동,중상사고,0,1,0,0,차대사람 - 횡단중,보행자보호의무위반,건조,맑음,교차로 - 교차로횡단보도내,승용,남,43세,상해없음,보행자,여,62세,중상
2019101100100671,2019년 10월 11일 19시,금요일,대전광역시 유성구 봉명동,경상사고,0,0,1,0,차대차 - 기타,교차로운행방법위반,건조,맑음,교차로 - 교차로안,이륜,남,61세,상해없음,승용,남,31세,경상
2019101100100712,2019년 10월 11일 20시,금요일,대전광역시 서구 둔산동,경상사고,0,0,1,0,차대차 - 후진중충돌,안전운전불이행,건조,맑음,단일로 - 기타,화물,남,60세,상해없음,승용,남,58세,상해없음
2019101100100739,2019년 10월 11일 21시,금요일,대전광역시 유성구 송강동,경상사고,0,0,1,0,차대사람 - 기타,신호위반,건조,맑음,교차로 - 교차로횡단보도내,승용,여,36세,상해없음,보행자,여,25세,경상
2019101100100779,2019년 10월 11일 22시,금요일,대전광역시 서구 탄방동,중상사고,0,2,0,0,차대차 - 추돌,안전운전불이행,건조,맑음,단일로 - 기타,이륜,남,24세,상해없음,승용,남,24세,중상
2019101100100780,2019년 10월 11일 22시,금요일,대전광역시 유성구 관평동,경상사고,0,0,1,0,차대차 - 기타,중앙선침범,건조,맑음,단일로 - 기타,승용,남,60세,상해없음,승용,남,31세,경상
2019101100100804,2019년 10월 11일 23시,금요일,대전광역시 유성구 구암동,부상신고사고,0,0,0,1,차대차 - 기타,안전운전불이행,건조,맑음,교차로 - 교차로안,개인형이동수단(PM),남,28세,부상신고,승용,남,61세,상해없음
2019101200100041,2019년 10월 12일 00시,토요일,대전광역시 유성구 장대동,중상사고,0,1,1,0,차대차 - 기타,안전운전불이행,건조,맑음,교차로 - 교차로안,승용,남,36세,상해없음,이륜,남,30세,중상
2019101200100072,2019년 10월 12일 02시,토요일,대전광역시 서구 괴정동,경상사고,0,0,1,0,차대사람 - 횡단중,안전운전불이행,건조,맑음,단일로 - 기타,승용,남,61세,상해없음,보행자,여,23세,경상
2019101200100242,2019년 10월 12일 10시,토요일,대전광역시 유성구 구암동,경상사고,0,0,1,0,차대차 - 측면충돌,신호위반,건조,맑음,교차로 - 교차로안,승용,남,66세,상해없음,화물,남,46세,경상
2019101200100282,2019년 10월 12일 11시,토요일,대전광역시 중구 문창동,중상사고,0,1,0,0,차대사람 - 기타,안전운전불이행,건조,맑음,교차로 - 교차로안,화물,남,58세,상해없음,보행자,남,44세,중상
2019101200100283,2019년 10월 12일 11시,토요일,대전광역시 중구 산성동,경상사고,0,0,1,0,차대차 - 추돌,안전운전불이행,건조,맑음,교차로 - 교차로횡단보도내,승용,남,61세,기타불명,자전거,남,76세,경상
2019101200100284,2019년 10월 12일 11시,토요일,대전광역시 유성구 어은동,경상사고,0,0,2,0,차대차 - 후진중충돌,안전운전불이행,젖음/습기,비,교차로 - 교차로안,승용,여,62세,상해없음,승용,남,20세,경상
2019101200100331,2019년 10월 12일 12시,토요일,대전광역시 중구 대흥동,경상사고,0,0,2,0,차대차 - 추돌,안전운전불이행,건조,맑음,단일로 - 기타,승용,남,63세,상해없음,승용,남,43세,경상
2019101200100332,2019년 10월 12일 12시,토요일,대전광역시 동구 용전동,중상사고,0,1,4,0,차대차 - 추돌,안전거리미확보,건조,맑음,단일로 - 기타,화물,남,54세,상해없음,승용,남,39세,경상
2019101200100379,2019년 10월 12일 13시,토요일,대전광역시 동구 판암동,경상사고,0,0,4,0,차대차 - 추돌,안전운전불이행,건조,맑음,교차로 - 교차로부근,승합,남,52세,상해없음,승용,남,56세,경상
2019101200100380,2019년 10월 12일 13시,토요일,대전광역시 서구 탄방동,중상사고,0,1,0,0,차대사람 - 횡단중,보행자보호의무위반,건조,맑음,교차로 - 교차로부근,승용,남,55세,상해없음,보행자,여,55세,중상
2019101200100381,2019년 10월 12일 13시,토요일,대전광역시 서구 둔산동,경상사고,0,0,1,0,차대사람 - 횡단중,보행자보호의무위반,건조,맑음,교차로 - 교차로횡단보도내,승용,남,25세,상해없음,보행자,여,25세,경상
2019101200100382,2019년 10월 12일 13시,토요일,대전광역시 유성구 죽동,경상사고,0,0,1,0,차대차 - 기타,안전운전불이행,건조,맑음,교차로 - 교차로안,승합,여,52세,상해없음,승용,남,28세,경상
2019101200100383,2019년 10월 12일 13시,토요일,대전광역시 유성구 원내동,경상사고,0,0,1,0,차대차 - 기타,안전거리미확보,건조,맑음,교차로 - 교차로부근,승용,여,46세,상해없음,승합,남,52세,상해없음
2019101200100428,2019년 10월 12일 14시,토요일,대전광역시 동구 추동,경상사고,0,0,2,0,차대차 - 측면충돌,안전운전불이행,건조,맑음,단일로 - 기타,승용,남,65세,경상,승용,남,50세,기타불명
2019101200100483,2019년 10월 12일 15시,토요일,대전광역시 중구 선화동,경상사고,0,0,4,0,차대차 - 기타,안전거리미확보,건조,맑음,교차로 - 교차로부근,승용,남,45세,기타불명,승합,남,41세,상해없음
2019101200100484,2019년 10월 12일 15시,토요일,대전광역시 대덕구 미호동,중상사고,0,1,0,0,차대차 - 기타,교차로운행방법위반,건조,맑음,교차로 - 교차로안,승용,남,40세,상해없음,자전거,남,43세,중상
2019101200100485,2019년 10월 12일 15시,토요일,대전광역시 대덕구 덕암동,경상사고,0,0,1,0,차대차 - 기타,중앙선침범,건조,맑음,단일로 - 기타,승용,남,30세,상해없음,승용,남,43세,경상
2019101200100486,2019년 10월 12일 15시,토요일,대전광역시 유성구 관평동,중상사고,0,1,0,0,차대사람 - 기타,안전운전불이행,건조,맑음,교차로 - 교차로부근,승용,여,42세,상해없음,보행자,남,90세 이상,중상
2019101200100542,2019년 10월 12일 16시,토요일,대전광역시 중구 대흥동,중상사고,0,1,0,0,차대차 - 정면충돌,중앙선침범,건조,맑음,단일로 - 기타,승용,남,33세,상해없음,승용,여,57세,중상
2019101200100578,2019년 10월 12일 17시,토요일,대전광역시 동구 자양동,경상사고,0,0,1,0,차대차 - 측면충돌,신호위반,건조,맑음,단일로 - 기타,이륜,남,34세,경상,이륜,남,21세,상해없음
2019101200100621,2019년 10월 12일 18시,토요일,대전광역시 동구 가오동,경상사고,0,0,2,0,차대차 - 추돌,안전운전불이행,건조,맑음,단일로 - 기타,승용,남,44세,상해없음,승용,여,44세,경상
2019101200100622,2019년 10월 12일 18시,토요일,대전광역시 서구 관저동,경상사고,0,0,1,0,차대차 - 측면충돌,안전운전불이행,건조,맑음,기타 - 기타,승용,남,64세,상해없음,승용,남,40세,경상
2019101200100623,2019년 10월 12일 18시,토요일,대전광역시 서구 둔산동,경상사고,0,0,2,0,차대차 - 기타,신호위반,건조,맑음,단일로 - 기타,승용,남,64세,상해없음,승합,남,48세,경상
2019101200100663,2019년 10월 12일 19시,토요일,대전광역시 유성구 장대동,중상사고,0,1,0,0,차대차 - 측면충돌,안전운전불이행,건조,맑음,교차로 - 교차로부근,승용,남,31세,상해없음,자전거,여,65세,중상
2019101200100703,2019년 10월 12일 20시,토요일,대전광역시 서구 둔산동,경상사고,0,0,1,0,차대차 - 기타,안전거리미확보,건조,맑음,단일로 - 기타,승용,여,63세,상해없음,화물,남,43세,경상
2019101200100742,2019년 10월 12일 21시,토요일,대전광역시 유성구 어은동,부상신고사고,0,0,0,3,차대차 - 기타,안전거리미확보,건조,맑음,단일로 - 기타,승용,남,60세,상해없음,승합,남,64세,상해없음
2019101200100757,2019년 10월 12일 22시,토요일,대전광역시 유성구 봉명동,경상사고,0,0,3,0,차대차 - 측면충돌,안전운전불이행,건조,맑음,단일로 - 기타,승용,여,63세,경상,승용,남,44세,경상
2019101300100041,2019년 10월 13일 01시,일요일,대전광역시 중구 오류동,경상사고,0,0,6,0,차대차 - 측면충돌,직진우회전진행방해,건조,맑음,교차로 - 교차로부근,승용,남,73세,상해없음,승용,남,41세,경상
2019101300100042,2019년 10월 13일 01시,일요일,대전광역시 중구 오류동,경상사고,0,0,1,0,차대차 - 측면충돌,안전거리미확보,건조,맑음,단일로 - 기타,승용,남,58세,상해없음,승용,남,32세,경상
2019101300100055,2019년 10월 13일 02시,일요일,대전광역시 중구 대흥동,경상사고,0,0,3,0,차대차 - 측면충돌,신호위반,건조,맑음,교차로 - 교차로안,승용,남,58세,상해없음,승용,남,46세,경상
2019101300100071,2019년 10월 13일 04시,일요일,대전광역시 중구 중촌동,경상사고,0,0,1,0,차대차 - 측면충돌,안전운전불이행,건조,맑음,단일로 - 기타,승용,남,30세,상해없음,승용,남,25세,경상
2019101300100083,2019년 10월 13일 05시,일요일,대전광역시 동구 원동,경상사고,0,0,1,0,차대차 - 측면충돌,신호위반,건조,맑음,단일로 - 기타,승용,여,61세,상해없음,승용,남,54세,경상
2019101300100107,2019년 10월 13일 07시,일요일,대전광역시 중구 산성동,경상사고,0,0,1,0,차대사람 - 기타,안전운전불이행,건조,맑음,교차로 - 교차로부근,이륜,여,56세,상해없음,보행자,여,60세,경상
2019101300100115,2019년 10월 13일 08시,일요일,대전광역시 중구 대흥동,경상사고,0,0,2,0,차대차 - 기타,안전운전불이행,건조,맑음,교차로 - 교차로부근,승용,남,56세,상해없음,승용,남,50세,경상
2019101300100160,2019년 10월 13일 10시,일요일,대전광역시 대덕구 중리동,경상사고,0,0,1,0,차대차 - 기타,신호위반,건조,맑음,교차로 - 교차로안,승용,여,31세,상해없음,승용,남,51세,경상
2019101300100161,2019년 10월 13일 10시,일요일,대전광역시 서구 갈마동,경상사고,0,0,1,1,차대차 - 추돌,안전운전불이행,건조,맑음,단일로 - 기타,승용,남,59세,상해없음,승용,남,49세,부상신고
2019101300100204,2019년 10월 13일 12시,일요일,대전광역시 중구 선화동,경상사고,0,0,1,0,차대차 - 측면충돌,안전거리미확보,건조,맑음,단일로 - 기타,승용,남,72세,상해없음,화물,남,47세,경상
2019101300100205,2019년 10월 13일 12시,일요일,대전광역시 동구 가오동,중상사고,0,1,0,0,차량단독 - 기타,기타,건조,맑음,교차로 - 교차로부근,승합,남,52세,상해없음,,,,
2019101300100206,2019년 10월 13일 12시,일요일,대전광역시 대덕구 상서동,경상사고,0,0,1,0,차량단독 - 기타,기타,건조,맑음,교차로 - 교차로부근,승합,남,50세,상해없음,,,,
2019101300100232,2019년 10월 13일 13시,일요일,대전광역시 서구 가장동,중상사고,0,1,0,0,차대차 - 기타,직진우회전진행방해,건조,맑음,교차로 - 교차로안,승용,남,60세,상해없음,이륜,남,62세,중상
2019101300100280,2019년 10월 13일 14시,일요일,대전광역시 동구 가오동,경상사고,0,0,1,0,차대차 - 측면충돌,교차로운행방법위반,건조,맑음,교차로 - 교차로안,승용,여,60세,상해없음,승용,남,63세,경상
2019101300100316,2019년 10월 13일 15시,일요일,대전광역시 대덕구 신탄진동,경상사고,0,0,1,0,차대차 - 기타,안전거리미확보,건조,맑음,기타 - 기타,승용,여,57세,상해없음,승용,남,59세,경상
2019101300100344,2019년 10월 13일 16시,일요일,대전광역시 서구 관저동,경상사고,0,0,2,0,차대차 - 기타,안전운전불이행,건조,맑음,단일로 - 기타,승용,남,54세,상해없음,승용,여,19세,경상
2019101300100378,2019년 10월 13일 17시,일요일,대전광역시 동구 판암동,경상사고,0,0,1,0,차대사람 - 횡단중,안전운전불이행,건조,맑음,단일로 - 기타,승용,남,72세,상해없음,보행자,남,59세,경상