사고번호,사고일시,요일,시군구,사고내용,사망자수,중상자수,경상자수,부상신고자수,사고유형,법규위반,노면상태,기상상태,도로형태,가해운전자 차종,가해운전자 성별,가해운전자 연령,가해운전자 상해정도,피해운전자 차종,피해운전자 성별,피해운전자 연령,피해운전자 상해정도
2019101300100452,2019년 10월 13일 19시,일요일,대전광역시 유성구 송강동,경상사고,0,0,1,0,차대차 - 기타,안전운전불이행,건조,맑음,교차로 - 교차로안,자전거,남,11세,경상,화물,남,53세,상해없음
2019101300100482,2019년 10월 13일 20시,일요일,대전광역시 유성구 전민동,중상사고,0,1,0,0,차대차 - 기타,안전운전불이행,건조,맑음,단일로 - 기타,기타불명,기타불명,미분류,기타불명,자전거,남,65세,중상
2019101300100503,2019년 10월 13일 21시,일요일,대전광역시 유성구 봉명동,경상사고,0,0,1,0,차대차 - 기타,교차로운행방법위반,건조,맑음,교차로 - 교차로부근,승용,여,65세,상해없음,이륜,남,33세,경상
2019101300100504,2019년 10월 13일 21시,일요일,대전광역시 유성구 봉명동,경상사고,0,0,1,0,차대차 - 기타,신호위반,건조,맑음,교차로 - 교차로안,이륜,기타불명,미분류,기타불명,승합,남,40세,상해없음
2019101300100520,2019년 10월 13일 22시,일요일,대전광역시 서구 가장동,경상사고,0,0,1,0,차량단독 - 기타,안전운전불이행,건조,맑음,단일로 - 기타,승용,남,65세,기타불명,,,,
2019101400100062,2019년 10월 14일 05시,월요일,대전광역시 서구 둔산동,중상사고,0,1,0,0,차대사람 - 횡단중,신호위반,건조,맑음,교차로 - 교차로횡단보도내,이륜,남,53세,상해없음,보행자,여,48세,중상
2019101400100103,2019년 10월 14일 07시,월요일,대전광역시 중구 유천동,경상사고,0,0,2,0,차대차 - 추돌,신호위반,건조,맑음,단일로 - 기타,이륜,남,21세,경상,승용,남,42세,경상
2019101400100192,2019년 10월 14일 09시,월요일,대전광역시 서구 용문동,중상사고,0,1,0,0,차대차 - 기타,안전운전불이행,건조,맑음,교차로 - 교차로부근,화물,남,52세,상해없음,개인형이동수단(PM),남,24세,중상
2019101400100269,2019년 10월 14일 11시,월요일,대전광역시 동구 낭월동,중상사고,0,1,0,0,차대차 - 기타,안전운전불이행,건조,맑음,교차로 - 교차로부근,승용,남,71세,상해없음,승용,남,52세,중상
2019101400100270,2019년 10월 14일 11시,월요일,대전광역시 동구 용전동,경상사고,0,0,2,0,차대차 - 추돌,안전운전불이행,건조,맑음,단일로 - 기타,승용,남,50세,상해없음,승용,남,62세,경상
2019101400100271,2019년 10월 14일 11시,월요일,대전광역시 서구 둔산동,경상사고,0,0,1,0,차대차 - 기타,안전운전불이행,건조,맑음,기타 - 기타,승용,남,74세,상해없음,승용,남,31세,경상
2019101400100272,2019년 10월 14일 11시,월요일,대전광역시 유성구 봉명동,중상사고,0,1,0,0,차대차 - 기타,안전운전불이행,건조,맑음,교차로 - 교차로횡단보도내,승합,남,59세,상해없음,자전거,여,46세,중상
2019101400100273,2019년 10월 14일 11시,월요일,대전광역시 유성구 장대동,경상사고,0,0,1,0,차대차 - 측면충돌,안전운전불이행,건조,맑음,단일로 - 기타,승용,여,34세,기타불명,승용,남,38세,경상
2019101400100310,2019년 10월 14일 12시,월요일,대전광역시 동구 삼성동,경상사고,0,0,1,0,차대차 - 기타,안전거리미확보,건조,맑음,교차로 - 교차로안,원동기,남,55세,경상,승용,남,44세,상해없음
2019101400100311,2019년 10월 14일 12시,월요일,대전광역시 서구 도마동,경상사고,0,0,1,0,차량단독 - 기타,안전운전불이행,건조,맑음,단일로 - 기타,승용,남,69세,상해없음,,,,
2019101400100428,2019년 10월 14일 15시,월요일,대전광역시 중구 선화동,중상사고,0,1,1,0,차대차 - 측면충돌,교차로운행방법위반,건조,맑음,교차로 - 교차로안,승용,여,24세,상해없음,승용,남,45세,중상
2019101400100429,2019년 10월 14일 15시,월요일,대전광역시 중구 유천동,경상사고,0,0,2,0,차대차 - 측면충돌,안전운전불이행,건조,맑음,단일로 - 기타,이륜,여,58세,상해없음,승용,여,69세,경상
2019101400100480,2019년 10월 14일 16시,월요일,대전광역시 동구 삼성동,중상사고,0,1,0,0,차대차 - 기타,안전운전불이행,건조,맑음,교차로 - 교차로부근,자전거,여,67세,중상,이륜,남,59세,상해없음
2019101400100481,2019년 10월 14일 16시,월요일,대전광역시 대덕구 덕암동,중상사고,0,1,0,0,차대사람 - 횡단중,안전운전불이행,건조,맑음,교차로 - 교차로안,이륜,남,19세,기타불명,보행자,남,16세,중상
2019101400100534,2019년 10월 14일 17시,월요일,대전광역시 동구 대동,경상사고,0,0,1,0,차대사람 - 횡단중,신호위반,건조,맑음,교차로 - 교차로횡단보도내,승용,남,68세,상해없음,보행자,남,52세,경상
2019101400100609,2019년 10월 14일 18시,월요일,대전광역시 중구 산성동,경상사고,0,0,1,0,차대사람 - 횡단중,안전운전불이행,건조,맑음,기타 - 기타,승용,남,54세,상해없음,보행자,여,9세,경상
2019101400100610,2019년 10월 14일 18시,월요일,대전광역시 서구 정림동,경상사고,0,0,1,0,차대사람 - 횡단중,안전운전불이행,건조,맑음,교차로 - 교차로안,승용,여,62세,상해없음,보행자,남,10세,경상
2019101400100611,2019년 10월 14일 18시,월요일,대전광역시 서구 둔산동,경상사고,0,0,1,0,차대차 - 측면충돌,신호위반,건조,맑음,교차로 - 교차로안,승용,남,72세,상해없음,승용,남,35세,경상
2019101400100612,2019년 10월 14일 18시,월요일,대전광역시 유성구 원신흥동,중상사고,0,1,0,0,차대차 - 기타,신호위반,건조,맑음,단일로 - 기타,승용,남,66세,상해없음,이륜,남,27세,중상
2019101400100613,2019년 10월 14일 18시,월요일,대전광역시 유성구 갑동,경상사고,0,0,2,0,차대차 - 기타,안전운전불이행,건조,맑음,교차로 - 교차로부근,승합,남,59세,상해없음,승용,남,31세,경상
2019101400100657,2019년 10월 14일 19시,월요일,대전광역시 유성구 송강동,경상사고,0,0,1,0,차대차 - 기타,중앙선침범,건조,맑음,교차로 - 교차로안,이륜,남,23세,상해없음,자전거,남,48세,경상
2019101400100658,2019년 10월 14일 19시,월요일,대전광역시 유성구 화암동,경상사고,0,0,3,0,차대차 - 기타,안전운전불이행,건조,맑음,교차로 - 교차로부근,승용,남,62세,상해없음,승용,남,41세,경상
2019101400100727,2019년 10월 14일 21시,월요일,대전광역시 서구 갈마동,경상사고,0,0,1,0,차대사람 - 기타,안전운전불이행,건조,맑음,기타 - 기타,승용,남,71세,상해없음,보행자,여,20세,경상
2019101400100759,2019년 10월 14일 23시,월요일,대전광역시 유성구 원내동,경상사고,0,0,1,0,차대차 - 측면충돌,중앙선침범,건조,맑음,교차로 - 교차로부근,승용,남,63세,상해없음,원동기,남,42세,경상
2019101500100034,2019년 10월 15일 00시,화요일,대전광역시 서구 괴정동,경상사고,0,0,2,0,차대차 - 추돌,안전운전불이행,건조,맑음,단일로 - 기타,승용,남,30세,상해없음,이륜,남,45세,경상
2019101500100045,2019년 10월 15일 01시,화요일,대전광역시 중구 선화동,경상사고,0,0,1,0,차대차 - 기타,안전거리미확보,건조,맑음,단일로 - 기타,승용,남,28세,상해없음,승용,남,31세,경상
2019101500100061,2019년 10월 15일 04시,화요일,대전광역시 중구 유천동,경상사고,0,0,1,0,차대차 - 기타,안전거리미확보,건조,맑음,단일로 - 기타,승용,남,30세,상해없음,승용,남,43세,경상
2019101500100158,2019년 10월 15일 08시,화요일,대전광역시 중구 사정동,경상사고,0,0,1,0,차대차 - 기타,직진우회전진행방해,건조,맑음,교차로 - 교차로안,승용,여,60세,상해없음,승용,여,39세,경상
2019101500100159,2019년 10월 15일 08시,화요일,대전광역시 중구 중촌동,경상사고,0,0,1,0,차대차 - 측면충돌,신호위반,건조,맑음,교차로 - 교차로안,승용,남,37세,상해없음,자전거,여,26세,경상
2019101500100160,2019년 10월 15일 08시,화요일,대전광역시 중구 대흥동,경상사고,0,0,1,0,차대차 - 측면충돌,안전거리미확보,건조,맑음,단일로 - 기타,화물,남,54세,상해없음,승용,여,51세,경상
2019101500100161,2019년 10월 15일 08시,화요일,대전광역시 유성구 원내동,경상사고,0,0,1,0,차대차 - 추돌,안전운전불이행,건조,맑음,단일로 - 기타,승용,여,30세,상해없음,승용,여,38세,경상
2019101500100203,2019년 10월 15일 09시,화요일,대전광역시 중구 선화동,중상사고,0,1,0,0,차대사람 - 기타,안전운전불이행,건조,맑음,단일로 - 기타,승용,남,61세,기타불명,보행자,남,35세,중상
2019101500100204,2019년 10월 15일 09시,화요일,대전광역시 서구 둔산동,경상사고,0,0,1,0,차대차 - 기타,안전운전불이행,건조,맑음,교차로 - 교차로횡단보도내,승용,남,65세,상해없음,자전거,여,40세,경상
2019101500100248,2019년 10월 15일 10시,화요일,대전광역시 동구 삼성동,경상사고,0,0,1,0,차대차 - 측면충돌,교차로운행방법위반,건조,맑음,교차로 - 교차로안,승용,남,35세,상해없음,개인형이동수단(PM),여,39세,경상
2019101500100249,2019년 10월 15일 10시,화요일,대전광역시 대덕구 신탄진동,경상사고,0,0,2,0,차대차 - 추돌,안전운전불이행,건조,맑음,단일로 - 기타,승합,남,34세,상해없음,승용,남,47세,경상
2019101500100250,2019년 10월 15일 10시,화요일,대전광역시 유성구 전민동,중상사고,0,1,0,0,차대차 - 측면충돌,안전운전불이행,건조,맑음,교차로 - 교차로부근,승용,남,50세,상해없음,자전거,남,77세,중상
2019101500100290,2019년 10월 15일 11시,화요일,대전광역시 대덕구 읍내동,경상사고,0,0,2,0,차대차 - 정면충돌,신호위반,건조,맑음,교차로 - 교차로안,승용,남,77세,상해없음,승용,남,67세,경상
2019101500100403,2019년 10월 15일 14시,화요일,대전광역시 동구 용운동,경상사고,0,0,1,0,차대차 - 측면충돌,안전운전불이행,건조,맑음,단일로 - 기타,승용,남,22세,상해없음,승용,남,37세,경상
2019101500100404,2019년 10월 15일 14시,화요일,대전광역시 동구 가양동,경상사고,0,0,1,0,차대차 - 측면충돌,안전운전불이행,건조,맑음,교차로 - 교차로안,승용,여,68세,상해없음,승용,여,25세,경상
2019101500100405,2019년 10월 15일 14시,화요일,대전광역시 유성구 지족동,경상사고,0,0,1,0,차대사람 - 횡단중,안전운전불이행,건조,맑음,단일로 - 기타,승합,남,49세,상해없음,보행자,남,62세,경상
2019101500100496,2019년 10월 15일 16시,화요일,대전광역시 중구 부사동,경상사고,0,0,1,0,차대차 - 측면충돌,불법유턴,건조,맑음,교차로 - 교차로횡단보도내,개인형이동수단(PM),남,24세,경상,승용,여,51세,상해없음
2019101500100546,2019년 10월 15일 17시,화요일,대전광역시 동구 가양동,경상사고,0,0,1,0,차대차 - 기타,안전운전불이행,건조,맑음,단일로 - 기타,자전거,남,87세,경상,승용,남,41세,상해없음
2019101500100547,2019년 10월 15일 17시,화요일,대전광역시 유성구 장대동,경상사고,0,0,1,1,차대차 - 추돌,안전거리미확보,건조,맑음,교차로 - 교차로부근,화물,남,50세,상해없음,승용,남,57세,부상신고
2019101500100612,2019년 10월 15일 18시,화요일,대전광역시 동구 홍도동,경상사고,0,0,1,0,차대차 - 기타,안전운전불이행,건조,맑음,단일로 - 기타,승용,남,30세,상해없음,자전거,여,17세,경상
2019101500100613,2019년 10월 15일 18시,화요일,대전광역시 서구 둔산동,중상사고,0,1,1,0,차대사람 - 횡단중,보행자보호의무위반,건조,맑음,교차로 - 교차로횡단보도내,화물,남,28세,상해없음,보행자,남,46세,경상
2019101500100657,2019년 10월 15일 19시,화요일,대전광역시 중구 용두동,중상사고,0,3,0,0,차대차 - 측면충돌,신호위반,건조,맑음,교차로 - 교차로부근,승용,여,50세,중상,원동기,남,49세,중상
2019101500100694,2019년 10월 15일 20시,화요일,대전광역시 중구 용두동,중상사고,0,2,0,0,차대사람 - 횡단중,신호위반,건조,맑음,교차로 - 교차로횡단보도내,자전거,남,23세,상해없음,보행자,여,77세,중상
2019101500100695,2019년 10월 15일 20시,화요일,대전광역시 대덕구 비래동,경상사고,0,0,1,0,차대사람 - 기타,안전운전불이행,건조,맑음,단일로 - 기타,이륜,남,25세,상해없음,보행자,여,63세,경상
2019101500100724,2019년 10월 15일 21시,화요일,대전광역시 서구 복수동,경상사고,0,0,1,0,차대차 - 측면충돌,안전운전불이행,건조,맑음,단일로 - 기타,승용,남,61세,상해없음,이륜,남,30세,경상
2019101500100759,2019년 10월 15일 23시,화요일,대전광역시 서구 둔산동,경상사고,0,0,2,0,차대차 - 추돌,안전운전불이행,건조,맑음,교차로 - 교차로부근,승용,남,31세,상해없음,승용,여,22세,경상
2019101600100176,2019년 10월 16일 08시,수요일,대전광역시 동구 원동,중상사고,0,1,0,0,차대사람 - 기타,보행자보호의무위반,건조,맑음,교차로 - 교차로횡단보도내,승용,남,33세,기타불명,보행자,여,50세,중상
2019101600100177,2019년 10월 16일 08시,수요일,대전광역시 동구 가양동,경상사고,0,0,3,0,차대차 - 측면충돌,안전운전불이행,건조,맑음,단일로 - 기타,승용,남,64세,상해없음,화물,남,31세,경상
2019101600100178,2019년 10월 16일 08시,수요일,대전광역시 대덕구 중리동,중상사고,0,1,0,0,차대차 - 기타,신호위반,건조,맑음,교차로 - 교차로안,화물,남,54세,상해없음,승용,남,43세,중상
2019101600100225,2019년 10월 16일 09시,수요일,대전광역시 서구 도안동,중상사고,0,1,1,0,차대차 - 측면충돌,신호위반,건조,맑음,교차로 - 교차로안,승용,남,61세,중상,승합,남,55세,경상
2019101600100267,2019년 10월 16일 10시,수요일,대전광역시 동구 자양동,중상사고,0,2,0,0,차대차 - 측면충돌,안전운전불이행,건조,맑음,교차로 - 교차로안,승합,남,61세,기타불명,이륜,남,26세,중상
2019101600100268,2019년 10월 16일 10시,수요일,대전광역시 유성구 송강동,경상사고,0,0,2,0,차대차 - 측면충돌,신호위반,건조,맑음,교차로 - 교차로안,승용,남,64세,상해없음,승용,여,53세,경상
2019101600100332,2019년 10월 16일 12시,수요일,대전광역시 중구 대사동,경상사고,0,0,1,0,차대사람 - 길가장자리구역통행중,안전운전불이행,건조,맑음,단일로 - 기타,승용,여,67세,상해없음,보행자,여,80세,경상
2019101600100333,2019년 10월 16일 12시,수요일,대전광역시 대덕구 신탄진동,경상사고,0,0,1,0,차대차 - 기타,안전운전불이행,건조,맑음,단일로 - 기타,승용,남,57세,상해없음,승용,여,41세,경상
2019101600100379,2019년 10월 16일 13시,수요일,대전광역시 동구 원동,경상사고,0,0,1,0,차대사람 - 길가장자리구역통행중,안전운전불이행,건조,맑음,단일로 - 기타,승용,여,54세,상해없음,보행자,남,58세,경상
2019101600100380,2019년 10월 16일 13시,수요일,대전광역시 동구 중동,경상사고,0,0,1,0,차대차 - 측면충돌,신호위반,건조,맑음,교차로 - 교차로안,승합,남,38세,상해없음,승용,여,23세,경상
2019101600100381,2019년 10월 16일 13시,수요일,대전광역시 유성구 원내동,경상사고,0,0,1,0,차대차 - 추돌,안전운전불이행,건조,맑음,단일로 - 기타,승용,남,57세,상해없음,승용,여,63세,경상
2019101600100416,2019년 10월 16일 14시,수요일,대전광역시 동구 소제동,경상사고,0,0,1,0,차대차 - 추돌,안전운전불이행,건조,맑음,단일로 - 기타,승용,남,77세,상해없음,승용,여,52세,경상
2019101600100417,2019년 10월 16일 14시,수요일,대전광역시 동구 용전동,경상사고,0,0,1,0,차대차 - 측면충돌,안전거리미확보,건조,맑음,단일로 - 기타,승용,남,75세,상해없음,승용,남,48세,경상
2019101600100453,2019년 10월 16일 15시,수요일,대전광역시 유성구 송강동,중상사고,0,1,0,0,차대차 - 측면충돌,안전운전불이행,건조,맑음,교차로 - 교차로안,승용,여,38세,상해없음,원동기,남,59세,중상
2019101600100604,2019년 10월 16일 18시,수요일,대전광역시 대덕구 와동,경상사고,0,0,3,1,차대차 - 추돌,안전운전불이행,건조,맑음,기타 - 기타,승용,여,60세,상해없음,승용,남,58세,부상신고
2019101600100605,2019년 10월 16일 18시,수요일,대전광역시 서구 둔산동,경상사고,0,0,2,0,차대차 - 기타,안전운전불이행,건조,맑음,교차로 - 교차로안,승용,여,56세,경상,승용,여,51세,경상
2019101600100606,2019년 10월 16일 18시,수요일,대전광역시 서구 탄방동,부상신고사고,0,0,0,1,차대사람 - 횡단중,보행자보호의무위반,건조,맑음,교차로 - 교차로횡단보도내,개인형이동수단(PM),여,25세,상해없음,보행자,남,6세,부상신고
2019101600100642,2019년 10월 16일 19시,수요일,대전광역시 중구 선화동,경상사고,0,0,1,0,차대사람 - 기타,안전운전불이행,건조,맑음,기타 - 기타,승용,남,58세,상해없음,보행자,남,47세,경상
2019101600100643,2019년 10월 16일 19시,수요일,대전광역시 서구 괴정동,중상사고,0,1,0,0,차대차 - 측면충돌,안전거리미확보,건조,맑음,단일로 - 기타,승용,여,52세,상해없음,이륜,남,57세,중상
2019101600100644,2019년 10월 16일 19시,수요일,대전광역시 유성구 용계동,경상사고,0,0,3,0,차대차 - 추돌,교차로운행방법위반,건조,맑음,교차로 - 교차로안,승합,남,69세,기타불명,승용,여,25세,경상
2019101600100709,2019년 10월 16일 21시,수요일,대전광역시 동구 용운동,부상신고사고,0,0,0,1,차대사람 - 기타,안전운전불이행,건조,맑음,단일로 - 기타,자전거,남,59세,상해없음,보행자,여,56세,부상신고
2019101700100058,2019년 10월 17일 02시,목요일,대전광역시 유성구 원신흥동,경상사고,0,0,1,0,차대사람 - 기타,안전운전불이행,건조,맑음,단일로 - 기타,승용,남,37세,상해없음,보행자,남,29세,경상
2019101700100114,2019년 10월 17일 07시,목요일,대전광역시 서구 정림동,경상사고,0,0,1,0,차대차 - 측면충돌,안전운전불이행,건조,맑음,교차로 - 교차로안,승용,남,41세,상해없음,자전거,남,59세,경상
2019101700100115,2019년 10월 17일 07시,목요일,대전광역시 서구 갈마동,경상사고,0,0,1,0,차대차 - 기타,교차로운행방법위반,건조,맑음,교차로 - 교차로안,승용,여,54세,상해없음,승용,남,61세,경상
2019101700100155,2019년 10월 17일 08시,목요일,대전광역시 서구 갈마동,경상사고,0,0,1,0,차대차 - 추돌,안전거리미확보,건조,맑음,교차로 - 교차로부근,승용,남,37세,상해없음,승용,여,39세,경상
2019101700100200,2019년 10월 17일 09시,목요일,대전광역시 유성구 용산동,중상사고,0,1,0,0,차대차 - 추돌,신호위반,건조,맑음,교차로 - 교차로안,이륜,남,65세,중상,승용,남,37세,상해없음
2019101700100238,2019년 10월 17일 10시,목요일,대전광역시 서구 만년동,경상사고,0,0,2,0,차대차 - 측면충돌,신호위반,건조,흐림,교차로 - 교차로안,승용,남,24세,상해없음,승용,남,62세,경상
2019101700100341,2019년 10월 17일 13시,목요일,대전광역시 유성구 노은동,경상사고,0,0,1,0,차대차 - 추돌,안전운전불이행,건조,맑음,단일로 - 기타,화물,남,36세,상해없음,원동기,남,44세,경상
2019101700100367,2019년 10월 17일 14시,목요일,대전광역시 동구 용전동,경상사고,0,0,1,0,차대차 - 추돌,안전운전불이행,건조,맑음,기타 - 기타,승용,남,49세,상해없음,승용,남,62세,상해없음
2019101700100368,2019년 10월 17일 14시,목요일,대전광역시 서구 변동,경상사고,0,0,1,0,차대차 - 측면충돌,중앙선침범,건조,맑음,단일로 - 기타,승용,여,45세,상해없음,원동기,남,63세,경상
2019101700100369,2019년 10월 17일 14시,목요일,대전광역시 대덕구 오정동,경상사고,0,0,1,0,차량단독 - 기타,안전운전불이행,건조,맑음,단일로 - 교량,승합,남,35세,상해없음,,,,
2019101700100406,2019년 10월 17일 15시,목요일,대전광역시 서구 도마동,중상사고,0,1,0,0,차대차 - 기타,안전운전불이행,건조,맑음,단일로 - 기타,승용,남,62세,상해없음,승용,여,48세,중상
2019101700100407,2019년 10월 17일 15시,목요일,대전광역시 서구 둔산동,경상사고,0,0,1,0,차대차 - 측면충돌,안전거리미확보,건조,맑음,교차로 - 교차로안,승용,여,39세,상해없음,승용,여,71세,경상
2019101700100408,2019년 10월 17일 15시,목요일,대전광역시 유성구 장대동,경상사고,0,0,2,0,차대차 - 기타,안전운전불이행,건조,맑음,교차로 - 교차로안,화물,남,32세,상해없음,승용,남,60세,경상
2019101700100445,2019년 10월 17일 16시,목요일,대전광역시 서구 도마동,경상사고,0,0,1,0,차대사람 - 횡단중,신호위반,건조,맑음,교차로 - 교차로횡단보도내,승용,남,59세,상해없음,보행자,여,61세,경상
2019101700100446,2019년 10월 17일 16시,목요일,대전광역시 서구 탄방동,경상사고,0,0,1,0,차대차 - 측면충돌,중앙선침범,건조,맑음,단일로 - 기타,이륜,남,19세,상해없음,승용,여,47세,경상
2019101700100492,2019년 10월 17일 17시,목요일,대전광역시 중구 태평동,경상사고,0,0,1,0,차대차 - 추돌,안전운전불이행,건조,맑음,교차로 - 교차로부근,승용,남,43세,상해없음,이륜,남,41세,경상
2019101700100493,2019년 10월 17일 17시,목요일,대전광역시 대덕구 신탄진동,경상사고,0,0,1,0,차대차 - 기타,안전운전불이행,건조,맑음,교차로 - 교차로안,승용,여,50세,상해없음,이륜,남,56세,경상
2019101700100561,2019년 10월 17일 18시,목요일,대전광역시 서구 도마동,경상사고,0,0,1,0,차대차 - 추돌,안전운전불이행,건조,맑음,단일로 - 기타,승용,남,59세,상해없음,승용,남,50세,경상
2019101700100603,2019년 10월 17일 19시,목요일,대전광역시 대덕구 오정동,경상사고,0,0,1,0,차대차 - 기타,신호위반,건조,흐림,교차로 - 교차로안,승합,남,60세,상해없음,승용,남,31세,경상
2019101700100604,2019년 10월 17일 19시,목요일,대전광역시 서구 갈마동,경상사고,0,0,1,0,차대차 - 측면충돌,안전운전불이행,건조,맑음,교차로 - 교차로안,승용,남,66세,상해없음,승용,여,38세,경상
2019101700100635,2019년 10월 17일 20시,목요일,대전광역시 동구 성남동,사망사고,1,0,0,0,차대사람 - 횡단중,신호위반,건조,맑음,교차로 - 교차로횡단보도내,승용,남,21세,상해없음,보행자,남,63세,사망
2019101700100660,2019년 10월 17일 21시,목요일,대전광역시 중구 용두동,경상사고,0,0,1,0,차대차 - 기타,안전운전불이행,건조,맑음,교차로 - 교차로안,승용,여,39세,상해없음,이륜,남,29세,경상
2019101700100672,2019년 10월 17일 22시,목요일,대전광역시 중구 오류동,경상사고,0,0,2,0,차대차 - 추돌,안전운전불이행,건조,맑음,교차로 - 교차로부근,승용,여,25세,기타불명,승용,여,41세,경상
2019101700100673,2019년 10월 17일 22시,목요일,대전광역시 서구 둔산동,경상사고,0,0,2,0,차대차 - 기타,안전운전불이행,건조,맑음,교차로 - 교차로안,승용,남,71세,기타불명,승용,남,22세,경상
2019101700100674,2019년 10월 17일 22시,목요일,대전광역시 서구 둔산동,경상사고,0,0,2,0,차대차 - 기타,신호위반,건조,맑음,교차로 - 교차로부근,승용,여,63세,상해없음,승용,여,35세,경상
2019101700100687,2019년 10월 17일 23시,목요일,대전광역시 서구 내동,경상사고,0,0,1,0,차대차 - 측면충돌,안전운전불이행,건조,맑음,단일로 - 기타,승용,여,33세,상해없음,이륜,남,36세,경상
2019101800100057,2019년 10월 18일 01시,금요일,대전광역시 유성구 도룡동,중상사고,0,1,1,0,차대차 - 측면충돌,신호위반,건조,맑음,교차로 - 교차로안,승용,여,49세,상해없음,승용,여,43세,중상
2019101800100066,2019년 10월 18일 02시,금요일,대전광역시 중구 선화동,경상사고,0,0,1,0,차대차 - 측면충돌,신호위반,건조,맑음,교차로 - 교차로안,이륜,남,39세,상해없음,승용,여,69세,경상
2019101800100067,2019년 10월 18일 02시,금요일,대전광역시 동구 세천동,경상사고,0,0,4,0,차대차 - 측면충돌,중앙선침범,건조,맑음,단일로 - 기타,승용,남,23세,상해없음,승용,여,24세,경상
2019101800100129,2019년 10월 18일 07시,금요일,대전광역시 중구 대흥동,경상사고,0,0,1,0,차대차 - 측면충돌,교차로운행방법위반,건조,맑음,교차로 - 교차로안,승용,남,53세,상해없음,자전거,남,52세,경상
2019101800100191,2019년 10월 18일 08시,금요일,대전광역시 서구 갈마동,경상사고,0,0,2,0,차대차 - 측면충돌,안전운전불이행,건조,맑음,단일로 - 기타,승용,남,23세,상해없음,승용,남,26세,경상
2019101800100236,2019년 10월 18일 09시,금요일,대전광역시 서구 둔산동,경상사고,0,0,1,0,차대차 - 측면충돌,신호위반,건조,맑음,교차로 - 교차로부근,화물,여,48세,상해없음,승용,여,29세,경상
2019101800100237,2019년 10월 18일 09시,금요일,대전광역시 서구 둔산동,경상사고,0,0,1,0,차대사람 - 기타,안전운전불이행,건조,맑음,기타 - 기타,자전거,여,24세,상해없음,보행자,여,13세,경상
2019101800100238,2019년 10월 18일 09시,금요일,대전광역시 유성구 용계동,경상사고,0,0,1,0,차대차 - 기타,안전운전불이행,건조,맑음,교차로 - 교차로안,기타불명,기타불명,미분류,기타불명,자전거,남,25세,경상
2019101800100266,2019년 10월 18일 10시,금요일,대전광역시 서구 둔산동,중상사고,0,1,0,0,차량단독 - 기타,기타,건조,맑음,단일로 - 기타,승합,남,41세,상해없음,,,,
2019101800100301,2019년 10월 18일 11시,금요일,대전광역시 유성구 장대동,중상사고,0,1,0,0,차대차 - 측면충돌,안전운전불이행,건조,맑음,단일로 - 기타,자전거,남,74세,중상,화물,남,43세,상해없음
2019101800100302,2019년 10월 18일 11시,금요일,대전광역시 유성구 문지동,경상사고,0,0,2,0,차대차 - 측면충돌,교차로운행방법위반,건조,맑음,교차로 - 교차로안,화물,여,45세,경상,승용,남,33세,경상
2019101800100338,2019년 10월 18일 12시,금요일,대전광역시 동구 판암동,중상사고,0,1,0,0,차대차 - 기타,신호위반,건조,맑음,단일로 - 기타,화물,남,54세,상해없음,자전거,남,77세,중상
2019101800100380,2019년 10월 18일 13시,금요일,대전광역시 서구 둔산동,경상사고,0,0,3,0,차대차 - 추돌,안전운전불이행,건조,맑음,교차로 - 교차로부근,승용,여,76세,상해없음,승용,남,48세,경상
2019101800100421,2019년 10월 18일 14시,금요일,대전광역시 동구 용운동,중상사고,0,1,0,0,차량단독 - 기타,안전운전불이행,건조,맑음,단일로 - 기타,승합,남,57세,상해없음,,,,
2019101800100422,2019년 10월 18일 14시,금요일,대전광역시 서구 둔산동,경상사고,0,0,2,0,차대차 - 추돌,안전운전불이행,건조,맑음,교차로 - 교차로부근,승용,여,49세,상해없음,승용,남,33세,경상
2019101800100550,2019년 10월 18일 17시,금요일,대전광역시 중구 대흥동,경상사고,0,0,1,0,차대사람 - 차도통행중,안전운전불이행,건조,맑음,교차로 - 교차로안,승용,여,47세,상해없음,보행자,여,46세,경상
2019101800100551,2019년 10월 18일 17시,금요일,대전광역시 대덕구 평촌동,경상사고,0,0,2,0,차대차 - 측면충돌,안전운전불이행,건조,맑음,단일로 - 기타,승용,남,52세,상해없음,화물,남,59세,경상
2019101800100653,2019년 10월 18일 18시,금요일,대전광역시 중구 선화동,중상사고,0,1,0,0,차대사람 - 횡단중,안전운전불이행,건조,맑음,단일로 - 기타,이륜,남,45세,상해없음,보행자,여,38세,중상
2019101800100654,2019년 10월 18일 18시,금요일,대전광역시 유성구 노은동,부상신고사고,0,0,0,1,차대차 - 추돌,안전운전불이행,건조,맑음,단일로 - 기타,원동기,남,36세,부상신고,승용,남,43세,상해없음
2019101800100655,2019년 10월 18일 18시,금요일,대전광역시 유성구 외삼동,경상사고,0,0,3,0,차대차 - 측면충돌,신호위반,건조,맑음,단일로 - 기타,승용,남,41세,상해없음,승용,남,30세,경상
2019101800100711,2019년 10월 18일 19시,금요일,대전광역시 동구 원동,경상사고,0,0,2,0,차대차 - 측면충돌,안전운전불이행,건조,맑음,교차로 - 교차로안,승용,남,74세,상해없음,이륜,남,44세,경상
2019101800100712,2019년 10월 18일 19시,금요일,대전광역시 동구 소제동,경상사고,0,0,1,0,차대차 - 추돌,안전운전불이행,건조,맑음,교차로 - 교차로안,승용,남,68세,상해없음,승용,남,31세,경상