사고번호,사고일시,요일,시군구,사고내용,사망자수,중상자수,경상자수,부상신고자수,사고유형,법규위반,노면상태,기상상태,도로형태,가해운전자 차종,가해운전자 성별,가해운전자 연령,가해운전자 상해정도,피해운전자 차종,피해운전자 성별,피해운전자 연령,피해운전자 상해정도
2019102900100184,2019년 10월 29일 08시,화요일,대전광역시 중구 석교동,경상사고,0,0,1,0,차대차 - 측면충돌,직진우회전진행방해,건조,맑음,교차로 - 교차로안,승용,남,38세,상해없음,승용,남,64세,상해없음
2019102900100185,2019년 10월 29일 08시,화요일,대전광역시 서구 도마동,경상사고,0,0,1,0,차대차 - 측면충돌,안전운전불이행,건조,맑음,교차로 - 교차로부근,승용,여,43세,상해없음,개인형이동수단(PM),남,29세,경상
2019102900100186,2019년 10월 29일 08시,화요일,대전광역시 유성구 전민동,경상사고,0,0,1,0,차대차 - 측면충돌,교차로운행방법위반,건조,흐림,교차로 - 교차로안,승용,여,58세,상해없음,승용,남,29세,경상
2019102900100221,2019년 10월 29일 09시,화요일,대전광역시 유성구 장대동,경상사고,0,0,2,0,차대차 - 측면충돌,교차로운행방법위반,건조,맑음,교차로 - 교차로안,승용,남,77세,상해없음,승용,여,30세,경상
2019102900100248,2019년 10월 29일 10시,화요일,대전광역시 유성구 장대동,경상사고,0,0,2,1,차대차 - 추돌,신호위반,건조,맑음,교차로 - 교차로안,승용,여,48세,상해없음,화물,남,26세,부상신고
2019102900100283,2019년 10월 29일 11시,화요일,대전광역시 중구 중촌동,중상사고,0,1,0,0,차대차 - 측면충돌,안전거리미확보,건조,맑음,단일로 - 교량,건설기계,남,48세,상해없음,승용,여,63세,중상
2019102900100284,2019년 10월 29일 11시,화요일,대전광역시 동구 판암동,경상사고,0,0,1,0,차대사람 - 기타,안전운전불이행,건조,맑음,기타 - 기타,승용,남,40세,상해없음,보행자,남,39세,경상
2019102900100345,2019년 10월 29일 13시,화요일,대전광역시 서구 둔산동,중상사고,0,2,0,2,차대차 - 추돌,안전운전불이행,건조,맑음,단일로 - 기타,승용,남,78세,상해없음,승용,여,56세,중상
2019102900100484,2019년 10월 29일 16시,화요일,대전광역시 동구 가양동,경상사고,0,0,2,0,차대차 - 기타,안전운전불이행,건조,맑음,교차로 - 교차로부근,자전거,남,70세,경상,이륜,남,21세,경상
2019102900100485,2019년 10월 29일 16시,화요일,대전광역시 서구 괴정동,경상사고,0,0,1,0,차대사람 - 횡단중,중앙선침범,건조,맑음,단일로 - 기타,승용,남,49세,상해없음,보행자,여,82세,경상
2019102900100486,2019년 10월 29일 16시,화요일,대전광역시 대덕구 송촌동,경상사고,0,0,3,0,차량단독 - 기타,기타,건조,맑음,교차로 - 교차로부근,승용,남,59세,상해없음,,,,
2019102900100487,2019년 10월 29일 16시,화요일,대전광역시 유성구 구암동,중상사고,0,1,0,0,차대차 - 추돌,직진우회전진행방해,건조,맑음,교차로 - 교차로안,승합,여,53세,상해없음,이륜,남,68세,중상
2019102900100526,2019년 10월 29일 17시,화요일,대전광역시 중구 석교동,경상사고,0,0,1,0,차대차 - 측면충돌,안전운전불이행,건조,맑음,단일로 - 기타,승용,남,39세,상해없음,개인형이동수단(PM),여,47세,경상
2019102900100584,2019년 10월 29일 18시,화요일,대전광역시 서구 탄방동,중상사고,0,1,0,0,차대사람 - 횡단중,안전운전불이행,건조,맑음,단일로 - 기타,승용,여,34세,상해없음,보행자,남,63세,중상
2019102900100585,2019년 10월 29일 18시,화요일,대전광역시 서구 월평동,중상사고,0,1,0,0,차대차 - 측면충돌,안전거리미확보,건조,맑음,단일로 - 기타,화물,남,41세,상해없음,이륜,남,46세,중상
2019102900100630,2019년 10월 29일 19시,화요일,대전광역시 동구 판암동,경상사고,0,0,1,0,차량단독 - 기타,기타,건조,맑음,단일로 - 기타,승합,남,50세,상해없음,,,,
2019102900100631,2019년 10월 29일 19시,화요일,대전광역시 유성구 관평동,경상사고,0,0,2,0,차대차 - 측면충돌,신호위반,건조,맑음,교차로 - 교차로안,승용,여,58세,상해없음,승용,여,36세,경상
2019102900100632,2019년 10월 29일 19시,화요일,대전광역시 유성구 송강동,경상사고,0,0,1,0,차대차 - 기타,안전거리미확보,건조,맑음,교차로 - 교차로안,기타불명,기타불명,미분류,기타불명,이륜,남,30세,경상
2019102900100668,2019년 10월 29일 20시,화요일,대전광역시 대덕구 오정동,경상사고,0,0,4,0,차대차 - 기타,신호위반,건조,맑음,교차로 - 교차로부근,승용,남,62세,상해없음,승합,남,61세,경상
2019102900100738,2019년 10월 29일 23시,화요일,대전광역시 유성구 원내동,경상사고,0,0,1,0,차대사람 - 기타,안전운전불이행,건조,맑음,단일로 - 기타,승용,남,42세,상해없음,보행자,여,47세,경상
2019103000100055,2019년 10월 30일 01시,수요일,대전광역시 유성구 장대동,경상사고,0,0,1,0,차대사람 - 기타,안전운전불이행,건조,맑음,교차로 - 교차로안,승용,남,56세,상해없음,보행자,남,31세,경상
2019103000100068,2019년 10월 30일 03시,수요일,대전광역시 서구 관저동,부상신고사고,0,0,0,6,차대차 - 측면충돌,안전운전불이행,건조,맑음,교차로 - 교차로부근,승용,남,42세,상해없음,승용,남,45세,부상신고
2019103000100074,2019년 10월 30일 04시,수요일,대전광역시 서구 갈마동,경상사고,0,0,1,0,차대사람 - 횡단중,안전운전불이행,건조,맑음,교차로 - 교차로안,승용,남,21세,상해없음,보행자,남,27세,경상
2019103000100075,2019년 10월 30일 04시,수요일,대전광역시 유성구 송강동,중상사고,0,2,0,0,차대차 - 측면충돌,신호위반,건조,맑음,교차로 - 교차로안,건설기계,남,42세,상해없음,승용,여,29세,중상
2019103000100087,2019년 10월 30일 05시,수요일,대전광역시 중구 용두동,경상사고,0,0,1,0,차대차 - 추돌,안전거리미확보,건조,맑음,교차로 - 교차로부근,승용,남,58세,상해없음,승용,남,30세,경상
2019103000100109,2019년 10월 30일 06시,수요일,대전광역시 서구 월평동,경상사고,0,0,1,0,차대차 - 측면충돌,안전운전불이행,건조,맑음,교차로 - 교차로안,승용,남,59세,상해없음,승용,남,56세,경상
2019103000100110,2019년 10월 30일 06시,수요일,대전광역시 유성구 학하동,경상사고,0,0,2,0,차대차 - 추돌,안전운전불이행,건조,맑음,단일로 - 기타,화물,남,72세,상해없음,건설기계,남,56세,경상
2019103000100180,2019년 10월 30일 08시,수요일,대전광역시 중구 사정동,경상사고,0,0,5,0,차대차 - 측면충돌,안전거리미확보,건조,맑음,단일로 - 기타,승용,남,58세,경상,승용,여,44세,상해없음
2019103000100181,2019년 10월 30일 08시,수요일,대전광역시 중구 사정동,경상사고,0,0,1,0,차대사람 - 횡단중,보행자보호의무위반,건조,맑음,교차로 - 교차로횡단보도내,건설기계,남,58세,상해없음,보행자,여,23세,경상
2019103000100182,2019년 10월 30일 08시,수요일,대전광역시 동구 삼괴동,경상사고,0,0,1,0,차대차 - 추돌,안전운전불이행,건조,맑음,단일로 - 교량,승용,여,27세,상해없음,승용,여,42세,경상
2019103000100183,2019년 10월 30일 08시,수요일,대전광역시 서구 월평동,경상사고,0,0,4,0,차대차 - 추돌,안전거리미확보,건조,맑음,단일로 - 기타,승용,남,65세,상해없음,승용,남,50세,경상
2019103000100237,2019년 10월 30일 09시,수요일,대전광역시 동구 소제동,경상사고,0,0,1,0,차대사람 - 횡단중,안전운전불이행,건조,맑음,교차로 - 교차로횡단보도내,화물,남,43세,상해없음,보행자,여,68세,경상
2019103000100301,2019년 10월 30일 11시,수요일,대전광역시 서구 관저동,중상사고,0,1,0,0,차대사람 - 횡단중,안전운전불이행,건조,맑음,교차로 - 교차로횡단보도내,승용,여,72세,상해없음,보행자,여,78세,중상
2019103000100302,2019년 10월 30일 11시,수요일,대전광역시 서구 만년동,경상사고,0,0,1,0,차대차 - 추돌,안전운전불이행,건조,맑음,교차로 - 교차로부근,승용,남,20세,상해없음,승용,남,42세,경상
2019103000100334,2019년 10월 30일 12시,수요일,대전광역시 중구 은행동,경상사고,0,0,1,0,차대사람 - 보도통행중,보행자보호의무위반,건조,맑음,교차로 - 교차로횡단보도내,화물,남,46세,상해없음,보행자,남,51세,경상
2019103000100335,2019년 10월 30일 12시,수요일,대전광역시 유성구 봉명동,중상사고,0,1,0,0,차대차 - 측면충돌,교차로운행방법위반,건조,맑음,교차로 - 교차로안,승용,남,61세,상해없음,원동기,남,28세,상해없음
2019103000100357,2019년 10월 30일 13시,수요일,대전광역시 유성구 장대동,중상사고,0,1,2,0,차대차 - 추돌,안전운전불이행,건조,맑음,기타 - 기타,화물,남,40세,경상,승용,남,54세,중상
2019103000100378,2019년 10월 30일 13시,수요일,대전광역시 중구 대흥동,중상사고,0,1,0,0,차대차 - 측면충돌,기타,건조,맑음,단일로 - 기타,승용,남,65세,상해없음,이륜,남,52세,중상
2019103000100379,2019년 10월 30일 13시,수요일,대전광역시 중구 선화동,중상사고,0,1,11,0,차대차 - 측면충돌,교차로운행방법위반,건조,맑음,교차로 - 교차로안,승용,여,62세,상해없음,승합,남,47세,경상
2019103000100380,2019년 10월 30일 13시,수요일,대전광역시 동구 가양동,경상사고,0,0,1,0,차대차 - 정면충돌,안전운전불이행,건조,맑음,기타 - 기타,자전거,남,70세,경상,승용,여,29세,상해없음
2019103000100424,2019년 10월 30일 14시,수요일,대전광역시 중구 대흥동,중상사고,0,1,1,0,차대차 - 추돌,안전운전불이행,건조,맑음,단일로 - 기타,승용,여,37세,상해없음,승용,남,81세,상해없음
2019103000100465,2019년 10월 30일 15시,수요일,대전광역시 서구 관저동,중상사고,0,1,0,0,차대사람 - 기타,기타,건조,맑음,단일로 - 기타,승용,남,62세,상해없음,보행자,남,25세,중상
2019103000100523,2019년 10월 30일 16시,수요일,대전광역시 서구 탄방동,경상사고,0,0,1,0,차대차 - 측면충돌,안전운전불이행,건조,맑음,교차로 - 교차로횡단보도내,승용,남,60세,상해없음,자전거,남,14세,경상
2019103000100576,2019년 10월 30일 17시,수요일,대전광역시 중구 대흥동,중상사고,0,1,0,0,차대차 - 추돌,안전운전불이행,건조,맑음,단일로 - 기타,승용,남,50세,상해없음,승용,남,55세,중상
2019103000100577,2019년 10월 30일 17시,수요일,대전광역시 중구 대사동,경상사고,0,0,2,0,차량단독 - 기타,안전운전불이행,건조,맑음,교차로 - 교차로안,승합,남,43세,상해없음,,,,
2019103000100642,2019년 10월 30일 18시,수요일,대전광역시 동구 삼성동,경상사고,0,0,3,0,차대차 - 기타,교차로운행방법위반,건조,맑음,교차로 - 교차로안,승용,여,53세,상해없음,승용,남,56세,경상
2019103000100643,2019년 10월 30일 18시,수요일,대전광역시 서구 탄방동,경상사고,0,0,1,0,차대사람 - 길가장자리구역통행중,안전운전불이행,건조,맑음,교차로 - 교차로안,승용,여,44세,상해없음,보행자,여,29세,경상
2019103000100644,2019년 10월 30일 18시,수요일,대전광역시 서구 둔산동,경상사고,0,0,2,0,차대차 - 기타,안전거리미확보,건조,맑음,단일로 - 기타,승용,여,54세,상해없음,승용,남,38세,경상
2019103000100645,2019년 10월 30일 18시,수요일,대전광역시 유성구 도룡동,경상사고,0,0,2,0,차대차 - 추돌,안전운전불이행,건조,맑음,교차로 - 교차로부근,승용,남,48세,상해없음,승합,남,57세,상해없음
2019103000100646,2019년 10월 30일 18시,수요일,대전광역시 유성구 화암동,경상사고,0,0,1,0,차대차 - 추돌,안전운전불이행,건조,맑음,단일로 - 기타,승용,여,50세,상해없음,승용,남,62세,경상
2019103000100647,2019년 10월 30일 18시,수요일,대전광역시 유성구 봉명동,경상사고,0,0,2,0,차대차 - 측면충돌,안전운전불이행,건조,맑음,단일로 - 기타,승용,여,42세,상해없음,승용,여,52세,경상
2019103000100698,2019년 10월 30일 19시,수요일,대전광역시 동구 소제동,경상사고,0,0,3,0,차대차 - 추돌,안전운전불이행,건조,맑음,단일로 - 기타,승용,남,26세,경상,승용,남,61세,상해없음
2019103000100699,2019년 10월 30일 19시,수요일,대전광역시 동구 소제동,경상사고,0,0,1,0,차대사람 - 기타,안전운전불이행,건조,맑음,단일로 - 기타,승용,남,60세,상해없음,보행자,남,26세,경상
2019103000100700,2019년 10월 30일 19시,수요일,대전광역시 서구 변동,경상사고,0,0,2,0,차대차 - 측면충돌,신호위반,건조,맑음,교차로 - 교차로안,기타불명,기타불명,미분류,기타불명,승용,여,24세,경상
2019103000100736,2019년 10월 30일 20시,수요일,대전광역시 유성구 송강동,경상사고,0,0,1,0,차대차 - 추돌,신호위반,건조,맑음,교차로 - 교차로안,승용,남,47세,기타불명,승용,남,27세,경상
2019103000100769,2019년 10월 30일 21시,수요일,대전광역시 서구 갈마동,중상사고,0,1,0,0,차대사람 - 보도통행중,안전운전불이행,건조,맑음,단일로 - 기타,승용,남,55세,상해없음,보행자,남,51세,중상
2019103000100795,2019년 10월 30일 22시,수요일,대전광역시 동구 소제동,경상사고,0,0,2,1,차대차 - 기타,신호위반,건조,맑음,교차로 - 교차로안,승용,남,61세,경상,승용,남,61세,경상
2019103100100052,2019년 10월 31일 02시,목요일,대전광역시 동구 홍도동,경상사고,0,0,2,0,차대차 - 추돌,안전운전불이행,건조,맑음,단일로 - 기타,이륜,남,18세,경상,승용,남,26세,경상
2019103100100059,2019년 10월 31일 03시,목요일,대전광역시 유성구 송강동,경상사고,0,0,1,0,차대차 - 측면충돌,안전운전불이행,건조,맑음,교차로 - 교차로안,승용,남,42세,상해없음,승용,남,43세,경상
2019103100100099,2019년 10월 31일 07시,목요일,대전광역시 서구 가장동,경상사고,0,0,1,0,차대사람 - 횡단중,신호위반,건조,맑음,교차로 - 교차로횡단보도내,승용,남,73세,상해없음,보행자,남,45세,경상
2019103100100199,2019년 10월 31일 09시,목요일,대전광역시 중구 부사동,경상사고,0,0,1,0,차대사람 - 기타,보행자보호의무위반,건조,맑음,교차로 - 교차로횡단보도내,화물,남,57세,상해없음,보행자,여,51세,경상
2019103100100200,2019년 10월 31일 09시,목요일,대전광역시 동구 자양동,경상사고,0,0,2,0,차대차 - 기타,중앙선침범,건조,맑음,교차로 - 교차로부근,승용,남,74세,상해없음,승합,남,55세,상해없음
2019103100100201,2019년 10월 31일 09시,목요일,대전광역시 서구 복수동,경상사고,0,0,1,0,차대차 - 기타,안전운전불이행,건조,맑음,단일로 - 기타,승용,남,62세,상해없음,승용,남,85세,경상
2019103100100232,2019년 10월 31일 10시,목요일,대전광역시 서구 도마동,경상사고,0,0,1,0,차대차 - 기타,안전운전불이행,건조,맑음,교차로 - 교차로부근,건설기계,남,56세,상해없음,승용,남,46세,경상
2019103100100267,2019년 10월 31일 11시,목요일,대전광역시 유성구 자운동,경상사고,0,0,2,0,차대차 - 기타,안전운전불이행,건조,맑음,단일로 - 기타,이륜,남,70세,상해없음,승용,남,36세,경상
2019103100100309,2019년 10월 31일 12시,목요일,대전광역시 유성구 용계동,경상사고,0,0,1,0,차대차 - 기타,안전운전불이행,건조,맑음,단일로 - 기타,승용,여,49세,기타불명,승용,여,55세,경상
2019103100100416,2019년 10월 31일 15시,목요일,대전광역시 동구 원동,중상사고,0,1,0,0,차대차 - 측면충돌,안전운전불이행,건조,맑음,교차로 - 교차로안,화물,남,46세,상해없음,자전거,남,69세,중상
2019103100100417,2019년 10월 31일 15시,목요일,대전광역시 서구 변동,경상사고,0,0,1,0,차대차 - 기타,안전운전불이행,건조,맑음,단일로 - 기타,건설기계,남,59세,상해없음,승용,남,46세,경상
2019103100100470,2019년 10월 31일 16시,목요일,대전광역시 중구 태평동,경상사고,0,0,1,0,차대차 - 측면충돌,안전운전불이행,건조,맑음,기타 - 기타,승용,남,56세,상해없음,자전거,여,12세,경상
2019103100100471,2019년 10월 31일 16시,목요일,대전광역시 서구 월평동,경상사고,0,0,1,0,차대차 - 기타,안전거리미확보,건조,맑음,단일로 - 기타,승용,남,61세,상해없음,승용,여,60세,경상
2019103100100525,2019년 10월 31일 17시,목요일,대전광역시 중구 유천동,경상사고,0,0,1,0,차대사람 - 기타,안전운전불이행,건조,맑음,주차장 - 주차장,승용,여,52세,상해없음,보행자,남,57세,경상
2019103100100526,2019년 10월 31일 17시,목요일,대전광역시 서구 복수동,중상사고,0,1,0,0,차대차 - 측면충돌,신호위반,건조,맑음,교차로 - 교차로안,승용,남,57세,상해없음,승합,남,63세,중상
2019103100100594,2019년 10월 31일 18시,목요일,대전광역시 중구 태평동,경상사고,0,0,1,0,차대차 - 추돌,교차로운행방법위반,건조,맑음,교차로 - 교차로안,승용,여,49세,상해없음,승용,남,33세,경상
2019103100100595,2019년 10월 31일 18시,목요일,대전광역시 서구 관저동,중상사고,0,1,0,0,차대차 - 기타,안전운전불이행,건조,맑음,교차로 - 교차로부근,승용,남,62세,상해없음,이륜,남,31세,중상
2019103100100631,2019년 10월 31일 19시,목요일,대전광역시 서구 관저동,경상사고,0,0,1,0,차대차 - 측면충돌,신호위반,건조,맑음,교차로 - 교차로안,승용,여,54세,상해없음,승용,남,58세,경상
2019103100100660,2019년 10월 31일 20시,목요일,대전광역시 대덕구 덕암동,경상사고,0,0,1,0,차대차 - 기타,안전운전불이행,건조,맑음,단일로 - 기타,특수,남,53세,상해없음,승용,여,25세,경상
2019103100100667,2019년 10월 31일 20시,목요일,대전광역시 유성구 학하동,사망사고,1,0,0,0,차대차 - 측면충돌,신호위반,건조,맑음,교차로 - 교차로안,화물,남,51세,상해없음,이륜,남,34세,사망
2019103100100697,2019년 10월 31일 21시,목요일,대전광역시 대덕구 읍내동,경상사고,0,0,1,0,차대사람 - 기타,보행자보호의무위반,건조,기타,교차로 - 교차로횡단보도내,화물,남,47세,기타불명,보행자,남,39세,경상
2019103100100698,2019년 10월 31일 21시,목요일,대전광역시 서구 월평동,중상사고,0,1,1,0,차대차 - 측면충돌,신호위반,건조,맑음,교차로 - 교차로안,승용,여,28세,상해없음,승용,남,67세,중상
2019103100100699,2019년 10월 31일 21시,목요일,대전광역시 유성구 궁동,경상사고,0,0,1,0,차대차 - 측면충돌,신호위반,건조,맑음,교차로 - 교차로안,승용,여,25세,상해없음,승용,남,30세,경상
2019103100100749,2019년 10월 31일 23시,목요일,대전광역시 동구 정동,경상사고,0,0,5,0,차대차 - 정면충돌,신호위반,건조,맑음,교차로 - 교차로안,승용,여,67세,경상,승용,남,29세,경상
2019110100100062,2019년 11월 1일 01시,금요일,대전광역시 서구 괴정동,경상사고,0,0,1,0,차대차 - 측면충돌,교차로운행방법위반,건조,맑음,교차로 - 교차로안,승용,남,23세,상해없음,승용,남,67세,경상
2019110100100113,2019년 11월 1일 06시,금요일,대전광역시 서구 둔산동,경상사고,0,0,2,0,차대사람 - 횡단중,보행자보호의무위반,건조,맑음,교차로 - 교차로횡단보도내,승용,남,56세,상해없음,보행자,여,26세,경상
2019110100100141,2019년 11월 1일 07시,금요일,대전광역시 유성구 봉명동,경상사고,0,0,1,0,차대차 - 측면충돌,신호위반,건조,맑음,교차로 - 교차로안,승용,남,35세,상해없음,승용,남,38세,경상
2019110100100196,2019년 11월 1일 08시,금요일,대전광역시 중구 문화동,경상사고,0,0,1,0,차대차 - 추돌,안전운전불이행,건조,맑음,단일로 - 기타,건설기계,남,54세,상해없음,승용,여,27세,경상
2019110100100197,2019년 11월 1일 08시,금요일,대전광역시 유성구 봉명동,경상사고,0,0,1,0,차대차 - 기타,안전운전불이행,건조,맑음,교차로 - 교차로부근,승용,여,39세,상해없음,자전거,남,65세,경상
2019110100100269,2019년 11월 1일 10시,금요일,대전광역시 서구 복수동,경상사고,0,0,1,0,차대차 - 측면충돌,안전운전불이행,건조,맑음,교차로 - 교차로안,승용,남,29세,상해없음,승용,여,34세,경상
2019110100100313,2019년 11월 1일 11시,금요일,대전광역시 서구 가장동,경상사고,0,0,1,0,차대차 - 측면충돌,교차로운행방법위반,건조,맑음,교차로 - 교차로안,이륜,남,65세,경상,승용,여,36세,상해없음
2019110100100314,2019년 11월 1일 11시,금요일,대전광역시 서구 둔산동,경상사고,0,0,1,0,차대차 - 기타,안전거리미확보,건조,맑음,단일로 - 교량,승용,남,61세,상해없음,화물,남,27세,경상
2019110100100354,2019년 11월 1일 12시,금요일,대전광역시 대덕구 오정동,경상사고,0,0,1,0,차대차 - 측면충돌,안전거리미확보,건조,맑음,기타 - 기타,화물,남,47세,상해없음,화물,남,46세,경상
2019110100100391,2019년 11월 1일 13시,금요일,대전광역시 유성구 봉명동,중상사고,0,1,2,0,차대차 - 추돌,안전운전불이행,건조,맑음,교차로 - 교차로부근,승용,남,74세,경상,이륜,남,39세,중상
2019110100100435,2019년 11월 1일 14시,금요일,대전광역시 동구 구도동,경상사고,0,0,1,0,차대차 - 측면충돌,교차로운행방법위반,건조,맑음,교차로 - 교차로안,승용,남,60세,상해없음,승용,여,50세,경상
2019110100100511,2019년 11월 1일 16시,금요일,대전광역시 중구 대흥동,경상사고,0,0,2,0,차대차 - 추돌,안전운전불이행,건조,맑음,교차로 - 교차로부근,승용,남,58세,상해없음,승용,여,71세,경상
2019110100100564,2019년 11월 1일 17시,금요일,대전광역시 동구 삼성동,경상사고,0,0,1,0,차대차 - 추돌,안전운전불이행,건조,맑음,교차로 - 교차로부근,이륜,여,19세,상해없음,승용,여,32세,경상
2019110100100630,2019년 11월 1일 18시,금요일,대전광역시 동구 세천동,경상사고,0,0,1,0,차대차 - 정면충돌,중앙선침범,건조,맑음,교차로 - 교차로부근,승용,남,62세,상해없음,승용,남,63세,경상
2019110100100631,2019년 11월 1일 18시,금요일,대전광역시 유성구 복용동,경상사고,0,0,1,0,차대차 - 기타,안전거리미확보,건조,맑음,단일로 - 기타,승용,남,68세,상해없음,승용,남,49세,경상
2019110100100632,2019년 11월 1일 18시,금요일,대전광역시 유성구 원신흥동,중상사고,0,1,19,2,차대차 - 기타,신호위반,건조,맑음,단일로 - 기타,승용,여,37세,상해없음,승합,남,52세,경상
2019110100100633,2019년 11월 1일 18시,금요일,대전광역시 유성구 하기동,중상사고,0,3,0,0,차량단독 - 공작물충돌,안전운전불이행,건조,맑음,단일로 - 기타,승용,여,26세,중상,,,,
2019110100100691,2019년 11월 1일 19시,금요일,대전광역시 동구 가양동,중상사고,0,1,0,0,차대차 - 측면충돌,안전거리미확보,건조,맑음,교차로 - 교차로부근,승용,여,49세,상해없음,원동기,남,42세,중상
2019110100100692,2019년 11월 1일 19시,금요일,대전광역시 동구 삼성동,경상사고,0,0,2,0,차대차 - 추돌,안전운전불이행,건조,맑음,단일로 - 교량,승용,남,26세,상해없음,승용,남,26세,경상
2019110100100693,2019년 11월 1일 19시,금요일,대전광역시 서구 변동,사망사고,1,0,0,0,차대사람 - 기타,보행자보호의무위반,건조,맑음,교차로 - 교차로횡단보도내,승용,남,52세,상해없음,보행자,남,84세,사망
2019110100100694,2019년 11월 1일 19시,금요일,대전광역시 서구 탄방동,경상사고,0,0,1,0,차대차 - 기타,교차로운행방법위반,건조,맑음,교차로 - 교차로부근,승용,남,61세,상해없음,승용,여,56세,경상
2019110100100756,2019년 11월 1일 21시,금요일,대전광역시 유성구 봉산동,경상사고,0,0,1,0,차대차 - 기타,기타,건조,맑음,단일로 - 기타,승용,남,60세,상해없음,이륜,남,60세,경상
2019110100100757,2019년 11월 1일 21시,금요일,대전광역시 유성구 구암동,경상사고,0,0,2,0,차대차 - 기타,안전운전불이행,건조,맑음,교차로 - 교차로안,승용,남,57세,상해없음,승용,여,45세,경상
2019110100100805,2019년 11월 1일 23시,금요일,대전광역시 유성구 구암동,부상신고사고,0,0,0,1,차대사람 - 기타,안전운전불이행,건조,맑음,단일로 - 기타,승용,여,35세,상해없음,보행자,남,64세,부상신고
2019110200100039,2019년 11월 2일 00시,토요일,대전광역시 서구 괴정동,경상사고,0,0,1,0,차대사람 - 기타,안전운전불이행,건조,맑음,단일로 - 기타,승용,남,30세,상해없음,보행자,남,35세,경상
2019110200100056,2019년 11월 2일 01시,토요일,대전광역시 중구 목동,경상사고,0,0,2,0,차대차 - 기타,안전운전불이행,건조,맑음,교차로 - 교차로부근,승용,남,26세,상해없음,승용,남,27세,경상
2019110200100086,2019년 11월 2일 04시,토요일,대전광역시 서구 정림동,중상사고,0,1,0,0,차량단독 - 기타,안전운전불이행,건조,맑음,단일로 - 기타,이륜,남,24세,중상,,,,
2019110200100107,2019년 11월 2일 05시,토요일,대전광역시 서구 둔산동,경상사고,0,0,1,0,차대사람 - 기타,안전운전불이행,건조,맑음,교차로 - 교차로부근,승용,남,67세,상해없음,보행자,여,83세,경상
2019110200100166,2019년 11월 2일 08시,토요일,대전광역시 서구 둔산동,경상사고,0,0,2,0,차대차 - 기타,교차로운행방법위반,건조,맑음,교차로 - 교차로안,승용,남,48세,상해없음,화물,남,37세,경상
2019110200100243,2019년 11월 2일 10시,토요일,대전광역시 서구 둔산동,경상사고,0,0,1,0,차대차 - 기타,안전운전불이행,건조,맑음,교차로 - 교차로안,승용,남,58세,상해없음,승용,남,66세,경상
2019110200100244,2019년 11월 2일 10시,토요일,대전광역시 서구 갈마동,경상사고,0,0,2,0,차대차 - 기타,안전운전불이행,건조,맑음,교차로 - 교차로부근,승용,여,43세,상해없음,승용,여,47세,경상
2019110200100245,2019년 11월 2일 10시,토요일,대전광역시 유성구 노은동,경상사고,0,0,1,1,차대차 - 기타,신호위반,건조,맑음,교차로 - 교차로부근,승용,남,57세,상해없음,승용,여,55세,경상
2019110200100296,2019년 11월 2일 11시,토요일,대전광역시 유성구 궁동,중상사고,0,1,0,0,차량단독 - 기타,기타,건조,맑음,단일로 - 기타,승합,남,45세,상해없음,,,,
2019110200100338,2019년 11월 2일 12시,토요일,대전광역시 유성구 구암동,경상사고,0,0,1,0,차대차 - 측면충돌,중앙선침범,건조,맑음,단일로 - 기타,이륜,남,28세,경상,승용,남,44세,상해없음
2019110200100374,2019년 11월 2일 13시,토요일,대전광역시 유성구 노은동,경상사고,0,0,1,0,차대차 - 후진중충돌,안전운전불이행,건조,맑음,단일로 - 기타,승용,남,34세,상해없음,화물,남,62세,경상
2019110200100412,2019년 11월 2일 14시,토요일,대전광역시 동구 가양동,경상사고,0,0,1,0,차대차 - 측면충돌,안전운전불이행,건조,맑음,단일로 - 기타,승용,남,55세,상해없음,자전거,남,11세,경상
2019110200100413,2019년 11월 2일 14시,토요일,대전광역시 대덕구 오정동,중상사고,0,1,0,0,차대사람 - 기타,기타,건조,맑음,기타 - 기타,승합,남,36세,상해없음,보행자,여,67세,중상
2019110200100457,2019년 11월 2일 15시,토요일,대전광역시 중구 산성동,중상사고,0,3,2,0,차대차 - 측면충돌,안전운전불이행,건조,맑음,단일로 - 기타,승용,남,64세,기타불명,승용,남,79세,중상
2019110200100541,2019년 11월 2일 17시,토요일,대전광역시 중구 용두동,중상사고,0,1,0,0,차대차 - 기타,교차로운행방법위반,건조,맑음,교차로 - 교차로부근,승용,남,64세,상해없음,이륜,남,39세,중상
2019110200100601,2019년 11월 2일 18시,토요일,대전광역시 중구 선화동,경상사고,0,0,1,0,차대차 - 추돌,안전운전불이행,건조,맑음,단일로 - 기타,승용,여,70세,상해없음,승용,남,30세,상해없음
2019110200100648,2019년 11월 2일 19시,토요일,대전광역시 중구 대사동,경상사고,0,0,3,0,차대차 - 측면충돌,신호위반,건조,맑음,교차로 - 교차로안,화물,남,68세,상해없음,승용,여,39세,경상
2019110200100683,2019년 11월 2일 20시,토요일,대전광역시 유성구 장대동,경상사고,0,0,1,0,차대차 - 추돌,안전운전불이행,건조,맑음,교차로 - 교차로부근,승용,여,52세,상해없음,승용,여,36세,경상
2019110200100719,2019년 11월 2일 21시,토요일,대전광역시 중구 태평동,경상사고,0,0,1,0,차대차 - 기타,중앙선침범,건조,맑음,교차로 - 교차로횡단보도내,개인형이동수단(PM),남,58세,상해없음,이륜,남,58세,경상