사고번호,사고일시,요일,시군구,사고내용,사망자수,중상자수,경상자수,부상신고자수,사고유형,법규위반,노면상태,기상상태,도로형태,가해운전자 차종,가해운전자 성별,가해운전자 연령,가해운전자 상해정도,피해운전자 차종,피해운전자 성별,피해운전자 연령,피해운전자 상해정도
2019110800100391,2019년 11월 8일 13시,금요일,대전광역시 중구 선화동,경상사고,0,0,1,0,차대차 - 측면충돌,안전운전불이행,건조,맑음,교차로 - 교차로횡단보도내,화물,남,37세,상해없음,자전거,남,79세,경상
2019110800100392,2019년 11월 8일 13시,금요일,대전광역시 서구 가장동,경상사고,0,0,1,0,차대사람 - 횡단중,기타,건조,맑음,단일로 - 기타,화물,남,47세,상해없음,보행자,남,7세,경상
2019110800100441,2019년 11월 8일 14시,금요일,대전광역시 서구 내동,경상사고,0,0,1,0,차대차 - 추돌,안전운전불이행,건조,맑음,교차로 - 교차로안,승용,남,54세,경상,승합,남,56세,상해없음
2019110800100527,2019년 11월 8일 16시,금요일,대전광역시 동구 가오동,경상사고,0,0,1,0,차대차 - 추돌,안전운전불이행,건조,맑음,교차로 - 교차로부근,승용,여,65세,상해없음,화물,남,67세,경상
2019110800100528,2019년 11월 8일 16시,금요일,대전광역시 서구 도마동,중상사고,0,1,0,0,차량단독 - 기타,안전운전불이행,건조,맑음,단일로 - 기타,승합,남,52세,상해없음,,,,
2019110800100585,2019년 11월 8일 17시,금요일,대전광역시 서구 만년동,경상사고,0,0,1,0,차대사람 - 횡단중,보행자보호의무위반,건조,맑음,단일로 - 기타,이륜,남,27세,상해없음,보행자,여,69세,경상
2019110800100628,2019년 11월 8일 18시,금요일,대전광역시 대덕구 상서동,경상사고,0,0,2,0,차대차 - 추돌,안전운전불이행,건조,맑음,단일로 - 기타,승용,남,58세,상해없음,승용,남,38세,경상
2019110800100662,2019년 11월 8일 18시,금요일,대전광역시 중구 문화동,경상사고,0,0,1,0,차대차 - 측면충돌,안전거리미확보,건조,맑음,단일로 - 기타,승용,여,32세,상해없음,승합,남,55세,경상
2019110800100663,2019년 11월 8일 18시,금요일,대전광역시 동구 용전동,경상사고,0,0,1,0,차대사람 - 횡단중,보행자보호의무위반,건조,맑음,단일로 - 기타,승용,남,65세,상해없음,보행자,여,25세,경상
2019110800100664,2019년 11월 8일 18시,금요일,대전광역시 유성구 원신흥동,경상사고,0,0,2,0,차대사람 - 횡단중,보행자보호의무위반,건조,맑음,기타 - 기타,승용,여,62세,상해없음,보행자,남,20세,경상
2019110800100750,2019년 11월 8일 20시,금요일,대전광역시 유성구 원신흥동,경상사고,0,0,1,0,차대차 - 측면충돌,차로위반,건조,맑음,단일로 - 기타,화물,남,58세,상해없음,승용,남,31세,경상
2019110800100751,2019년 11월 8일 20시,금요일,대전광역시 유성구 봉명동,경상사고,0,0,1,0,차대차 - 측면충돌,교차로운행방법위반,건조,맑음,교차로 - 교차로부근,승용,남,64세,상해없음,이륜,남,26세,경상
2019110800100801,2019년 11월 8일 21시,금요일,대전광역시 서구 둔산동,경상사고,0,0,1,0,차대차 - 기타,안전거리미확보,건조,맑음,단일로 - 기타,승용,남,23세,상해없음,승용,여,44세,경상
2019110800100827,2019년 11월 8일 22시,금요일,대전광역시 동구 성남동,중상사고,0,1,0,0,차대사람 - 횡단중,안전운전불이행,건조,맑음,단일로 - 기타,승용,남,58세,상해없음,보행자,여,59세,중상
2019110800100843,2019년 11월 8일 23시,금요일,대전광역시 동구 가양동,경상사고,0,0,3,0,차대차 - 추돌,안전운전불이행,건조,맑음,단일로 - 기타,이륜,남,22세,경상,승용,남,62세,경상
2019110900100039,2019년 11월 9일 00시,토요일,대전광역시 대덕구 송촌동,경상사고,0,0,1,0,차대차 - 측면충돌,신호위반,건조,맑음,교차로 - 교차로안,승용,여,38세,상해없음,승용,남,20세,경상
2019110900100040,2019년 11월 9일 00시,토요일,대전광역시 유성구 화암동,경상사고,0,0,1,0,차대차 - 측면충돌,신호위반,건조,맑음,교차로 - 교차로안,승용,여,50세,상해없음,승용,여,33세,경상
2019110900100067,2019년 11월 9일 02시,토요일,대전광역시 서구 복수동,경상사고,0,0,2,0,차대차 - 측면충돌,신호위반,건조,맑음,교차로 - 교차로안,승용,남,22세,기타불명,승용,남,51세,경상
2019110900100068,2019년 11월 9일 02시,토요일,대전광역시 서구 탄방동,경상사고,0,0,1,0,차대차 - 후진중충돌,안전운전불이행,건조,맑음,단일로 - 기타,승용,남,47세,상해없음,승용,남,50세,경상
2019110900100108,2019년 11월 9일 05시,토요일,대전광역시 서구 갈마동,경상사고,0,0,4,0,차대차 - 기타,안전운전불이행,건조,맑음,단일로 - 기타,승용,여,37세,상해없음,이륜,남,43세,경상
2019110900100130,2019년 11월 9일 07시,토요일,대전광역시 대덕구 석봉동,중상사고,0,1,1,0,차대차 - 추돌,안전거리미확보,건조,맑음,교차로 - 교차로부근,화물,남,64세,중상,특수,남,57세,경상
2019110900100131,2019년 11월 9일 07시,토요일,대전광역시 유성구 봉명동,중상사고,0,1,0,0,차대사람 - 횡단중,보행자보호의무위반,건조,맑음,교차로 - 교차로횡단보도내,화물,남,63세,상해없음,보행자,여,21세,중상
2019110900100163,2019년 11월 9일 08시,토요일,대전광역시 서구 도마동,경상사고,0,0,1,0,차대차 - 측면충돌,안전거리미확보,건조,맑음,교차로 - 교차로안,승용,남,68세,상해없음,승용,남,27세,경상
2019110900100164,2019년 11월 9일 08시,토요일,대전광역시 서구 월평동,중상사고,0,1,2,0,차대차 - 기타,안전거리미확보,건조,맑음,단일로 - 기타,승용,남,54세,상해없음,승용,남,45세,경상
2019110900100165,2019년 11월 9일 08시,토요일,대전광역시 유성구 원내동,중상사고,0,1,2,0,차대차 - 측면충돌,안전운전불이행,건조,맑음,단일로 - 기타,승용,여,34세,상해없음,승용,여,53세,경상
2019110900100236,2019년 11월 9일 10시,토요일,대전광역시 대덕구 오정동,경상사고,0,0,1,0,차대차 - 기타,안전거리미확보,건조,맑음,기타 - 기타,승용,남,39세,상해없음,승용,남,62세,경상
2019110900100237,2019년 11월 9일 10시,토요일,대전광역시 서구 갈마동,중상사고,0,1,1,0,차대차 - 측면충돌,안전거리미확보,건조,맑음,단일로 - 기타,승용,남,40세,상해없음,이륜,남,48세,중상
2019110900100290,2019년 11월 9일 11시,토요일,대전광역시 유성구 구성동,중상사고,0,1,2,0,차대차 - 추돌,안전운전불이행,건조,맑음,단일로 - 기타,승용,남,65세,상해없음,승용,남,57세,경상
2019110900100334,2019년 11월 9일 12시,토요일,대전광역시 중구 용두동,중상사고,0,1,0,0,차대차 - 측면충돌,신호위반,건조,맑음,단일로 - 기타,승용,남,65세,상해없음,원동기,남,62세,중상
2019110900100335,2019년 11월 9일 12시,토요일,대전광역시 유성구 관평동,경상사고,0,0,1,0,차대차 - 측면충돌,안전운전불이행,건조,맑음,교차로 - 교차로안,승용,여,42세,상해없음,승용,여,52세,경상
2019110900100477,2019년 11월 9일 15시,토요일,대전광역시 동구 인동,경상사고,0,0,4,0,차대차 - 측면충돌,안전거리미확보,건조,맑음,단일로 - 기타,승용,남,28세,상해없음,승용,남,33세,경상
2019110900100508,2019년 11월 9일 16시,토요일,대전광역시 동구 대동,경상사고,0,0,1,0,차대차 - 기타,안전운전불이행,건조,맑음,교차로 - 교차로안,이륜,남,21세,경상,승용,남,61세,상해없음
2019110900100509,2019년 11월 9일 16시,토요일,대전광역시 유성구 지족동,경상사고,0,0,1,0,차대사람 - 기타,안전운전불이행,건조,맑음,단일로 - 기타,승용,남,53세,상해없음,보행자,남,37세,경상
2019110900100551,2019년 11월 9일 17시,토요일,대전광역시 중구 중촌동,경상사고,0,0,1,0,차대차 - 추돌,안전거리미확보,건조,맑음,단일로 - 기타,승용,남,62세,상해없음,화물,남,45세,상해없음
2019110900100552,2019년 11월 9일 17시,토요일,대전광역시 유성구 장대동,경상사고,0,0,1,0,차대차 - 측면충돌,교차로운행방법위반,건조,맑음,교차로 - 교차로안,승용,남,51세,상해없음,이륜,남,29세,경상
2019110900100553,2019년 11월 9일 17시,토요일,대전광역시 유성구 교촌동,중상사고,0,1,0,0,차대사람 - 기타,안전운전불이행,건조,맑음,단일로 - 기타,승용,남,24세,상해없음,보행자,여,62세,중상
2019110900100620,2019년 11월 9일 18시,토요일,대전광역시 서구 복수동,중상사고,0,1,2,0,차대차 - 측면충돌,안전운전불이행,건조,맑음,단일로 - 기타,승용,남,51세,상해없음,이륜,남,53세,중상
2019110900100704,2019년 11월 9일 21시,토요일,대전광역시 중구 대사동,경상사고,0,0,1,0,차대차 - 측면충돌,안전운전불이행,건조,맑음,단일로 - 기타,승용,남,63세,상해없음,승용,남,68세,상해없음
2019111000100055,2019년 11월 10일 01시,일요일,대전광역시 유성구 송강동,중상사고,0,1,0,0,차대차 - 측면충돌,신호위반,건조,맑음,교차로 - 교차로안,승용,남,37세,상해없음,승용,남,36세,중상
2019111000100091,2019년 11월 10일 04시,일요일,대전광역시 유성구 궁동,경상사고,0,0,3,0,차대차 - 측면충돌,불법유턴,건조,맑음,교차로 - 교차로부근,승용,남,34세,상해없음,승용,남,55세,경상
2019111000100107,2019년 11월 10일 06시,일요일,대전광역시 서구 둔산동,경상사고,0,0,1,0,차대사람 - 길가장자리구역통행중,안전운전불이행,건조,맑음,단일로 - 기타,기타불명,기타불명,미분류,기타불명,보행자,남,24세,경상
2019111000100141,2019년 11월 10일 08시,일요일,대전광역시 유성구 궁동,경상사고,0,0,1,0,차대차 - 추돌,안전운전불이행,건조,맑음,교차로 - 교차로안,승용,남,52세,상해없음,승용,남,67세,상해없음
2019111000100183,2019년 11월 10일 10시,일요일,대전광역시 유성구 관평동,중상사고,0,1,0,0,차대사람 - 기타,안전운전불이행,건조,맑음,단일로 - 기타,승합,남,59세,상해없음,보행자,남,85세,중상
2019111000100226,2019년 11월 10일 12시,일요일,대전광역시 동구 용전동,경상사고,0,0,1,0,차대차 - 기타,안전운전불이행,건조,맑음,단일로 - 기타,이륜,남,20세,경상,승용,남,63세,상해없음
2019111000100287,2019년 11월 10일 14시,일요일,대전광역시 유성구 원신흥동,경상사고,0,0,1,0,차대차 - 추돌,안전운전불이행,건조,맑음,교차로 - 교차로횡단보도내,승용,남,52세,상해없음,자전거,남,24세,경상
2019111000100288,2019년 11월 10일 14시,일요일,대전광역시 유성구 봉명동,경상사고,0,0,3,0,차대차 - 측면충돌,중앙선침범,건조,맑음,교차로 - 교차로부근,승용,여,28세,기타불명,승용,남,27세,경상
2019111000100317,2019년 11월 10일 15시,일요일,대전광역시 동구 낭월동,경상사고,0,0,7,0,차대차 - 추돌,안전운전불이행,건조,맑음,교차로 - 교차로안,승용,여,63세,상해없음,승용,남,59세,경상
2019111000100318,2019년 11월 10일 15시,일요일,대전광역시 서구 도마동,중상사고,0,1,2,1,차대차 - 기타,신호위반,건조,맑음,교차로 - 교차로안,승용,남,64세,경상,승용,여,49세,부상신고
2019111000100378,2019년 11월 10일 17시,일요일,대전광역시 동구 판암동,경상사고,0,0,3,0,차대차 - 추돌,안전운전불이행,건조,맑음,교차로 - 교차로부근,승용,남,77세,상해없음,승용,여,48세,경상
2019111000100379,2019년 11월 10일 17시,일요일,대전광역시 동구 가양동,경상사고,0,0,1,0,차대차 - 측면충돌,신호위반,건조,맑음,교차로 - 교차로안,승합,남,37세,상해없음,승용,여,31세,경상
2019111000100380,2019년 11월 10일 17시,일요일,대전광역시 서구 둔산동,경상사고,0,0,2,0,차대차 - 추돌,안전운전불이행,건조,맑음,교차로 - 교차로부근,승용,남,27세,상해없음,승용,남,55세,경상
2019111000100432,2019년 11월 10일 18시,일요일,대전광역시 동구 용전동,경상사고,0,0,1,0,차대사람 - 횡단중,보행자보호의무위반,건조,맑음,단일로 - 기타,승용,남,62세,상해없음,보행자,여,49세,경상
2019111000100433,2019년 11월 10일 18시,일요일,대전광역시 유성구 구암동,경상사고,0,0,1,0,차대차 - 추돌,안전운전불이행,건조,맑음,단일로 - 기타,승용,남,42세,상해없음,승용,남,30세,경상
2019111000100502,2019년 11월 10일 19시,일요일,대전광역시 동구 대동,중상사고,0,1,1,0,차대사람 - 기타,신호위반,젖음/습기,비,단일로 - 기타,이륜,남,27세,경상,보행자,남,52세,중상
2019111000100503,2019년 11월 10일 19시,일요일,대전광역시 동구 홍도동,경상사고,0,0,3,0,차대차 - 측면충돌,교차로운행방법위반,젖음/습기,비,교차로 - 교차로안,화물,남,69세,상해없음,승용,남,46세,경상
2019111000100504,2019년 11월 10일 19시,일요일,대전광역시 서구 관저동,경상사고,0,0,2,0,차대차 - 측면충돌,신호위반,건조,맑음,교차로 - 교차로부근,이륜,남,25세,상해없음,승용,남,64세,경상
2019111000100505,2019년 11월 10일 19시,일요일,대전광역시 서구 도마동,중상사고,0,1,0,0,차대사람 - 횡단중,안전운전불이행,젖음/습기,비,단일로 - 기타,화물,남,61세,상해없음,보행자,남,60세,중상
2019111000100506,2019년 11월 10일 19시,일요일,대전광역시 서구 복수동,경상사고,0,0,1,0,차대차 - 기타,안전운전불이행,건조,맑음,교차로 - 교차로안,기타불명,기타불명,미분류,기타불명,이륜,남,34세,경상
2019111000100595,2019년 11월 10일 21시,일요일,대전광역시 중구 산성동,경상사고,0,0,1,0,차대사람 - 기타,신호위반,젖음/습기,비,기타 - 기타,승용,남,25세,기타불명,보행자,여,49세,경상
2019111000100596,2019년 11월 10일 21시,일요일,대전광역시 동구 홍도동,경상사고,0,0,2,0,차대차 - 기타,기타,젖음/습기,비,교차로 - 교차로안,자전거,남,46세,경상,이륜,남,20세,경상
2019111000100628,2019년 11월 10일 22시,일요일,대전광역시 유성구 관평동,중상사고,0,1,1,0,차대차 - 측면충돌,신호위반,젖음/습기,비,교차로 - 교차로안,승용,남,41세,상해없음,승용,남,59세,경상
2019111000100645,2019년 11월 10일 23시,일요일,대전광역시 중구 태평동,경상사고,0,0,1,0,차대차 - 후진중충돌,안전운전불이행,젖음/습기,흐림,교차로 - 교차로부근,승용,남,57세,상해없음,승용,남,60세,경상
2019111100100042,2019년 11월 11일 00시,월요일,대전광역시 서구 월평동,경상사고,0,0,2,0,차대차 - 추돌,과속,젖음/습기,비,교차로 - 교차로안,승용,남,54세,상해없음,승용,남,25세,경상
2019111100100101,2019년 11월 11일 06시,월요일,대전광역시 중구 선화동,중상사고,0,1,0,0,차대사람 - 기타,안전운전불이행,건조,맑음,교차로 - 교차로안,승용,남,62세,상해없음,보행자,남,62세,중상
2019111100100132,2019년 11월 11일 07시,월요일,대전광역시 중구 대흥동,중상사고,0,1,0,0,차대차 - 후진중충돌,안전운전불이행,건조,맑음,단일로 - 기타,승용,여,54세,상해없음,승용,여,30세,중상
2019111100100133,2019년 11월 11일 07시,월요일,대전광역시 동구 인동,경상사고,0,0,1,0,차대차 - 기타,신호위반,건조,맑음,교차로 - 교차로횡단보도내,승용,여,59세,상해없음,자전거,남,17세,경상
2019111100100134,2019년 11월 11일 07시,월요일,대전광역시 유성구 송강동,중상사고,0,1,0,0,차대사람 - 기타,안전운전불이행,건조,맑음,단일로 - 기타,건설기계,남,46세,상해없음,보행자,남,60세,중상
2019111100100135,2019년 11월 11일 07시,월요일,대전광역시 유성구 반석동,경상사고,0,0,1,0,차대차 - 측면충돌,안전운전불이행,건조,맑음,단일로 - 기타,승용,여,44세,상해없음,승용,여,43세,경상
2019111100100183,2019년 11월 11일 08시,월요일,대전광역시 서구 둔산동,경상사고,0,0,1,0,차대차 - 기타,안전운전불이행,건조,맑음,기타 - 기타,승용,여,39세,상해없음,자전거,남,23세,경상
2019111100100221,2019년 11월 11일 09시,월요일,대전광역시 동구 인동,경상사고,0,0,1,0,차대차 - 측면충돌,교차로운행방법위반,건조,맑음,교차로 - 교차로안,승용,여,43세,상해없음,승용,여,69세,경상
2019111100100222,2019년 11월 11일 09시,월요일,대전광역시 유성구 방동,중상사고,0,1,5,6,차대차 - 추돌,안전운전불이행,건조,맑음,단일로 - 기타,화물,남,51세,기타불명,화물,남,70세,경상
2019111100100223,2019년 11월 11일 09시,월요일,대전광역시 유성구 관평동,경상사고,0,0,1,0,차대차 - 기타,안전운전불이행,건조,맑음,단일로 - 기타,승용,여,59세,상해없음,승용,남,37세,경상
2019111100100267,2019년 11월 11일 10시,월요일,대전광역시 서구 도마동,경상사고,0,0,1,0,차대차 - 기타,안전운전불이행,건조,맑음,단일로 - 기타,승용,여,66세,상해없음,승용,남,66세,경상
2019111100100307,2019년 11월 11일 11시,월요일,대전광역시 동구 인동,경상사고,0,0,1,0,차대차 - 측면충돌,안전운전불이행,건조,맑음,단일로 - 기타,화물,남,71세,상해없음,승용,남,25세,경상
2019111100100348,2019년 11월 11일 12시,월요일,대전광역시 동구 정동,경상사고,0,0,1,0,차대사람 - 보도통행중,신호위반,건조,맑음,단일로 - 기타,승용,남,19세,상해없음,보행자,여,31세,경상
2019111100100349,2019년 11월 11일 12시,월요일,대전광역시 서구 둔산동,경상사고,0,0,1,0,차대차 - 기타,안전거리미확보,건조,맑음,단일로 - 기타,이륜,남,77세,상해없음,승용,여,58세,경상
2019111100100421,2019년 11월 11일 14시,월요일,대전광역시 서구 둔산동,경상사고,0,0,1,0,차대차 - 기타,안전운전불이행,건조,맑음,교차로 - 교차로안,승용,여,55세,상해없음,건설기계,남,44세,경상
2019111100100467,2019년 11월 11일 15시,월요일,대전광역시 중구 태평동,중상사고,0,1,0,0,차대차 - 기타,중앙선침범,건조,맑음,교차로 - 교차로안,자전거,남,34세,중상,승용,여,47세,상해없음
2019111100100511,2019년 11월 11일 16시,월요일,대전광역시 동구 가양동,경상사고,0,0,3,0,차대차 - 기타,안전운전불이행,건조,맑음,단일로 - 기타,승용,남,61세,상해없음,승용,남,61세,경상
2019111100100512,2019년 11월 11일 16시,월요일,대전광역시 서구 도마동,사망사고,1,1,0,0,차대차 - 정면충돌,중앙선침범,건조,맑음,기타 - 기타,승용,여,51세,사망,승용,여,53세,중상
2019111100100563,2019년 11월 11일 17시,월요일,대전광역시 유성구 구암동,경상사고,0,0,2,0,차대차 - 추돌,안전운전불이행,건조,맑음,단일로 - 기타,승합,남,53세,기타불명,승용,남,57세,상해없음
2019111100100618,2019년 11월 11일 18시,월요일,대전광역시 서구 둔산동,경상사고,0,0,2,0,차대차 - 측면충돌,신호위반,건조,맑음,교차로 - 교차로안,승용,여,48세,상해없음,승용,여,50세,경상
2019111100100619,2019년 11월 11일 18시,월요일,대전광역시 서구 갈마동,경상사고,0,0,1,0,차대사람 - 기타,안전운전불이행,건조,맑음,단일로 - 기타,승용,여,55세,상해없음,보행자,남,39세,경상
2019111100100658,2019년 11월 11일 19시,월요일,대전광역시 동구 가양동,경상사고,0,0,1,0,차대사람 - 차도통행중,안전운전불이행,건조,맑음,단일로 - 기타,승용,남,61세,상해없음,보행자,남,55세,경상
2019111100100695,2019년 11월 11일 20시,월요일,대전광역시 동구 삼성동,경상사고,0,0,1,0,차대차 - 정면충돌,신호위반,건조,맑음,교차로 - 교차로안,승용,남,52세,상해없음,승용,남,31세,경상
2019111100100724,2019년 11월 11일 21시,월요일,대전광역시 대덕구 신일동,중상사고,0,1,0,0,차대사람 - 횡단중,보행자보호의무위반,건조,맑음,교차로 - 교차로안,승용,남,50세,상해없음,보행자,남,60세,중상
2019111100100725,2019년 11월 11일 21시,월요일,대전광역시 서구 월평동,경상사고,0,0,1,0,차대차 - 추돌,안전거리미확보,건조,맑음,단일로 - 기타,승용,남,27세,상해없음,이륜,남,43세,경상
2019111200100034,2019년 11월 12일 00시,화요일,대전광역시 유성구 봉명동,경상사고,0,0,1,0,차대사람 - 횡단중,안전운전불이행,건조,맑음,단일로 - 기타,승용,남,64세,상해없음,보행자,남,40세,경상
2019111200100035,2019년 11월 12일 00시,화요일,대전광역시 유성구 봉명동,경상사고,0,0,3,0,차대차 - 측면충돌,교차로운행방법위반,건조,맑음,교차로 - 교차로안,승용,남,43세,경상,승용,남,30세,경상
2019111200100056,2019년 11월 12일 03시,화요일,대전광역시 서구 둔산동,중상사고,0,1,0,0,차대차 - 추돌,과속,건조,맑음,교차로 - 교차로부근,승합,남,58세,상해없음,승용,남,40세,중상
2019111200100158,2019년 11월 12일 08시,화요일,대전광역시 중구 은행동,경상사고,0,0,1,0,차대차 - 측면충돌,신호위반,건조,맑음,교차로 - 교차로안,이륜,남,38세,상해없음,승용,남,70세,경상
2019111200100159,2019년 11월 12일 08시,화요일,대전광역시 서구 도마동,경상사고,0,0,1,0,차대차 - 기타,안전운전불이행,건조,맑음,교차로 - 교차로안,화물,남,57세,상해없음,승용,여,28세,경상
2019111200100160,2019년 11월 12일 08시,화요일,대전광역시 유성구 구암동,경상사고,0,0,2,0,차대차 - 측면충돌,신호위반,건조,맑음,교차로 - 교차로안,승용,남,67세,상해없음,승용,남,51세,경상
2019111200100161,2019년 11월 12일 08시,화요일,대전광역시 유성구 학하동,경상사고,0,0,4,0,차대차 - 기타,안전운전불이행,건조,맑음,교차로 - 교차로안,승용,여,36세,상해없음,승용,남,39세,경상
2019111200100198,2019년 11월 12일 09시,화요일,대전광역시 유성구 송정동,중상사고,0,1,0,0,차대차 - 기타,안전운전불이행,건조,맑음,단일로 - 기타,승용,남,80세,상해없음,이륜,남,79세,중상
2019111200100227,2019년 11월 12일 10시,화요일,대전광역시 서구 용문동,경상사고,0,0,2,0,차대차 - 기타,안전운전불이행,건조,맑음,단일로 - 기타,승용,남,66세,상해없음,승용,여,30세,경상
2019111200100256,2019년 11월 12일 11시,화요일,대전광역시 동구 신하동,중상사고,0,1,0,0,차대사람 - 기타,안전운전불이행,건조,맑음,단일로 - 기타,자전거,여,45세,상해없음,보행자,남,60세,중상
2019111200100314,2019년 11월 12일 13시,화요일,대전광역시 서구 가장동,경상사고,0,0,1,0,차대사람 - 기타,보행자보호의무위반,건조,맑음,교차로 - 교차로부근,승용,여,72세,기타불명,보행자,여,58세,경상
2019111200100344,2019년 11월 12일 14시,화요일,대전광역시 대덕구 오정동,중상사고,0,1,0,0,차대사람 - 기타,과속,건조,맑음,교차로 - 교차로부근,이륜,남,23세,상해없음,보행자,남,75세,중상
2019111200100345,2019년 11월 12일 14시,화요일,대전광역시 서구 갈마동,경상사고,0,0,3,0,차대차 - 기타,안전운전불이행,건조,맑음,교차로 - 교차로부근,승용,여,42세,경상,승용,남,28세,경상
2019111200100346,2019년 11월 12일 14시,화요일,대전광역시 유성구 전민동,경상사고,0,0,1,0,차대사람 - 횡단중,보행자보호의무위반,건조,맑음,교차로 - 교차로횡단보도내,기타불명,기타불명,미분류,기타불명,보행자,여,12세,경상
2019111200100381,2019년 11월 12일 15시,화요일,대전광역시 동구 소제동,중상사고,0,1,0,0,차대사람 - 횡단중,안전운전불이행,건조,맑음,단일로 - 기타,승용,남,31세,상해없음,보행자,여,71세,중상
2019111200100382,2019년 11월 12일 15시,화요일,대전광역시 유성구 구암동,경상사고,0,0,4,0,차대차 - 기타,안전운전불이행,건조,맑음,교차로 - 교차로횡단보도내,승용,남,56세,상해없음,승용,남,81세,경상
2019111200100421,2019년 11월 12일 16시,화요일,대전광역시 서구 둔산동,경상사고,0,0,1,0,차대사람 - 횡단중,신호위반,건조,맑음,교차로 - 교차로횡단보도내,이륜,남,23세,상해없음,보행자,남,10세,경상
2019111200100472,2019년 11월 12일 17시,화요일,대전광역시 중구 용두동,중상사고,0,1,3,0,차량단독 - 기타,기타,건조,맑음,단일로 - 기타,승합,남,43세,상해없음,,,,
2019111200100530,2019년 11월 12일 18시,화요일,대전광역시 중구 대사동,경상사고,0,0,1,0,차대차 - 추돌,안전운전불이행,건조,맑음,단일로 - 기타,승용,남,53세,상해없음,승용,남,29세,경상
2019111200100531,2019년 11월 12일 18시,화요일,대전광역시 서구 월평동,경상사고,0,0,1,0,차대사람 - 기타,안전운전불이행,건조,맑음,교차로 - 교차로부근,승용,남,62세,상해없음,보행자,여,8세,경상
2019111200100532,2019년 11월 12일 18시,화요일,대전광역시 유성구 계산동,경상사고,0,0,1,0,차대차 - 측면충돌,신호위반,건조,맑음,교차로 - 교차로안,승용,여,60세,기타불명,승용,여,47세,경상
2019111200100571,2019년 11월 12일 19시,화요일,대전광역시 중구 선화동,중상사고,0,1,0,0,차대차 - 추돌,안전운전불이행,건조,맑음,교차로 - 교차로부근,승용,남,44세,상해없음,이륜,남,31세,중상
2019111200100596,2019년 11월 12일 20시,화요일,대전광역시 동구 삼성동,경상사고,0,0,1,0,차대차 - 측면충돌,안전운전불이행,건조,맑음,단일로 - 기타,승용,남,66세,상해없음,원동기,남,54세,경상
2019111200100597,2019년 11월 12일 20시,화요일,대전광역시 동구 용운동,경상사고,0,0,1,0,차대차 - 측면충돌,안전거리미확보,건조,맑음,교차로 - 교차로부근,화물,남,35세,상해없음,이륜,남,22세,경상
2019111200100598,2019년 11월 12일 20시,화요일,대전광역시 유성구 노은동,경상사고,0,0,4,0,차대차 - 추돌,안전운전불이행,건조,맑음,단일로 - 기타,승용,남,29세,상해없음,승용,남,56세,경상
2019111200100627,2019년 11월 12일 21시,화요일,대전광역시 중구 대흥동,경상사고,0,0,1,0,차대차 - 측면충돌,교차로운행방법위반,건조,맑음,교차로 - 교차로부근,승용,남,74세,상해없음,승용,남,44세,경상
2019111300100074,2019년 11월 13일 05시,수요일,대전광역시 서구 둔산동,사망사고,1,0,1,0,차대차 - 기타,신호위반,건조,맑음,교차로 - 교차로부근,승용,여,58세,사망,승용,남,25세,경상
2019111300100116,2019년 11월 13일 07시,수요일,대전광역시 중구 대사동,중상사고,0,1,0,0,차대차 - 추돌,안전거리미확보,건조,맑음,교차로 - 교차로부근,승용,남,45세,상해없음,승용,여,49세,중상
2019111300100117,2019년 11월 13일 07시,수요일,대전광역시 서구 갈마동,경상사고,0,0,1,0,차대차 - 기타,교차로운행방법위반,건조,맑음,교차로 - 교차로부근,승용,여,34세,상해없음,화물,남,37세,경상
2019111300100243,2019년 11월 13일 11시,수요일,대전광역시 중구 오류동,중상사고,0,1,0,0,차대사람 - 기타,안전운전불이행,건조,맑음,기타 - 기타,승합,남,72세,상해없음,보행자,여,86세,중상
2019111300100329,2019년 11월 13일 14시,수요일,대전광역시 서구 둔산동,경상사고,0,0,2,0,차대차 - 측면충돌,교차로운행방법위반,건조,맑음,교차로 - 교차로안,승용,남,81세,상해없음,화물,남,57세,경상
2019111300100371,2019년 11월 13일 15시,수요일,대전광역시 중구 산성동,부상신고사고,0,0,0,1,차대차 - 측면충돌,불법유턴,건조,맑음,교차로 - 교차로안,자전거,남,11세,부상신고,승합,남,40세,상해없음
2019111300100372,2019년 11월 13일 15시,수요일,대전광역시 동구 자양동,경상사고,0,0,2,0,차대차 - 측면충돌,안전운전불이행,건조,맑음,교차로 - 교차로안,승용,여,48세,상해없음,승용,남,23세,경상
2019111300100373,2019년 11월 13일 15시,수요일,대전광역시 서구 정림동,경상사고,0,0,1,0,차대사람 - 기타,안전운전불이행,건조,맑음,교차로 - 교차로안,승용,남,36세,상해없음,보행자,남,52세,경상
2019111300100374,2019년 11월 13일 15시,수요일,대전광역시 유성구 송강동,중상사고,0,1,0,0,차대차 - 측면충돌,신호위반,건조,맑음,교차로 - 교차로안,승용,남,42세,상해없음,이륜,남,23세,중상
2019111300100375,2019년 11월 13일 15시,수요일,대전광역시 유성구 복용동,경상사고,0,0,1,0,차대차 - 측면충돌,신호위반,건조,맑음,교차로 - 교차로안,승용,여,66세,상해없음,승용,여,39세,경상
2019111300100409,2019년 11월 13일 16시,수요일,대전광역시 서구 만년동,경상사고,0,0,1,0,차대차 - 측면충돌,안전거리미확보,건조,맑음,단일로 - 기타,승용,여,56세,상해없음,승용,여,53세,경상