사고번호,사고일시,요일,시군구,사고내용,사망자수,중상자수,경상자수,부상신고자수,사고유형,법규위반,노면상태,기상상태,도로형태,가해운전자 차종,가해운전자 성별,가해운전자 연령,가해운전자 상해정도,피해운전자 차종,피해운전자 성별,피해운전자 연령,피해운전자 상해정도
2019111800100696,2019년 11월 18일 22시,월요일,대전광역시 중구 태평동,경상사고,0,0,1,0,차량단독 - 기타,안전운전불이행,건조,맑음,단일로 - 기타,승합,남,62세,상해없음,,,,
2019111800100697,2019년 11월 18일 22시,월요일,대전광역시 유성구 봉명동,경상사고,0,0,1,1,차대차 - 기타,안전운전불이행,건조,맑음,단일로 - 기타,승용,남,40세,상해없음,승용,남,57세,부상신고
2019111800100717,2019년 11월 18일 23시,월요일,대전광역시 서구 가수원동,중상사고,0,1,0,0,차대차 - 기타,안전운전불이행,건조,맑음,교차로 - 교차로부근,승용,남,23세,상해없음,개인형이동수단(PM),남,32세,중상
2019111900100040,2019년 11월 19일 00시,화요일,대전광역시 서구 도안동,경상사고,0,0,1,1,차대차 - 추돌,안전운전불이행,건조,맑음,교차로 - 교차로부근,승용,남,62세,기타불명,화물,남,53세,기타불명
2019111900100081,2019년 11월 19일 05시,화요일,대전광역시 동구 신흥동,중상사고,0,1,1,0,차대차 - 측면충돌,신호위반,건조,맑음,교차로 - 교차로안,자전거,남,71세,중상,이륜,남,22세,경상
2019111900100100,2019년 11월 19일 06시,화요일,대전광역시 중구 산성동,경상사고,0,0,1,0,차대사람 - 기타,안전운전불이행,건조,맑음,교차로 - 교차로부근,승용,여,59세,상해없음,보행자,남,52세,경상
2019111900100131,2019년 11월 19일 07시,화요일,대전광역시 동구 홍도동,경상사고,0,0,1,0,차대차 - 기타,교차로운행방법위반,건조,맑음,교차로 - 교차로부근,승용,여,43세,상해없음,승합,남,48세,상해없음
2019111900100185,2019년 11월 19일 08시,화요일,대전광역시 유성구 지족동,경상사고,0,0,1,0,차대사람 - 기타,안전운전불이행,건조,맑음,단일로 - 기타,승용,여,23세,상해없음,보행자,남,22세,경상
2019111900100223,2019년 11월 19일 09시,화요일,대전광역시 동구 가양동,경상사고,0,0,1,0,차대차 - 측면충돌,중앙선침범,건조,맑음,교차로 - 교차로안,자전거,여,47세,경상,승용,여,43세,상해없음
2019111900100224,2019년 11월 19일 09시,화요일,대전광역시 서구 둔산동,경상사고,0,0,3,0,차대차 - 기타,안전운전불이행,건조,맑음,교차로 - 교차로횡단보도내,승용,여,59세,경상,승용,남,67세,경상
2019111900100225,2019년 11월 19일 09시,화요일,대전광역시 유성구 교촌동,경상사고,0,0,1,0,차대차 - 추돌,안전거리미확보,건조,맑음,단일로 - 기타,승용,여,35세,상해없음,승용,여,20세,경상
2019111900100273,2019년 11월 19일 10시,화요일,대전광역시 대덕구 오정동,중상사고,0,1,0,0,차대차 - 기타,교차로운행방법위반,건조,맑음,교차로 - 교차로안,승용,남,70세,기타불명,승용,남,55세,중상
2019111900100420,2019년 11월 19일 14시,화요일,대전광역시 동구 용전동,경상사고,0,0,1,0,차대차 - 측면충돌,직진우회전진행방해,건조,맑음,교차로 - 교차로안,화물,남,60세,상해없음,승용,여,71세,경상
2019111900100472,2019년 11월 19일 15시,화요일,대전광역시 중구 중촌동,중상사고,0,1,0,0,차대사람 - 횡단중,보행자보호의무위반,건조,맑음,교차로 - 교차로횡단보도내,승용,여,58세,상해없음,보행자,여,74세,중상
2019111900100473,2019년 11월 19일 15시,화요일,대전광역시 서구 가장동,경상사고,0,0,1,0,차대차 - 측면충돌,안전운전불이행,건조,맑음,단일로 - 기타,승용,남,64세,상해없음,승용,남,67세,경상
2019111900100474,2019년 11월 19일 15시,화요일,대전광역시 유성구 원내동,경상사고,0,0,1,1,차대차 - 측면충돌,신호위반,건조,맑음,교차로 - 교차로안,승용,남,81세,상해없음,승용,남,77세,경상
2019111900100548,2019년 11월 19일 17시,화요일,대전광역시 동구 가양동,경상사고,0,0,1,0,차대사람 - 횡단중,안전운전불이행,건조,맑음,교차로 - 교차로안,승용,여,47세,상해없음,보행자,여,80세,경상
2019111900100549,2019년 11월 19일 17시,화요일,대전광역시 동구 용전동,경상사고,0,0,1,0,차대차 - 후진중충돌,안전운전불이행,건조,맑음,기타 - 기타,화물,남,67세,상해없음,승용,남,26세,경상
2019111900100550,2019년 11월 19일 17시,화요일,대전광역시 서구 복수동,경상사고,0,0,1,0,차대사람 - 보도통행중,신호위반,건조,맑음,교차로 - 교차로횡단보도내,승용,여,46세,상해없음,보행자,여,54세,경상
2019111900100551,2019년 11월 19일 17시,화요일,대전광역시 유성구 하기동,중상사고,0,1,0,0,차대차 - 기타,안전운전불이행,건조,맑음,기타 - 기타,승용,여,56세,상해없음,자전거,남,60세,중상
2019111900100628,2019년 11월 19일 18시,화요일,대전광역시 동구 용전동,중상사고,0,1,0,0,차대차 - 기타,신호위반,건조,맑음,교차로 - 교차로부근,승용,남,49세,상해없음,이륜,남,19세,중상
2019111900100629,2019년 11월 19일 18시,화요일,대전광역시 서구 괴정동,경상사고,0,0,1,0,차대차 - 측면충돌,안전운전불이행,건조,맑음,교차로 - 교차로안,승용,여,38세,상해없음,승용,남,60세,경상
2019111900100630,2019년 11월 19일 18시,화요일,대전광역시 대덕구 신대동,중상사고,0,1,0,0,차대차 - 기타,직진우회전진행방해,건조,맑음,교차로 - 교차로안,승용,남,58세,기타불명,자전거,남,59세,중상
2019111900100631,2019년 11월 19일 18시,화요일,대전광역시 유성구 지족동,중상사고,0,1,0,0,차대사람 - 보도통행중,신호위반,건조,맑음,교차로 - 교차로횡단보도내,승용,여,50세,상해없음,보행자,남,59세,중상
2019111900100711,2019년 11월 19일 20시,화요일,대전광역시 서구 가수원동,경상사고,0,0,2,0,차대차 - 추돌,안전운전불이행,건조,맑음,단일로 - 기타,승용,남,52세,상해없음,승용,남,33세,경상
2019111900100712,2019년 11월 19일 20시,화요일,대전광역시 서구 갈마동,경상사고,0,0,4,0,차대차 - 측면충돌,안전거리미확보,건조,맑음,단일로 - 기타,승용,남,63세,상해없음,승용,여,23세,경상
2019111900100745,2019년 11월 19일 21시,화요일,대전광역시 동구 용전동,경상사고,0,0,1,0,차대차 - 후진중충돌,안전운전불이행,건조,맑음,교차로 - 교차로부근,승용,남,60세,상해없음,승용,여,46세,경상
2019111900100746,2019년 11월 19일 21시,화요일,대전광역시 서구 둔산동,중상사고,0,1,0,0,차대사람 - 횡단중,보행자보호의무위반,건조,맑음,교차로 - 교차로횡단보도내,승용,여,56세,상해없음,보행자,여,40세,중상
2019111900100769,2019년 11월 19일 22시,화요일,대전광역시 대덕구 중리동,사망사고,2,1,0,0,차대사람 - 기타,중앙선침범,건조,맑음,기타 - 기타,화물,남,39세,상해없음,보행자,여,56세,사망
2019112000100063,2019년 11월 20일 02시,수요일,대전광역시 서구 월평동,경상사고,0,0,1,0,차대사람 - 기타,안전운전불이행,건조,맑음,단일로 - 기타,승용,남,31세,기타불명,보행자,남,23세,경상
2019112000100084,2019년 11월 20일 05시,수요일,대전광역시 서구 용문동,경상사고,0,0,3,0,차대차 - 정면충돌,신호위반,건조,맑음,교차로 - 교차로부근,승용,남,23세,경상,화물,남,33세,경상
2019112000100132,2019년 11월 20일 07시,수요일,대전광역시 대덕구 오정동,경상사고,0,0,1,0,차대차 - 기타,신호위반,건조,맑음,교차로 - 교차로안,승용,여,19세,상해없음,승용,남,28세,경상
2019112000100133,2019년 11월 20일 07시,수요일,대전광역시 유성구 반석동,중상사고,0,1,0,0,차대차 - 기타,안전운전불이행,건조,맑음,단일로 - 기타,화물,남,58세,상해없음,자전거,남,41세,중상
2019112000100189,2019년 11월 20일 08시,수요일,대전광역시 중구 선화동,경상사고,0,0,1,0,차대사람 - 횡단중,안전운전불이행,건조,맑음,단일로 - 기타,승용,여,48세,상해없음,보행자,여,62세,경상
2019112000100271,2019년 11월 20일 10시,수요일,대전광역시 동구 판암동,경상사고,0,0,2,0,차대차 - 측면충돌,안전거리미확보,건조,맑음,단일로 - 기타,승용,남,20세,상해없음,화물,남,73세,경상
2019112000100272,2019년 11월 20일 10시,수요일,대전광역시 유성구 봉명동,경상사고,0,0,1,0,차대차 - 측면충돌,교차로운행방법위반,건조,맑음,교차로 - 교차로안,승용,남,61세,상해없음,승합,남,57세,경상
2019112000100304,2019년 11월 20일 11시,수요일,대전광역시 대덕구 신탄진동,중상사고,0,1,0,0,차대사람 - 기타,보행자보호의무위반,건조,맑음,단일로 - 기타,화물,남,48세,상해없음,보행자,남,64세,중상
2019112000100305,2019년 11월 20일 11시,수요일,대전광역시 대덕구 오정동,경상사고,0,0,2,0,차대차 - 기타,안전운전불이행,건조,맑음,단일로 - 기타,승용,남,76세,기타불명,승용,남,42세,경상
2019112000100306,2019년 11월 20일 11시,수요일,대전광역시 유성구 노은동,경상사고,0,0,1,0,차대차 - 기타,안전운전불이행,건조,맑음,단일로 - 기타,승용,남,65세,상해없음,승용,남,40세,경상
2019112000100349,2019년 11월 20일 12시,수요일,대전광역시 유성구 봉명동,경상사고,0,0,1,0,차대차 - 측면충돌,신호위반,건조,맑음,교차로 - 교차로안,승용,남,59세,상해없음,승용,여,37세,경상
2019112000100392,2019년 11월 20일 13시,수요일,대전광역시 중구 오류동,경상사고,0,0,2,0,차대차 - 측면충돌,안전거리미확보,건조,맑음,교차로 - 교차로부근,승용,남,73세,상해없음,승용,여,32세,경상
2019112000100426,2019년 11월 20일 14시,수요일,대전광역시 유성구 반석동,경상사고,0,0,2,0,차대차 - 측면충돌,안전거리미확보,건조,맑음,단일로 - 기타,승용,여,49세,상해없음,승용,남,36세,경상
2019112000100474,2019년 11월 20일 15시,수요일,대전광역시 유성구 관평동,경상사고,0,0,1,0,차대차 - 추돌,안전운전불이행,건조,맑음,단일로 - 기타,승용,남,64세,상해없음,승용,여,50세,경상
2019112000100518,2019년 11월 20일 16시,수요일,대전광역시 중구 유천동,경상사고,0,0,1,0,차대차 - 측면충돌,안전운전불이행,건조,맑음,단일로 - 기타,화물,남,53세,상해없음,승용,여,34세,경상
2019112000100519,2019년 11월 20일 16시,수요일,대전광역시 동구 정동,경상사고,0,0,1,0,차대사람 - 기타,보행자보호의무위반,건조,맑음,교차로 - 교차로횡단보도내,승용,남,37세,상해없음,보행자,여,79세,경상
2019112000100648,2019년 11월 20일 18시,수요일,대전광역시 중구 용두동,중상사고,0,1,0,0,차대차 - 측면충돌,신호위반,건조,맑음,단일로 - 기타,승용,여,55세,상해없음,이륜,남,49세,중상
2019112000100649,2019년 11월 20일 18시,수요일,대전광역시 서구 괴정동,경상사고,0,0,1,0,차대차 - 후진중충돌,안전운전불이행,건조,맑음,단일로 - 기타,승용,여,40세,상해없음,이륜,남,39세,경상
2019112000100696,2019년 11월 20일 19시,수요일,대전광역시 유성구 관평동,경상사고,0,0,1,0,차대사람 - 기타,안전운전불이행,건조,맑음,단일로 - 기타,승용,남,46세,상해없음,보행자,남,14세,경상
2019112000100721,2019년 11월 20일 20시,수요일,대전광역시 서구 월평동,경상사고,0,0,1,0,차대차 - 추돌,안전운전불이행,건조,맑음,교차로 - 교차로안,승용,남,21세,상해없음,승용,남,44세,경상
2019112000100722,2019년 11월 20일 20시,수요일,대전광역시 유성구 원내동,경상사고,0,0,1,0,차량단독 - 기타,기타,건조,맑음,기타 - 기타,승합,남,53세,상해없음,,,,
2019112000100746,2019년 11월 20일 21시,수요일,대전광역시 중구 오류동,경상사고,0,0,1,0,차대차 - 기타,안전운전불이행,건조,맑음,교차로 - 교차로안,승용,여,40세,상해없음,승용,여,25세,경상
2019112000100747,2019년 11월 20일 21시,수요일,대전광역시 서구 도마동,경상사고,0,0,1,0,차대차 - 측면충돌,기타,건조,맑음,단일로 - 기타,승용,남,64세,상해없음,이륜,남,45세,경상
2019112000100777,2019년 11월 20일 22시,수요일,대전광역시 서구 월평동,경상사고,0,0,1,0,차대차 - 기타,안전운전불이행,건조,맑음,교차로 - 교차로안,승용,남,61세,상해없음,이륜,남,42세,경상
2019112000100778,2019년 11월 20일 22시,수요일,대전광역시 유성구 봉명동,경상사고,0,0,1,0,차대차 - 측면충돌,안전운전불이행,건조,맑음,단일로 - 기타,승용,남,31세,상해없음,승용,남,59세,경상
2019112100100031,2019년 11월 21일 00시,목요일,대전광역시 서구 복수동,경상사고,0,0,1,0,차대차 - 측면충돌,신호위반,건조,맑음,교차로 - 교차로안,승용,남,48세,상해없음,승합,남,36세,경상
2019112100100070,2019년 11월 21일 05시,목요일,대전광역시 서구 둔산동,중상사고,0,1,1,0,차대차 - 기타,안전운전불이행,건조,맑음,단일로 - 기타,화물,남,64세,중상,승용,여,48세,경상
2019112100100166,2019년 11월 21일 08시,목요일,대전광역시 동구 삼성동,경상사고,0,0,1,0,차대차 - 측면충돌,안전운전불이행,건조,맑음,단일로 - 기타,승용,남,39세,상해없음,승용,남,42세,경상
2019112100100167,2019년 11월 21일 08시,목요일,대전광역시 서구 내동,경상사고,0,0,2,0,차대차 - 측면충돌,안전거리미확보,건조,맑음,교차로 - 교차로부근,승용,남,23세,상해없음,승용,남,31세,경상
2019112100100240,2019년 11월 21일 10시,목요일,대전광역시 서구 변동,경상사고,0,0,1,0,차대차 - 기타,안전운전불이행,건조,맑음,단일로 - 기타,승용,남,70세,상해없음,화물,남,41세,경상
2019112100100241,2019년 11월 21일 10시,목요일,대전광역시 서구 둔산동,경상사고,0,0,1,0,차대차 - 기타,안전운전불이행,건조,맑음,단일로 - 기타,승용,남,38세,상해없음,승용,여,37세,경상
2019112100100306,2019년 11월 21일 12시,목요일,대전광역시 동구 신흥동,경상사고,0,0,1,0,차대차 - 측면충돌,차로위반,건조,맑음,교차로 - 교차로부근,원동기,여,72세,경상,승합,남,54세,상해없음
2019112100100386,2019년 11월 21일 14시,목요일,대전광역시 동구 가오동,경상사고,0,0,2,0,차대차 - 기타,차로위반,건조,맑음,단일로 - 기타,승용,남,72세,상해없음,승용,여,40세,경상
2019112100100387,2019년 11월 21일 14시,목요일,대전광역시 서구 탄방동,경상사고,0,0,4,0,차대차 - 측면충돌,교차로운행방법위반,건조,맑음,교차로 - 교차로안,승용,남,57세,경상,승용,남,66세,경상
2019112100100473,2019년 11월 21일 16시,목요일,대전광역시 동구 가양동,경상사고,0,0,1,0,차대차 - 기타,교차로운행방법위반,건조,맑음,교차로 - 교차로안,승용,남,32세,기타불명,이륜,여,53세,경상
2019112100100474,2019년 11월 21일 16시,목요일,대전광역시 서구 용문동,중상사고,0,1,0,0,차대사람 - 차도통행중,안전운전불이행,건조,맑음,단일로 - 기타,승용,남,24세,상해없음,보행자,여,75세,중상
2019112100100475,2019년 11월 21일 16시,목요일,대전광역시 서구 정림동,경상사고,0,0,1,0,차대차 - 측면충돌,안전거리미확보,건조,맑음,단일로 - 기타,승용,여,30세,기타불명,승용,여,40세,경상
2019112100100609,2019년 11월 21일 18시,목요일,대전광역시 중구 중촌동,경상사고,0,0,1,0,차대차 - 기타,중앙선침범,건조,맑음,단일로 - 기타,승용,남,38세,상해없음,승용,남,64세,상해없음
2019112100100610,2019년 11월 21일 18시,목요일,대전광역시 동구 성남동,경상사고,0,0,1,0,차대차 - 기타,신호위반,건조,맑음,교차로 - 교차로안,승용,남,23세,상해없음,승용,여,44세,경상
2019112100100611,2019년 11월 21일 18시,목요일,대전광역시 유성구 지족동,경상사고,0,0,1,0,차대차 - 추돌,교차로운행방법위반,건조,맑음,교차로 - 교차로안,승용,남,50세,상해없음,원동기,남,43세,경상
2019112100100612,2019년 11월 21일 18시,목요일,대전광역시 유성구 관평동,중상사고,0,1,0,0,차대차 - 추돌,안전운전불이행,건조,맑음,단일로 - 기타,승용,남,28세,상해없음,원동기,남,50세,중상
2019112100100664,2019년 11월 21일 19시,목요일,대전광역시 중구 문창동,중상사고,0,2,0,0,차대사람 - 횡단중,안전운전불이행,건조,맑음,단일로 - 기타,승합,남,59세,상해없음,보행자,남,45세,중상
2019112100100665,2019년 11월 21일 19시,목요일,대전광역시 중구 부사동,경상사고,0,0,5,0,차대차 - 후진중충돌,불법유턴,건조,맑음,단일로 - 기타,승용,남,40세,경상,원동기,남,42세,경상
2019112100100666,2019년 11월 21일 19시,목요일,대전광역시 서구 둔산동,경상사고,0,0,1,0,차대사람 - 길가장자리구역통행중,안전운전불이행,건조,맑음,단일로 - 기타,승용,여,50세,기타불명,보행자,남,70세,경상
2019112100100699,2019년 11월 21일 20시,목요일,대전광역시 유성구 봉명동,경상사고,0,0,1,0,차대사람 - 횡단중,보행자보호의무위반,건조,맑음,교차로 - 교차로횡단보도내,승용,남,54세,상해없음,보행자,남,69세,경상
2019112100100742,2019년 11월 21일 22시,목요일,대전광역시 동구 판암동,경상사고,0,0,1,0,차대차 - 기타,안전운전불이행,건조,맑음,교차로 - 교차로안,승용,여,47세,상해없음,이륜,남,23세,경상
2019112100100743,2019년 11월 21일 22시,목요일,대전광역시 동구 성남동,경상사고,0,0,1,0,차대차 - 기타,교차로운행방법위반,건조,맑음,교차로 - 교차로안,기타불명,기타불명,미분류,기타불명,승합,남,46세,상해없음
2019112100100744,2019년 11월 21일 22시,목요일,대전광역시 서구 둔산동,경상사고,0,0,1,0,차대차 - 측면충돌,교차로운행방법위반,건조,맑음,교차로 - 교차로안,승용,여,42세,상해없음,승용,남,26세,경상
2019112100100768,2019년 11월 21일 23시,목요일,대전광역시 중구 중촌동,경상사고,0,0,1,1,차대차 - 측면충돌,신호위반,건조,맑음,교차로 - 교차로안,승용,남,71세,상해없음,승용,남,52세,부상신고
2019112100100769,2019년 11월 21일 23시,목요일,대전광역시 유성구 봉산동,경상사고,0,0,1,0,차대차 - 후진중충돌,안전운전불이행,건조,맑음,교차로 - 교차로안,승용,남,49세,상해없음,승용,남,60세,경상
2019112200100064,2019년 11월 22일 02시,금요일,대전광역시 중구 오류동,중상사고,0,1,0,0,차대사람 - 차도통행중,안전운전불이행,건조,맑음,교차로 - 교차로안,승용,남,63세,상해없음,보행자,남,37세,중상
2019112200100131,2019년 11월 22일 07시,금요일,대전광역시 동구 대동,경상사고,0,0,2,0,차대사람 - 기타,안전운전불이행,건조,맑음,단일로 - 기타,승용,여,40세,상해없음,보행자,여,16세,경상
2019112200100132,2019년 11월 22일 07시,금요일,대전광역시 대덕구 상서동,경상사고,0,0,3,1,차대차 - 기타,교차로운행방법위반,건조,맑음,교차로 - 교차로안,승용,남,32세,부상신고,승용,남,47세,경상
2019112200100189,2019년 11월 22일 08시,금요일,대전광역시 서구 괴정동,경상사고,0,0,2,0,차대차 - 측면충돌,안전운전불이행,건조,맑음,단일로 - 기타,화물,남,56세,경상,승용,여,46세,경상
2019112200100190,2019년 11월 22일 08시,금요일,대전광역시 서구 둔산동,경상사고,0,0,1,0,차대사람 - 횡단중,안전운전불이행,건조,맑음,교차로 - 교차로부근,승용,여,35세,상해없음,보행자,여,21세,경상
2019112200100232,2019년 11월 22일 09시,금요일,대전광역시 유성구 용계동,중상사고,0,1,0,0,차대차 - 추돌,신호위반,건조,맑음,교차로 - 교차로안,원동기,남,41세,중상,승합,남,71세,상해없음
2019112200100329,2019년 11월 22일 12시,금요일,대전광역시 중구 산성동,중상사고,0,1,0,0,차대사람 - 횡단중,중앙선침범,건조,맑음,단일로 - 기타,승용,남,65세,상해없음,보행자,여,62세,중상
2019112200100330,2019년 11월 22일 12시,금요일,대전광역시 동구 삼성동,중상사고,0,1,0,0,차대차 - 측면충돌,안전운전불이행,건조,맑음,단일로 - 기타,자전거,남,74세,중상,화물,남,74세,상해없음
2019112200100331,2019년 11월 22일 12시,금요일,대전광역시 유성구 봉명동,경상사고,0,0,1,0,차대사람 - 기타,안전운전불이행,건조,맑음,단일로 - 기타,승용,남,50세,상해없음,보행자,여,20세,경상
2019112200100332,2019년 11월 22일 12시,금요일,대전광역시 유성구 봉명동,부상신고사고,0,0,0,4,차대차 - 측면충돌,안전운전불이행,건조,흐림,교차로 - 교차로부근,승용,남,42세,상해없음,승용,남,47세,부상신고
2019112200100366,2019년 11월 22일 13시,금요일,대전광역시 서구 둔산동,경상사고,0,0,1,0,차대차 - 측면충돌,안전거리미확보,건조,맑음,단일로 - 기타,승용,남,37세,상해없음,승용,남,53세,경상
2019112200100515,2019년 11월 22일 16시,금요일,대전광역시 서구 월평동,경상사고,0,0,1,0,차대차 - 측면충돌,안전거리미확보,건조,맑음,단일로 - 지하차도(도로)내,건설기계,남,57세,상해없음,승용,여,50세,경상
2019112200100516,2019년 11월 22일 16시,금요일,대전광역시 유성구 노은동,경상사고,0,0,1,0,차대차 - 측면충돌,안전거리미확보,건조,맑음,교차로 - 교차로부근,승용,여,64세,상해없음,승용,남,61세,경상
2019112200100658,2019년 11월 22일 18시,금요일,대전광역시 서구 둔산동,중상사고,0,1,3,0,차대차 - 측면충돌,안전운전불이행,건조,맑음,교차로 - 교차로안,승용,남,33세,경상,화물,남,60세,중상
2019112200100659,2019년 11월 22일 18시,금요일,대전광역시 유성구 봉명동,경상사고,0,0,1,0,차대차 - 기타,안전운전불이행,건조,맑음,단일로 - 기타,승용,남,59세,상해없음,자전거,남,46세,경상
2019112200100709,2019년 11월 22일 19시,금요일,대전광역시 대덕구 연축동,경상사고,0,0,1,0,차대사람 - 기타,기타,건조,맑음,단일로 - 기타,자전거,남,51세,상해없음,보행자,남,60세,경상
2019112200100751,2019년 11월 22일 20시,금요일,대전광역시 대덕구 오정동,경상사고,0,0,1,0,차대차 - 기타,차로위반,건조,맑음,단일로 - 기타,승용,여,22세,상해없음,승합,남,47세,상해없음
2019112200100811,2019년 11월 22일 22시,금요일,대전광역시 중구 산성동,중상사고,0,1,0,0,차대차 - 측면충돌,교차로운행방법위반,건조,맑음,교차로 - 교차로안,승용,여,19세,상해없음,이륜,남,40세,중상
2019112200100812,2019년 11월 22일 22시,금요일,대전광역시 동구 용전동,경상사고,0,0,1,0,차대차 - 기타,중앙선침범,건조,맑음,단일로 - 기타,승용,남,19세,상해없음,이륜,남,24세,경상
2019112200100813,2019년 11월 22일 22시,금요일,대전광역시 서구 용문동,경상사고,0,0,1,0,차대사람 - 기타,안전운전불이행,건조,맑음,교차로 - 교차로부근,승용,남,35세,상해없음,보행자,남,34세,경상
2019112300100087,2019년 11월 23일 04시,토요일,대전광역시 대덕구 중리동,중상사고,0,1,1,0,차대차 - 기타,안전운전불이행,건조,맑음,단일로 - 기타,특수,남,59세,상해없음,승용,남,57세,중상
2019112300100110,2019년 11월 23일 06시,토요일,대전광역시 서구 둔산동,중상사고,0,1,0,0,차대사람 - 횡단중,안전운전불이행,건조,맑음,교차로 - 교차로안,승용,여,35세,상해없음,보행자,여,73세,중상
2019112300100123,2019년 11월 23일 07시,토요일,대전광역시 동구 성남동,경상사고,0,0,1,0,차대차 - 기타,안전운전불이행,건조,맑음,교차로 - 교차로횡단보도내,화물,남,54세,상해없음,자전거,남,77세,경상
2019112300100147,2019년 11월 23일 08시,토요일,대전광역시 서구 관저동,경상사고,0,0,1,0,차대차 - 기타,신호위반,건조,맑음,교차로 - 교차로부근,승용,남,60세,상해없음,승용,여,52세,경상
2019112300100148,2019년 11월 23일 08시,토요일,대전광역시 대덕구 문평동,경상사고,0,0,1,0,차대차 - 기타,중앙선침범,건조,맑음,단일로 - 기타,특수,남,55세,상해없음,승용,남,23세,경상
2019112300100149,2019년 11월 23일 08시,토요일,대전광역시 서구 탄방동,경상사고,0,0,1,0,차대사람 - 기타,보행자보호의무위반,건조,맑음,교차로 - 교차로횡단보도내,승용,남,52세,기타불명,보행자,여,16세,경상
2019112300100187,2019년 11월 23일 09시,토요일,대전광역시 서구 가수원동,중상사고,0,1,0,0,차대사람 - 횡단중,안전운전불이행,건조,맑음,교차로 - 교차로부근,승용,여,68세,상해없음,보행자,여,70세,중상
2019112300100188,2019년 11월 23일 09시,토요일,대전광역시 서구 갈마동,경상사고,0,0,4,0,차대차 - 기타,안전거리미확보,건조,맑음,단일로 - 기타,승용,남,20세,상해없음,승용,남,66세,경상
2019112300100221,2019년 11월 23일 10시,토요일,대전광역시 서구 둔산동,경상사고,0,0,1,1,차대차 - 기타,신호위반,건조,맑음,교차로 - 교차로안,승용,여,34세,상해없음,승용,남,62세,부상신고
2019112300100222,2019년 11월 23일 10시,토요일,대전광역시 유성구 봉명동,경상사고,0,0,2,0,차대차 - 측면충돌,신호위반,건조,맑음,단일로 - 기타,승용,여,60세,상해없음,승합,남,46세,경상
2019112300100267,2019년 11월 23일 11시,토요일,대전광역시 동구 원동,경상사고,0,0,1,0,차대차 - 추돌,안전운전불이행,건조,맑음,단일로 - 지하차도(도로)내,승용,남,72세,상해없음,승용,남,28세,경상
2019112300100301,2019년 11월 23일 12시,토요일,대전광역시 중구 중촌동,경상사고,0,0,1,0,차대사람 - 횡단중,안전운전불이행,건조,맑음,교차로 - 교차로안,승용,남,52세,상해없음,보행자,여,74세,경상
2019112300100302,2019년 11월 23일 12시,토요일,대전광역시 동구 자양동,경상사고,0,0,1,0,차대차 - 측면충돌,과속,건조,맑음,교차로 - 교차로안,이륜,남,33세,경상,승용,남,62세,상해없음
2019112300100303,2019년 11월 23일 12시,토요일,대전광역시 서구 괴곡동,중상사고,0,1,2,0,차대차 - 측면충돌,안전운전불이행,건조,맑음,교차로 - 교차로안,승용,여,28세,상해없음,승용,남,56세,경상
2019112300100304,2019년 11월 23일 12시,토요일,대전광역시 유성구 송강동,경상사고,0,0,1,0,차대차 - 후진중충돌,안전운전불이행,건조,맑음,교차로 - 교차로안,승용,여,48세,기타불명,승합,남,57세,경상
2019112300100357,2019년 11월 23일 13시,토요일,대전광역시 유성구 노은동,경상사고,0,0,2,0,차대차 - 측면충돌,안전운전불이행,건조,맑음,단일로 - 기타,건설기계,남,58세,상해없음,승용,여,27세,경상
2019112300100400,2019년 11월 23일 14시,토요일,대전광역시 동구 가양동,경상사고,0,0,1,0,차대차 - 측면충돌,안전거리미확보,건조,맑음,단일로 - 기타,승용,남,49세,상해없음,이륜,남,25세,경상
2019112300100436,2019년 11월 23일 15시,토요일,대전광역시 동구 홍도동,경상사고,0,0,3,0,차대차 - 추돌,안전운전불이행,건조,맑음,단일로 - 기타,승용,남,72세,상해없음,승용,남,51세,경상
2019112300100474,2019년 11월 23일 16시,토요일,대전광역시 동구 중동,경상사고,0,0,1,0,차대사람 - 기타,안전운전불이행,건조,맑음,단일로 - 기타,승합,남,56세,상해없음,보행자,남,31세,경상
2019112300100475,2019년 11월 23일 16시,토요일,대전광역시 대덕구 용호동,중상사고,0,1,0,0,차대차 - 기타,교차로운행방법위반,건조,맑음,교차로 - 교차로안,승용,여,54세,상해없음,자전거,여,56세,중상
2019112300100527,2019년 11월 23일 17시,토요일,대전광역시 서구 도안동,사망사고,1,0,0,0,차대차 - 측면충돌,신호위반,건조,맑음,단일로 - 기타,승용,남,52세,상해없음,이륜,남,46세,사망
2019112300100528,2019년 11월 23일 17시,토요일,대전광역시 대덕구 법동,경상사고,0,0,4,0,차대차 - 기타,안전운전불이행,건조,맑음,단일로 - 기타,승용,여,26세,경상,승용,여,39세,경상
2019112300100529,2019년 11월 23일 17시,토요일,대전광역시 유성구 방동,경상사고,0,0,2,0,차대차 - 추돌,안전운전불이행,건조,맑음,단일로 - 기타,승용,여,52세,상해없음,승용,남,61세,경상
2019112300100581,2019년 11월 23일 18시,토요일,대전광역시 동구 성남동,경상사고,0,0,1,0,차대사람 - 횡단중,안전운전불이행,건조,맑음,교차로 - 교차로횡단보도내,화물,남,55세,상해없음,보행자,남,28세,경상