사고번호,사고일시,요일,시군구,사고내용,사망자수,중상자수,경상자수,부상신고자수,사고유형,법규위반,노면상태,기상상태,도로형태,가해운전자 차종,가해운전자 성별,가해운전자 연령,가해운전자 상해정도,피해운전자 차종,피해운전자 성별,피해운전자 연령,피해운전자 상해정도
2019112800100496,2019년 11월 28일 17시,목요일,대전광역시 동구 대동,경상사고,0,0,2,0,차대차 - 측면충돌,안전운전불이행,건조,맑음,교차로 - 교차로안,이륜,남,43세,경상,승용,여,22세,경상
2019112800100497,2019년 11월 28일 17시,목요일,대전광역시 동구 가양동,경상사고,0,0,1,0,차대차 - 추돌,안전운전불이행,건조,맑음,교차로 - 교차로부근,승용,여,59세,상해없음,승용,남,38세,경상
2019112800100555,2019년 11월 28일 18시,목요일,대전광역시 중구 사정동,경상사고,0,0,1,0,차대차 - 추돌,안전운전불이행,건조,맑음,단일로 - 기타,승용,남,64세,상해없음,승용,여,26세,경상
2019112800100556,2019년 11월 28일 18시,목요일,대전광역시 서구 정림동,경상사고,0,0,1,0,차대차 - 추돌,안전운전불이행,건조,맑음,단일로 - 교량,승용,남,28세,기타불명,승용,여,24세,기타불명
2019112800100594,2019년 11월 28일 19시,목요일,대전광역시 중구 산성동,경상사고,0,0,1,0,차대차 - 추돌,안전운전불이행,건조,맑음,교차로 - 교차로안,승용,남,58세,상해없음,승용,여,39세,경상
2019112800100635,2019년 11월 28일 20시,목요일,대전광역시 중구 오류동,경상사고,0,0,2,0,차대차 - 기타,안전운전불이행,건조,맑음,교차로 - 교차로안,승용,남,39세,상해없음,승용,남,51세,경상
2019112800100636,2019년 11월 28일 20시,목요일,대전광역시 중구 문화동,중상사고,0,1,0,0,차대차 - 추돌,신호위반,건조,맑음,교차로 - 교차로안,승용,여,49세,상해없음,이륜,남,27세,중상
2019112800100662,2019년 11월 28일 21시,목요일,대전광역시 유성구 상대동,중상사고,0,2,9,1,차대차 - 추돌,안전운전불이행,건조,맑음,단일로 - 기타,승용,남,61세,경상,승용,여,49세,중상
2019112800100691,2019년 11월 28일 22시,목요일,대전광역시 유성구 궁동,경상사고,0,0,1,0,차대차 - 기타,안전거리미확보,건조,맑음,단일로 - 기타,승용,여,32세,상해없음,승용,여,28세,경상
2019112800100721,2019년 11월 28일 23시,목요일,대전광역시 중구 안영동,경상사고,0,0,1,0,차대사람 - 기타,보행자보호의무위반,건조,맑음,교차로 - 교차로횡단보도내,승용,여,29세,상해없음,보행자,남,45세,경상
2019112900100031,2019년 11월 29일 00시,금요일,대전광역시 서구 월평동,중상사고,0,1,0,0,차대사람 - 횡단중,안전운전불이행,건조,맑음,단일로 - 기타,화물,남,21세,상해없음,보행자,여,62세,중상
2019112900100032,2019년 11월 29일 00시,금요일,대전광역시 유성구 봉명동,경상사고,0,0,2,0,차대차 - 기타,신호위반,건조,맑음,교차로 - 교차로안,승용,남,29세,상해없음,승용,남,51세,경상
2019112900100188,2019년 11월 29일 08시,금요일,대전광역시 서구 둔산동,경상사고,0,0,1,0,차대차 - 기타,신호위반,건조,맑음,교차로 - 교차로안,승용,여,59세,상해없음,승용,여,45세,경상
2019112900100213,2019년 11월 29일 09시,금요일,대전광역시 유성구 원내동,중상사고,0,1,0,0,차대사람 - 기타,안전운전불이행,건조,맑음,교차로 - 교차로부근,승합,여,60세,상해없음,보행자,남,75세,중상
2019112900100253,2019년 11월 29일 10시,금요일,대전광역시 서구 정림동,경상사고,0,0,1,0,차대차 - 측면충돌,교차로운행방법위반,건조,맑음,교차로 - 교차로횡단보도내,승용,남,44세,상해없음,자전거,여,70세,경상
2019112900100294,2019년 11월 29일 11시,금요일,대전광역시 동구 대동,중상사고,0,1,0,0,차대사람 - 횡단중,안전운전불이행,건조,맑음,교차로 - 교차로횡단보도내,승용,남,67세,상해없음,보행자,여,19세,중상
2019112900100295,2019년 11월 29일 11시,금요일,대전광역시 서구 탄방동,경상사고,0,0,1,0,차대차 - 기타,안전거리미확보,건조,맑음,단일로 - 기타,승용,남,39세,상해없음,건설기계,남,57세,경상
2019112900100323,2019년 11월 29일 12시,금요일,대전광역시 서구 둔산동,중상사고,0,1,0,0,차대사람 - 기타,안전운전불이행,건조,맑음,단일로 - 기타,승용,여,41세,상해없음,보행자,남,56세,중상
2019112900100365,2019년 11월 29일 13시,금요일,대전광역시 중구 유천동,경상사고,0,0,1,0,차대사람 - 기타,신호위반,건조,맑음,교차로 - 교차로안,승용,남,79세,상해없음,보행자,남,47세,경상
2019112900100415,2019년 11월 29일 14시,금요일,대전광역시 유성구 상대동,경상사고,0,0,1,0,차대차 - 후진중충돌,안전운전불이행,건조,맑음,교차로 - 교차로안,승용,여,56세,상해없음,승용,남,48세,경상
2019112900100463,2019년 11월 29일 15시,금요일,대전광역시 동구 삼성동,중상사고,0,1,0,0,차대차 - 측면충돌,불법유턴,건조,맑음,단일로 - 기타,자전거,남,79세,중상,승용,남,32세,상해없음
2019112900100521,2019년 11월 29일 16시,금요일,대전광역시 서구 도안동,경상사고,0,0,2,0,차대차 - 측면충돌,안전운전불이행,건조,맑음,단일로 - 기타,승용,여,52세,기타불명,승용,남,24세,경상
2019112900100574,2019년 11월 29일 17시,금요일,대전광역시 중구 대흥동,중상사고,0,1,0,0,차대사람 - 횡단중,안전운전불이행,건조,맑음,단일로 - 기타,승용,남,60세,상해없음,보행자,남,61세,중상
2019112900100575,2019년 11월 29일 17시,금요일,대전광역시 중구 문화동,경상사고,0,0,1,0,차량단독 - 기타,안전운전불이행,건조,맑음,단일로 - 기타,승합,남,51세,상해없음,,,,
2019112900100576,2019년 11월 29일 17시,금요일,대전광역시 서구 복수동,경상사고,0,0,1,0,차량단독 - 기타,안전운전불이행,건조,맑음,교차로 - 교차로부근,승합,남,47세,기타불명,,,,
2019112900100577,2019년 11월 29일 17시,금요일,대전광역시 서구 둔산동,경상사고,0,0,1,0,차대사람 - 기타,안전운전불이행,건조,맑음,단일로 - 기타,승용,남,72세,상해없음,보행자,여,80세,경상
2019112900100578,2019년 11월 29일 17시,금요일,대전광역시 유성구 송강동,경상사고,0,0,1,0,차대차 - 측면충돌,안전운전불이행,건조,맑음,교차로 - 교차로부근,이륜,남,58세,경상,화물,남,49세,상해없음
2019112900100651,2019년 11월 29일 18시,금요일,대전광역시 중구 유천동,경상사고,0,0,2,0,차대차 - 기타,안전운전불이행,건조,맑음,단일로 - 기타,승용,남,52세,상해없음,승용,여,60세,경상
2019112900100652,2019년 11월 29일 18시,금요일,대전광역시 서구 괴정동,중상사고,0,1,0,0,차대사람 - 횡단중,안전운전불이행,건조,맑음,단일로 - 기타,이륜,남,60세,상해없음,보행자,여,76세,중상
2019112900100653,2019년 11월 29일 18시,금요일,대전광역시 대덕구 중리동,경상사고,0,0,1,0,차대차 - 기타,안전운전불이행,건조,맑음,교차로 - 교차로부근,승용,남,49세,상해없음,승합,남,48세,경상
2019112900100705,2019년 11월 29일 19시,금요일,대전광역시 중구 대흥동,경상사고,0,0,1,0,차대차 - 기타,교차로운행방법위반,건조,맑음,교차로 - 교차로안,승용,남,67세,상해없음,승용,남,67세,경상
2019112900100706,2019년 11월 29일 19시,금요일,대전광역시 중구 부사동,중상사고,0,1,0,0,차대차 - 측면충돌,신호위반,건조,맑음,교차로 - 교차로부근,승용,남,62세,상해없음,이륜,남,40세,중상
2019112900100707,2019년 11월 29일 19시,금요일,대전광역시 서구 가수원동,중상사고,0,1,0,0,차대사람 - 횡단중,안전운전불이행,건조,맑음,교차로 - 교차로안,승용,남,63세,상해없음,보행자,여,85세,중상
2019112900100708,2019년 11월 29일 19시,금요일,대전광역시 서구 도안동,중상사고,0,1,0,0,차대차 - 측면충돌,안전운전불이행,건조,맑음,교차로 - 교차로안,승용,남,23세,상해없음,이륜,남,51세,중상
2019112900100709,2019년 11월 29일 19시,금요일,대전광역시 대덕구 오정동,경상사고,0,0,1,0,차대차 - 기타,신호위반,건조,기타,교차로 - 교차로안,승용,남,67세,상해없음,화물,남,48세,경상
2019112900100710,2019년 11월 29일 19시,금요일,대전광역시 서구 갈마동,중상사고,0,1,1,0,차대차 - 기타,교차로운행방법위반,건조,맑음,교차로 - 교차로안,승용,남,67세,상해없음,승용,남,61세,상해없음
2019112900100803,2019년 11월 29일 22시,금요일,대전광역시 유성구 반석동,경상사고,0,0,1,0,차대차 - 추돌,교차로운행방법위반,건조,맑음,교차로 - 교차로안,승합,남,64세,상해없음,승용,남,48세,경상
2019112900100833,2019년 11월 29일 23시,금요일,대전광역시 서구 관저동,경상사고,0,0,1,0,차대차 - 측면충돌,안전운전불이행,건조,맑음,단일로 - 기타,승용,여,27세,상해없음,승용,남,52세,경상
2019112900100834,2019년 11월 29일 23시,금요일,대전광역시 유성구 봉명동,경상사고,0,0,1,0,차대차 - 측면충돌,안전운전불이행,건조,맑음,단일로 - 기타,승용,남,40세,상해없음,개인형이동수단(PM),남,36세,경상
2019113000100095,2019년 11월 30일 03시,토요일,대전광역시 동구 용전동,경상사고,0,0,2,0,차대차 - 측면충돌,교차로운행방법위반,건조,맑음,교차로 - 교차로안,승용,남,44세,경상,승용,남,33세,경상
2019113000100134,2019년 11월 30일 06시,토요일,대전광역시 동구 가양동,중상사고,0,1,0,0,차대사람 - 차도통행중,안전운전불이행,건조,맑음,교차로 - 교차로안,승용,남,22세,상해없음,보행자,여,63세,중상
2019113000100173,2019년 11월 30일 08시,토요일,대전광역시 동구 판암동,경상사고,0,0,1,0,차대차 - 측면충돌,안전거리미확보,건조,맑음,단일로 - 기타,승합,남,64세,상해없음,승용,여,26세,경상
2019113000100235,2019년 11월 30일 10시,토요일,대전광역시 서구 가장동,중상사고,0,3,1,0,차대차 - 정면충돌,중앙선침범,건조,맑음,교차로 - 교차로안,승용,남,68세,중상,승용,남,65세,경상
2019113000100274,2019년 11월 30일 11시,토요일,대전광역시 중구 문화동,경상사고,0,0,1,0,차대사람 - 횡단중,안전운전불이행,건조,맑음,단일로 - 기타,승용,남,60세,기타불명,보행자,여,16세,경상
2019113000100317,2019년 11월 30일 12시,토요일,대전광역시 중구 태평동,중상사고,0,1,0,0,차대차 - 기타,교차로운행방법위반,건조,맑음,교차로 - 교차로안,승용,남,62세,상해없음,승용,여,58세,중상
2019113000100318,2019년 11월 30일 12시,토요일,대전광역시 서구 월평동,경상사고,0,0,2,0,차대차 - 추돌,교차로운행방법위반,건조,맑음,교차로 - 교차로안,승합,남,42세,상해없음,승용,여,42세,경상
2019113000100354,2019년 11월 30일 13시,토요일,대전광역시 동구 가양동,경상사고,0,0,3,1,차대차 - 측면충돌,안전운전불이행,건조,맑음,단일로 - 기타,승용,남,28세,상해없음,승용,남,28세,경상
2019113000100392,2019년 11월 30일 14시,토요일,대전광역시 유성구 도룡동,경상사고,0,0,3,0,차대차 - 기타,교차로운행방법위반,건조,맑음,교차로 - 교차로안,승용,여,43세,상해없음,승용,남,59세,경상
2019113000100471,2019년 11월 30일 16시,토요일,대전광역시 서구 관저동,경상사고,0,0,1,0,차대차 - 기타,안전운전불이행,건조,맑음,교차로 - 교차로안,승용,여,51세,상해없음,승용,남,21세,경상
2019113000100472,2019년 11월 30일 16시,토요일,대전광역시 서구 월평동,경상사고,0,0,2,0,차대차 - 기타,교차로운행방법위반,건조,맑음,교차로 - 교차로안,승용,남,69세,상해없음,승용,여,25세,경상
2019113000100473,2019년 11월 30일 16시,토요일,대전광역시 유성구 장대동,중상사고,0,1,0,0,차대차 - 기타,신호위반,건조,맑음,교차로 - 교차로안,승용,남,30세,상해없음,이륜,남,29세,중상
2019113000100525,2019년 11월 30일 17시,토요일,대전광역시 서구 둔산동,경상사고,0,0,1,0,차대차 - 기타,안전운전불이행,건조,맑음,교차로 - 교차로안,승합,남,53세,상해없음,승용,남,23세,경상
2019113000100526,2019년 11월 30일 17시,토요일,대전광역시 유성구 세동,경상사고,0,0,1,0,차대차 - 추돌,안전운전불이행,건조,맑음,단일로 - 기타,화물,남,75세,상해없음,건설기계,남,56세,경상
2019113000100589,2019년 11월 30일 18시,토요일,대전광역시 중구 석교동,경상사고,0,0,2,0,차대차 - 추돌,안전거리미확보,건조,맑음,단일로 - 기타,승용,남,41세,상해없음,승용,남,23세,경상
2019113000100590,2019년 11월 30일 18시,토요일,대전광역시 대덕구 송촌동,경상사고,0,0,1,0,차대차 - 기타,안전운전불이행,건조,맑음,기타 - 기타,승용,남,52세,기타불명,승용,남,36세,경상
2019113000100627,2019년 11월 30일 19시,토요일,대전광역시 중구 유천동,경상사고,0,0,2,0,차대차 - 측면충돌,신호위반,건조,맑음,교차로 - 교차로안,승합,남,58세,기타불명,승용,남,61세,경상
2019113000100724,2019년 11월 30일 23시,토요일,대전광역시 서구 내동,경상사고,0,0,1,0,차대차 - 측면충돌,안전운전불이행,건조,맑음,교차로 - 교차로부근,승용,남,32세,상해없음,승용,남,64세,경상
2019120100100064,2019년 12월 1일 01시,일요일,대전광역시 서구 월평동,중상사고,0,1,0,0,차대사람 - 기타,안전운전불이행,건조,맑음,교차로 - 교차로횡단보도내,승용,남,53세,상해없음,보행자,남,57세,중상
2019120100100158,2019년 12월 1일 09시,일요일,대전광역시 서구 괴정동,경상사고,0,0,1,0,차대차 - 추돌,안전운전불이행,건조,맑음,교차로 - 교차로부근,승용,남,25세,상해없음,화물,남,37세,경상
2019120100100205,2019년 12월 1일 11시,일요일,대전광역시 중구 산성동,중상사고,0,1,0,0,차대사람 - 차도통행중,안전운전불이행,건조,맑음,교차로 - 교차로안,화물,남,45세,상해없음,보행자,여,77세,중상
2019120100100228,2019년 12월 1일 12시,일요일,대전광역시 중구 대흥동,중상사고,0,1,0,0,차대차 - 기타,안전운전불이행,젖음/습기,비,교차로 - 교차로안,승용,남,47세,상해없음,이륜,남,46세,중상
2019120100100296,2019년 12월 1일 14시,일요일,대전광역시 서구 둔산동,중상사고,0,1,3,0,차대차 - 기타,직진우회전진행방해,젖음/습기,비,교차로 - 교차로안,화물,남,58세,상해없음,승용,남,25세,경상
2019120100100332,2019년 12월 1일 15시,일요일,대전광역시 서구 둔산동,경상사고,0,0,1,0,차대사람 - 기타,안전운전불이행,젖음/습기,비,단일로 - 기타,승용,남,24세,상해없음,보행자,남,28세,경상
2019120100100364,2019년 12월 1일 16시,일요일,대전광역시 동구 대성동,경상사고,0,0,4,0,차대차 - 기타,안전운전불이행,건조,맑음,단일로 - 기타,승용,여,63세,경상,승용,남,32세,경상
2019120100100403,2019년 12월 1일 17시,일요일,대전광역시 중구 석교동,경상사고,0,0,2,0,차대차 - 추돌,안전운전불이행,젖음/습기,비,단일로 - 기타,승합,남,60세,상해없음,승용,남,49세,경상
2019120100100404,2019년 12월 1일 17시,일요일,대전광역시 유성구 지족동,경상사고,0,0,1,0,차대차 - 기타,안전운전불이행,젖음/습기,비,단일로 - 기타,승용,남,23세,상해없음,승합,남,37세,경상
2019120100100508,2019년 12월 1일 19시,일요일,대전광역시 중구 중촌동,중상사고,0,1,1,0,차대차 - 측면충돌,중앙선침범,젖음/습기,비,교차로 - 교차로안,이륜,남,50세,중상,승용,남,65세,경상
2019120100100509,2019년 12월 1일 19시,일요일,대전광역시 서구 갈마동,경상사고,0,0,1,0,차대사람 - 길가장자리구역통행중,안전운전불이행,젖음/습기,비,단일로 - 기타,승용,남,29세,상해없음,보행자,여,52세,경상
2019120100100535,2019년 12월 1일 20시,일요일,대전광역시 동구 판암동,사망사고,1,0,0,0,차대사람 - 횡단중,안전운전불이행,젖음/습기,비,단일로 - 기타,승용,남,33세,상해없음,보행자,남,72세,사망
2019120100100536,2019년 12월 1일 20시,일요일,대전광역시 동구 가오동,경상사고,0,0,1,0,차대차 - 추돌,안전운전불이행,젖음/습기,비,교차로 - 교차로부근,승용,남,31세,상해없음,이륜,남,21세,경상
2019120100100537,2019년 12월 1일 20시,일요일,대전광역시 유성구 송강동,경상사고,0,0,4,0,차대차 - 기타,신호위반,건조,맑음,교차로 - 교차로안,승용,남,26세,상해없음,승용,남,36세,경상
2019120100100604,2019년 12월 1일 23시,일요일,대전광역시 유성구 도룡동,경상사고,0,0,1,0,차대차 - 기타,안전거리미확보,젖음/습기,비,기타 - 기타,기타불명,기타불명,미분류,기타불명,승용,남,49세,상해없음
2019120100100605,2019년 12월 1일 23시,일요일,대전광역시 유성구 원신흥동,경상사고,0,0,1,0,차대차 - 정면충돌,교차로운행방법위반,건조,맑음,교차로 - 교차로안,승용,여,27세,상해없음,승용,남,29세,경상
2019120200100059,2019년 12월 2일 05시,월요일,대전광역시 유성구 궁동,경상사고,0,0,1,0,차대차 - 측면충돌,기타,건조,맑음,교차로 - 교차로부근,승용,남,19세,상해없음,승용,여,56세,경상
2019120200100093,2019년 12월 2일 07시,월요일,대전광역시 유성구 구암동,중상사고,0,1,0,0,차대사람 - 기타,안전운전불이행,젖음/습기,비,단일로 - 기타,승용,남,37세,상해없음,보행자,남,72세,중상
2019120200100131,2019년 12월 2일 08시,월요일,대전광역시 동구 천동,경상사고,0,0,3,0,차대차 - 측면충돌,신호위반,건조,맑음,교차로 - 교차로부근,화물,남,65세,상해없음,승용,남,26세,경상
2019120200100132,2019년 12월 2일 08시,월요일,대전광역시 대덕구 대화동,경상사고,0,0,2,0,차대차 - 측면충돌,안전운전불이행,건조,맑음,단일로 - 기타,승용,남,56세,상해없음,승용,여,29세,경상
2019120200100133,2019년 12월 2일 08시,월요일,대전광역시 유성구 봉산동,경상사고,0,0,1,0,차대차 - 기타,안전운전불이행,건조,맑음,교차로 - 교차로안,승용,여,39세,상해없음,승용,남,50세,경상
2019120200100168,2019년 12월 2일 09시,월요일,대전광역시 동구 가양동,경상사고,0,0,1,0,차대차 - 측면충돌,안전운전불이행,건조,맑음,단일로 - 기타,화물,남,45세,상해없음,승용,남,56세,경상
2019120200100169,2019년 12월 2일 09시,월요일,대전광역시 서구 탄방동,중상사고,0,1,0,0,차량단독 - 기타,기타,건조,맑음,단일로 - 기타,승합,남,35세,상해없음,,,,
2019120200100196,2019년 12월 2일 10시,월요일,대전광역시 중구 대사동,경상사고,0,0,1,0,차대차 - 측면충돌,안전거리미확보,건조,맑음,단일로 - 기타,화물,남,70세,상해없음,승용,여,35세,경상
2019120200100197,2019년 12월 2일 10시,월요일,대전광역시 동구 대동,경상사고,0,0,1,0,차대차 - 기타,신호위반,건조,맑음,교차로 - 교차로횡단보도내,화물,남,45세,상해없음,자전거,남,75세,경상
2019120200100198,2019년 12월 2일 10시,월요일,대전광역시 서구 내동,중상사고,0,1,2,0,차대차 - 측면충돌,교차로운행방법위반,건조,맑음,교차로 - 교차로안,승용,여,40세,상해없음,승용,남,32세,중상
2019120200100240,2019년 12월 2일 11시,월요일,대전광역시 대덕구 오정동,중상사고,0,1,0,0,차대차 - 측면충돌,안전운전불이행,건조,맑음,단일로 - 기타,승용,남,52세,상해없음,승용,남,63세,중상
2019120200100294,2019년 12월 2일 13시,월요일,대전광역시 유성구 봉명동,경상사고,0,0,1,0,차대차 - 후진중충돌,안전운전불이행,건조,맑음,단일로 - 기타,화물,남,53세,상해없음,승용,남,37세,경상
2019120200100351,2019년 12월 2일 15시,월요일,대전광역시 동구 용전동,경상사고,0,0,8,0,차대차 - 추돌,안전운전불이행,건조,맑음,단일로 - 기타,승용,남,49세,경상,승합,남,58세,경상
2019120200100352,2019년 12월 2일 15시,월요일,대전광역시 서구 내동,중상사고,0,1,0,0,차량단독 - 기타,안전운전불이행,건조,맑음,단일로 - 기타,승합,남,58세,상해없음,,,,
2019120200100401,2019년 12월 2일 16시,월요일,대전광역시 대덕구 오정동,경상사고,0,0,1,0,차대차 - 추돌,안전운전불이행,건조,맑음,단일로 - 기타,화물,남,52세,상해없음,승용,남,35세,경상
2019120200100402,2019년 12월 2일 16시,월요일,대전광역시 유성구 전민동,중상사고,0,1,0,0,차량단독 - 기타,기타,건조,맑음,단일로 - 기타,승합,남,50세,상해없음,,,,
2019120200100463,2019년 12월 2일 17시,월요일,대전광역시 유성구 지족동,중상사고,0,1,0,0,차대차 - 측면충돌,안전운전불이행,건조,맑음,교차로 - 교차로안,승용,남,57세,상해없음,이륜,남,23세,중상
2019120200100524,2019년 12월 2일 18시,월요일,대전광역시 중구 사정동,경상사고,0,0,1,0,차대차 - 기타,안전운전불이행,건조,맑음,단일로 - 기타,승용,남,62세,상해없음,자전거,여,41세,상해없음
2019120200100525,2019년 12월 2일 18시,월요일,대전광역시 중구 중촌동,경상사고,0,0,2,0,차대차 - 측면충돌,안전거리미확보,건조,맑음,단일로 - 기타,승용,여,47세,상해없음,승용,남,31세,경상
2019120200100526,2019년 12월 2일 18시,월요일,대전광역시 서구 갈마동,경상사고,0,0,1,0,차대사람 - 횡단중,보행자보호의무위반,건조,맑음,교차로 - 교차로횡단보도내,승용,남,57세,상해없음,보행자,남,15세,경상
2019120200100527,2019년 12월 2일 18시,월요일,대전광역시 유성구 장대동,경상사고,0,0,1,0,차대차 - 기타,교차로운행방법위반,건조,맑음,교차로 - 교차로안,기타불명,기타불명,미분류,기타불명,승용,남,30세,경상
2019120200100557,2019년 12월 2일 19시,월요일,대전광역시 유성구 노은동,경상사고,0,0,1,0,차대차 - 측면충돌,신호위반,건조,맑음,교차로 - 교차로안,승용,남,22세,상해없음,승용,남,46세,경상
2019120200100598,2019년 12월 2일 21시,월요일,대전광역시 서구 탄방동,경상사고,0,0,2,0,차대차 - 후진중충돌,안전운전불이행,건조,맑음,교차로 - 교차로부근,승용,남,57세,상해없음,승용,남,32세,상해없음
2019120300100051,2019년 12월 3일 03시,화요일,대전광역시 동구 신흥동,경상사고,0,0,1,0,차량단독 - 전도전복 - 전도,안전운전불이행,젖음/습기,맑음,교차로 - 교차로안,이륜,남,18세,경상,,,,
2019120300100107,2019년 12월 3일 07시,화요일,대전광역시 대덕구 신탄진동,경상사고,0,0,1,0,차대차 - 기타,안전거리미확보,건조,맑음,기타 - 기타,승합,남,40세,상해없음,승용,여,54세,경상
2019120300100153,2019년 12월 3일 08시,화요일,대전광역시 동구 소제동,중상사고,0,1,0,0,차대사람 - 기타,안전운전불이행,건조,맑음,교차로 - 교차로안,승용,남,27세,상해없음,보행자,여,77세,중상
2019120300100197,2019년 12월 3일 09시,화요일,대전광역시 중구 선화동,경상사고,0,0,2,0,차대차 - 후진중충돌,안전운전불이행,건조,맑음,교차로 - 교차로부근,화물,남,46세,상해없음,승용,남,62세,경상
2019120300100248,2019년 12월 3일 11시,화요일,대전광역시 유성구 문지동,경상사고,0,0,1,1,차대차 - 추돌,안전운전불이행,건조,맑음,교차로 - 교차로안,화물,남,52세,상해없음,승용,남,75세,부상신고
2019120300100287,2019년 12월 3일 12시,화요일,대전광역시 유성구 지족동,경상사고,0,0,1,0,차대차 - 측면충돌,신호위반,건조,맑음,단일로 - 기타,승용,남,50세,상해없음,승용,남,42세,경상
2019120300100363,2019년 12월 3일 14시,화요일,대전광역시 유성구 원내동,경상사고,0,0,1,0,차대차 - 측면충돌,안전거리미확보,건조,맑음,단일로 - 기타,승용,여,61세,상해없음,화물,남,33세,경상
2019120300100430,2019년 12월 3일 16시,화요일,대전광역시 동구 추동,중상사고,0,1,0,0,차대차 - 정면충돌,중앙선침범,젖음/습기,맑음,단일로 - 기타,승용,여,51세,상해없음,승용,남,19세,중상
2019120300100431,2019년 12월 3일 16시,화요일,대전광역시 서구 갈마동,중상사고,0,1,0,0,차대차 - 측면충돌,신호위반,건조,맑음,교차로 - 교차로안,승용,남,61세,상해없음,자전거,남,48세,중상
2019120300100471,2019년 12월 3일 17시,화요일,대전광역시 대덕구 중리동,중상사고,0,1,0,0,차대차 - 기타,중앙선침범,건조,맑음,기타 - 기타,개인형이동수단(PM),여,54세,상해없음,이륜,남,27세,중상
2019120300100472,2019년 12월 3일 17시,화요일,대전광역시 서구 둔산동,중상사고,0,1,0,0,차대차 - 정면충돌,신호위반,건조,맑음,교차로 - 교차로안,이륜,남,45세,중상,승용,여,40세,상해없음
2019120300100473,2019년 12월 3일 17시,화요일,대전광역시 서구 월평동,중상사고,0,1,0,0,차대차 - 정면충돌,신호위반,건조,맑음,교차로 - 교차로안,승용,여,51세,상해없음,승용,남,70세,중상
2019120300100529,2019년 12월 3일 18시,화요일,대전광역시 대덕구 송촌동,경상사고,0,0,1,0,차대사람 - 횡단중,보행자보호의무위반,건조,맑음,교차로 - 교차로횡단보도내,승용,남,44세,상해없음,보행자,여,49세,경상
2019120300100530,2019년 12월 3일 18시,화요일,대전광역시 서구 갈마동,경상사고,0,0,1,0,차대사람 - 횡단중,안전운전불이행,건조,맑음,교차로 - 교차로횡단보도내,승합,남,53세,상해없음,보행자,여,71세,경상
2019120300100531,2019년 12월 3일 18시,화요일,대전광역시 유성구 용계동,경상사고,0,0,3,0,차대차 - 추돌,안전운전불이행,건조,맑음,교차로 - 교차로부근,승용,여,51세,상해없음,승용,여,56세,경상
2019120300100532,2019년 12월 3일 18시,화요일,대전광역시 유성구 도룡동,경상사고,0,0,5,0,차대차 - 추돌,안전거리미확보,건조,맑음,단일로 - 기타,승용,남,32세,경상,승용,여,40세,경상
2019120300100561,2019년 12월 3일 19시,화요일,대전광역시 동구 홍도동,경상사고,0,0,1,0,차대사람 - 차도통행중,안전운전불이행,건조,맑음,단일로 - 기타,승용,여,22세,상해없음,보행자,남,31세,경상
2019120300100562,2019년 12월 3일 19시,화요일,대전광역시 서구 관저동,경상사고,0,0,1,0,차대차 - 기타,안전운전불이행,건조,맑음,교차로 - 교차로부근,승용,남,34세,상해없음,승용,여,50세,경상
2019120300100563,2019년 12월 3일 19시,화요일,대전광역시 유성구 노은동,경상사고,0,0,1,0,차대차 - 측면충돌,안전운전불이행,건조,맑음,교차로 - 교차로부근,승용,남,24세,상해없음,승용,남,32세,경상
2019120300100589,2019년 12월 3일 20시,화요일,대전광역시 서구 내동,경상사고,0,0,1,0,차대사람 - 기타,보행자보호의무위반,건조,맑음,교차로 - 교차로부근,승용,남,43세,상해없음,보행자,남,63세,경상
2019120300100624,2019년 12월 3일 21시,화요일,대전광역시 유성구 봉명동,중상사고,0,1,5,0,차대차 - 측면충돌,안전거리미확보,건조,맑음,단일로 - 기타,승용,남,62세,상해없음,승합,남,54세,경상
2019120300100652,2019년 12월 3일 22시,화요일,대전광역시 유성구 봉명동,경상사고,0,0,3,0,차대차 - 측면충돌,신호위반,건조,맑음,교차로 - 교차로안,승용,남,44세,상해없음,승용,남,32세,경상
2019120300100673,2019년 12월 3일 23시,화요일,대전광역시 유성구 장대동,경상사고,0,0,1,0,차대차 - 측면충돌,안전운전불이행,건조,맑음,교차로 - 교차로부근,승용,여,28세,상해없음,자전거,남,23세,경상
2019120400100049,2019년 12월 4일 00시,수요일,대전광역시 서구 복수동,중상사고,0,1,5,0,차대차 - 측면충돌,신호위반,건조,맑음,교차로 - 교차로안,승용,남,21세,상해없음,승용,남,26세,경상
2019120400100179,2019년 12월 4일 07시,수요일,대전광역시 중구 오류동,경상사고,0,0,4,0,차대차 - 측면충돌,신호위반,건조,맑음,단일로 - 기타,승용,여,52세,경상,승용,남,21세,경상
2019120400100229,2019년 12월 4일 08시,수요일,대전광역시 동구 홍도동,경상사고,0,0,1,0,차대차 - 측면충돌,교차로운행방법위반,건조,맑음,교차로 - 교차로횡단보도내,승용,여,29세,경상,승합,남,23세,상해없음
2019120400100271,2019년 12월 4일 09시,수요일,대전광역시 중구 대흥동,경상사고,0,0,2,1,차대차 - 기타,안전거리미확보,건조,맑음,단일로 - 기타,승용,남,62세,기타불명,승합,남,53세,상해없음
2019120400100416,2019년 12월 4일 13시,수요일,대전광역시 중구 유천동,중상사고,0,1,0,0,차대차 - 측면충돌,중앙선침범,건조,맑음,단일로 - 기타,승용,여,60세,기타불명,이륜,여,58세,중상