사고번호,사고일시,요일,시군구,사고내용,사망자수,중상자수,경상자수,부상신고자수,사고유형,법규위반,노면상태,기상상태,도로형태,가해운전자 차종,가해운전자 성별,가해운전자 연령,가해운전자 상해정도,피해운전자 차종,피해운전자 성별,피해운전자 연령,피해운전자 상해정도
2019120900100198,2019년 12월 9일 09시,월요일,대전광역시 서구 도마동,중상사고,0,1,0,0,차대사람 - 횡단중,보행자보호의무위반,건조,맑음,교차로 - 교차로안,승합,남,76세,상해없음,보행자,여,64세,중상
2019120900100199,2019년 12월 9일 09시,월요일,대전광역시 유성구 장대동,경상사고,0,0,3,0,차대차 - 기타,안전거리미확보,건조,맑음,단일로 - 기타,승용,여,27세,상해없음,승용,여,48세,경상
2019120900100226,2019년 12월 9일 10시,월요일,대전광역시 서구 월평동,경상사고,0,0,1,0,차대차 - 추돌,안전운전불이행,건조,맑음,단일로 - 기타,승용,남,64세,상해없음,화물,남,42세,경상
2019120900100268,2019년 12월 9일 11시,월요일,대전광역시 동구 가오동,경상사고,0,0,2,0,차대차 - 측면충돌,교차로운행방법위반,건조,맑음,교차로 - 교차로안,승용,남,23세,경상,승용,남,39세,경상
2019120900100294,2019년 12월 9일 12시,월요일,대전광역시 유성구 지족동,경상사고,0,0,1,0,차대사람 - 기타,안전운전불이행,건조,맑음,단일로 - 기타,승용,여,60세,상해없음,보행자,남,32세,경상
2019120900100325,2019년 12월 9일 13시,월요일,대전광역시 대덕구 신탄진동,경상사고,0,0,2,0,차대차 - 기타,안전운전불이행,건조,맑음,단일로 - 기타,화물,남,27세,상해없음,승용,남,71세,경상
2019120900100365,2019년 12월 9일 14시,월요일,대전광역시 대덕구 중리동,경상사고,0,0,1,0,차대사람 - 횡단중,보행자보호의무위반,기타,맑음,교차로 - 교차로횡단보도내,승용,남,55세,상해없음,보행자,남,59세,경상
2019120900100366,2019년 12월 9일 14시,월요일,대전광역시 유성구 구암동,경상사고,0,0,1,0,차대차 - 기타,안전운전불이행,건조,맑음,교차로 - 교차로부근,화물,남,37세,상해없음,승용,여,38세,경상
2019120900100402,2019년 12월 9일 15시,월요일,대전광역시 서구 탄방동,경상사고,0,0,1,0,차대차 - 측면충돌,안전거리미확보,건조,맑음,교차로 - 교차로횡단보도내,승용,남,37세,상해없음,승용,남,41세,경상
2019120900100433,2019년 12월 9일 16시,월요일,대전광역시 서구 만년동,경상사고,0,0,1,0,차대차 - 추돌,안전운전불이행,건조,맑음,교차로 - 교차로부근,화물,남,64세,상해없음,이륜,남,71세,경상
2019120900100484,2019년 12월 9일 17시,월요일,대전광역시 동구 가양동,경상사고,0,0,1,0,차대차 - 기타,안전운전불이행,건조,맑음,교차로 - 교차로부근,원동기,남,25세,경상,화물,남,58세,상해없음
2019120900100485,2019년 12월 9일 17시,월요일,대전광역시 대덕구 중리동,경상사고,0,0,1,0,차대차 - 추돌,안전거리미확보,건조,맑음,미분류 - 미분류,승용,남,27세,상해없음,승용,남,42세,경상
2019120900100529,2019년 12월 9일 18시,월요일,대전광역시 서구 만년동,경상사고,0,0,1,0,차대차 - 기타,안전운전불이행,건조,맑음,교차로 - 교차로안,승용,남,47세,상해없음,승용,남,56세,경상
2019120900100530,2019년 12월 9일 18시,월요일,대전광역시 서구 갈마동,경상사고,0,0,2,0,차대차 - 기타,안전운전불이행,건조,맑음,단일로 - 기타,승용,남,30세,상해없음,승용,남,17세,상해없음
2019120900100590,2019년 12월 9일 20시,월요일,대전광역시 동구 낭월동,사망사고,1,0,0,0,차대사람 - 기타,안전운전불이행,건조,맑음,교차로 - 교차로횡단보도내,승용,남,47세,상해없음,보행자,남,75세,사망
2019120900100591,2019년 12월 9일 20시,월요일,대전광역시 서구 둔산동,중상사고,0,1,0,0,차대사람 - 보도통행중,보행자보호의무위반,건조,맑음,교차로 - 교차로안,승용,남,34세,상해없음,보행자,남,47세,중상
2019120900100624,2019년 12월 9일 21시,월요일,대전광역시 유성구 궁동,경상사고,0,0,1,0,차량단독 - 기타,안전운전불이행,건조,맑음,교차로 - 교차로안,승합,남,58세,상해없음,,,,
2019121000100049,2019년 12월 10일 01시,화요일,대전광역시 대덕구 문평동,경상사고,0,0,2,0,차대차 - 기타,신호위반,건조,맑음,교차로 - 교차로안,이륜,남,29세,상해없음,승용,여,27세,경상
2019121000100083,2019년 12월 10일 05시,화요일,대전광역시 서구 둔산동,경상사고,0,0,1,0,차대차 - 기타,신호위반,건조,맑음,교차로 - 교차로안,승용,남,63세,상해없음,승용,남,54세,경상
2019121000100110,2019년 12월 10일 06시,화요일,대전광역시 중구 오류동,경상사고,0,0,1,0,차대차 - 측면충돌,안전운전불이행,건조,맑음,교차로 - 교차로안,자전거,남,73세,경상,승용,남,64세,상해없음
2019121000100138,2019년 12월 10일 07시,화요일,대전광역시 중구 오류동,중상사고,0,1,0,0,차대차 - 측면충돌,신호위반,건조,맑음,교차로 - 교차로안,승용,남,73세,상해없음,승용,여,31세,중상
2019121000100139,2019년 12월 10일 07시,화요일,대전광역시 서구 내동,경상사고,0,0,1,0,차대차 - 측면충돌,신호위반,건조,맑음,교차로 - 교차로안,승용,여,44세,상해없음,이륜,남,66세,경상
2019121000100140,2019년 12월 10일 07시,화요일,대전광역시 대덕구 대화동,중상사고,0,1,0,0,차대차 - 기타,직진우회전진행방해,건조,기타,교차로 - 교차로안,화물,남,59세,상해없음,자전거,남,71세,중상
2019121000100141,2019년 12월 10일 07시,화요일,대전광역시 서구 갈마동,경상사고,0,0,1,0,차대차 - 측면충돌,중앙선침범,건조,맑음,단일로 - 기타,승용,남,25세,상해없음,승용,남,22세,경상
2019121000100142,2019년 12월 10일 07시,화요일,대전광역시 유성구 반석동,경상사고,0,0,1,0,차대차 - 기타,안전운전불이행,건조,맑음,교차로 - 교차로부근,화물,남,64세,상해없음,특수,남,50세,경상
2019121000100183,2019년 12월 10일 08시,화요일,대전광역시 동구 용전동,경상사고,0,0,1,0,차대차 - 측면충돌,교차로운행방법위반,건조,맑음,교차로 - 교차로안,화물,남,57세,상해없음,승용,여,45세,경상
2019121000100244,2019년 12월 10일 10시,화요일,대전광역시 중구 태평동,경상사고,0,0,4,0,차대차 - 측면충돌,신호위반,건조,맑음,교차로 - 교차로부근,승용,남,72세,상해없음,승합,남,59세,경상
2019121000100277,2019년 12월 10일 11시,화요일,대전광역시 유성구 봉명동,경상사고,0,0,1,0,차대차 - 기타,안전운전불이행,건조,맑음,교차로 - 교차로안,승용,남,23세,상해없음,승용,남,21세,경상
2019121000100324,2019년 12월 10일 13시,화요일,대전광역시 동구 가양동,중상사고,0,1,0,0,차대차 - 측면충돌,중앙선침범,건조,맑음,단일로 - 기타,승용,남,63세,상해없음,이륜,남,20세,중상
2019121000100325,2019년 12월 10일 13시,화요일,대전광역시 대덕구 송촌동,경상사고,0,0,3,0,차대차 - 기타,안전운전불이행,건조,맑음,기타 - 기타,승합,남,61세,기타불명,승용,남,37세,경상
2019121000100348,2019년 12월 10일 14시,화요일,대전광역시 동구 비룡동,사망사고,1,0,1,0,차대차 - 측면충돌,안전운전불이행,건조,맑음,단일로 - 기타,승용,남,37세,상해없음,승용,여,59세,경상
2019121000100364,2019년 12월 10일 14시,화요일,대전광역시 서구 용문동,경상사고,0,0,1,0,차대차 - 후진중충돌,안전운전불이행,건조,맑음,교차로 - 교차로안,승용,남,27세,상해없음,화물,남,61세,경상
2019121000100393,2019년 12월 10일 15시,화요일,대전광역시 서구 월평동,경상사고,0,0,1,0,차대차 - 추돌,안전운전불이행,건조,맑음,단일로 - 기타,화물,남,61세,상해없음,승용,여,38세,경상
2019121000100394,2019년 12월 10일 15시,화요일,대전광역시 유성구 도룡동,경상사고,0,0,1,0,차대사람 - 횡단중,보행자보호의무위반,건조,맑음,단일로 - 기타,승용,남,63세,상해없음,보행자,여,32세,경상
2019121000100483,2019년 12월 10일 17시,화요일,대전광역시 중구 사정동,중상사고,0,1,0,0,차대사람 - 보도통행중,기타,건조,맑음,교차로 - 교차로부근,승용,남,54세,상해없음,보행자,여,73세,중상
2019121000100484,2019년 12월 10일 17시,화요일,대전광역시 서구 가수원동,경상사고,0,0,1,0,차대차 - 기타,안전운전불이행,건조,맑음,단일로 - 기타,이륜,남,32세,경상,승용,여,65세,상해없음
2019121000100485,2019년 12월 10일 17시,화요일,대전광역시 서구 정림동,경상사고,0,0,1,0,차대차 - 기타,안전운전불이행,건조,맑음,단일로 - 기타,승용,남,61세,상해없음,이륜,남,41세,경상
2019121000100548,2019년 12월 10일 18시,화요일,대전광역시 동구 용운동,경상사고,0,0,1,0,차대차 - 측면충돌,신호위반,건조,맑음,교차로 - 교차로안,승용,남,58세,상해없음,승용,여,53세,경상
2019121000100549,2019년 12월 10일 18시,화요일,대전광역시 대덕구 중리동,경상사고,0,0,1,0,차대차 - 기타,신호위반,건조,맑음,교차로 - 교차로안,승용,남,29세,상해없음,이륜,남,26세,경상
2019121000100550,2019년 12월 10일 18시,화요일,대전광역시 동구 용전동,경상사고,0,0,1,0,차대사람 - 기타,안전운전불이행,건조,맑음,교차로 - 교차로안,이륜,남,26세,상해없음,보행자,남,29세,경상
2019121000100637,2019년 12월 10일 20시,화요일,대전광역시 동구 성남동,경상사고,0,0,2,0,차대차 - 측면충돌,교차로운행방법위반,건조,맑음,교차로 - 교차로안,이륜,남,34세,경상,승용,남,68세,경상
2019121100100042,2019년 12월 11일 00시,수요일,대전광역시 서구 둔산동,경상사고,0,0,1,0,차대사람 - 기타,안전운전불이행,건조,맑음,단일로 - 기타,승용,남,45세,상해없음,보행자,남,21세,경상
2019121100100099,2019년 12월 11일 06시,수요일,대전광역시 중구 유천동,경상사고,0,0,1,0,차대사람 - 기타,교차로운행방법위반,건조,맑음,교차로 - 교차로부근,화물,남,61세,상해없음,보행자,여,75세,경상
2019121100100130,2019년 12월 11일 07시,수요일,대전광역시 동구 대동,경상사고,0,0,1,0,차대차 - 기타,안전운전불이행,건조,맑음,교차로 - 교차로안,승용,남,46세,상해없음,자전거,남,46세,경상
2019121100100131,2019년 12월 11일 07시,수요일,대전광역시 유성구 문지동,중상사고,0,1,0,0,차대차 - 기타,안전운전불이행,건조,맑음,교차로 - 교차로안,승용,여,41세,상해없음,승용,남,51세,중상
2019121100100160,2019년 12월 11일 08시,수요일,대전광역시 서구 복수동,경상사고,0,0,1,0,차대차 - 측면충돌,안전운전불이행,건조,맑음,주차장 - 주차장,승용,남,37세,상해없음,자전거,여,58세,경상
2019121100100161,2019년 12월 11일 08시,수요일,대전광역시 유성구 탑립동,경상사고,0,0,1,0,차대차 - 추돌,안전거리미확보,건조,맑음,교차로 - 교차로부근,승용,남,67세,상해없음,승용,남,63세,경상
2019121100100190,2019년 12월 11일 09시,수요일,대전광역시 중구 문화동,경상사고,0,0,1,0,차대차 - 측면충돌,안전운전불이행,건조,맑음,단일로 - 기타,승용,남,55세,상해없음,승용,남,40세,경상
2019121100100191,2019년 12월 11일 09시,수요일,대전광역시 동구 삼성동,경상사고,0,0,1,0,차대차 - 측면충돌,안전운전불이행,건조,맑음,교차로 - 교차로안,승용,남,22세,상해없음,승용,남,43세,경상
2019121100100192,2019년 12월 11일 09시,수요일,대전광역시 서구 괴정동,경상사고,0,0,1,0,차대차 - 측면충돌,안전운전불이행,건조,맑음,교차로 - 교차로안,승용,여,43세,상해없음,승용,남,60세,경상
2019121100100252,2019년 12월 11일 11시,수요일,대전광역시 대덕구 신대동,경상사고,0,0,1,0,차대차 - 측면충돌,차로위반,건조,맑음,단일로 - 기타,화물,남,57세,기타불명,화물,남,56세,상해없음
2019121100100253,2019년 12월 11일 11시,수요일,대전광역시 서구 탄방동,경상사고,0,0,2,0,차대차 - 기타,안전운전불이행,건조,맑음,단일로 - 기타,승용,남,77세,상해없음,승용,남,24세,경상
2019121100100283,2019년 12월 11일 12시,수요일,대전광역시 중구 문화동,중상사고,0,1,0,0,차대차 - 측면충돌,신호위반,건조,맑음,교차로 - 교차로안,승용,남,79세,기타불명,이륜,남,47세,중상
2019121100100307,2019년 12월 11일 13시,수요일,대전광역시 유성구 봉명동,경상사고,0,0,1,0,차대차 - 측면충돌,안전거리미확보,건조,맑음,단일로 - 기타,승용,여,65세,상해없음,승용,남,58세,경상
2019121100100334,2019년 12월 11일 14시,수요일,대전광역시 서구 갈마동,경상사고,0,0,1,0,차대차 - 기타,안전운전불이행,건조,맑음,단일로 - 기타,화물,남,37세,상해없음,이륜,남,37세,경상
2019121100100369,2019년 12월 11일 15시,수요일,대전광역시 동구 용전동,경상사고,0,0,1,0,차대차 - 기타,기타,건조,맑음,교차로 - 교차로부근,화물,남,54세,상해없음,이륜,남,38세,경상
2019121100100370,2019년 12월 11일 15시,수요일,대전광역시 유성구 봉명동,경상사고,0,0,1,0,차대차 - 기타,안전거리미확보,건조,맑음,단일로 - 기타,승용,여,36세,상해없음,이륜,남,49세,경상
2019121100100458,2019년 12월 11일 17시,수요일,대전광역시 동구 자양동,경상사고,0,0,1,0,차대차 - 측면충돌,안전운전불이행,건조,맑음,교차로 - 교차로안,승용,남,62세,상해없음,승용,남,59세,경상
2019121100100518,2019년 12월 11일 18시,수요일,대전광역시 서구 갈마동,중상사고,0,1,0,0,차대사람 - 횡단중,안전운전불이행,건조,맑음,교차로 - 교차로안,승합,남,82세,상해없음,보행자,여,51세,중상
2019121100100558,2019년 12월 11일 19시,수요일,대전광역시 서구 괴정동,경상사고,0,0,1,0,차대차 - 측면충돌,안전거리미확보,건조,맑음,교차로 - 교차로부근,승용,여,29세,기타불명,승용,남,27세,경상
2019121100100581,2019년 12월 11일 20시,수요일,대전광역시 서구 둔산동,경상사고,0,0,1,0,차대차 - 기타,교차로운행방법위반,건조,맑음,교차로 - 교차로안,승용,남,67세,상해없음,이륜,남,27세,경상
2019121100100598,2019년 12월 11일 21시,수요일,대전광역시 유성구 궁동,경상사고,0,0,1,0,차대차 - 추돌,안전운전불이행,건조,맑음,단일로 - 기타,승용,남,51세,상해없음,이륜,남,58세,경상
2019121100100627,2019년 12월 11일 22시,수요일,대전광역시 서구 괴정동,경상사고,0,0,1,0,차대차 - 측면충돌,안전운전불이행,건조,맑음,단일로 - 기타,이륜,남,65세,상해없음,승용,남,33세,경상
2019121200100138,2019년 12월 12일 07시,목요일,대전광역시 유성구 원신흥동,경상사고,0,0,1,0,차대차 - 측면충돌,신호위반,건조,맑음,교차로 - 교차로부근,승용,여,53세,상해없음,승용,여,46세,경상
2019121200100187,2019년 12월 12일 08시,목요일,대전광역시 동구 삼성동,경상사고,0,0,2,0,차대차 - 기타,안전거리미확보,건조,맑음,교차로 - 교차로부근,승용,남,64세,상해없음,승용,남,61세,경상
2019121200100250,2019년 12월 12일 10시,목요일,대전광역시 동구 가오동,경상사고,0,0,1,0,차대차 - 기타,안전운전불이행,건조,맑음,교차로 - 교차로안,승용,여,37세,상해없음,승용,여,51세,경상
2019121200100251,2019년 12월 12일 10시,목요일,대전광역시 동구 대동,경상사고,0,0,1,0,차대차 - 측면충돌,안전거리미확보,건조,맑음,단일로 - 기타,화물,남,61세,상해없음,승용,남,33세,경상
2019121200100252,2019년 12월 12일 10시,목요일,대전광역시 대덕구 법동,중상사고,0,1,0,0,차대차 - 정면충돌,신호위반,건조,맑음,교차로 - 교차로안,승용,여,46세,상해없음,승용,남,66세,중상
2019121200100287,2019년 12월 12일 11시,목요일,대전광역시 서구 괴정동,부상신고사고,0,0,0,1,차대사람 - 기타,안전운전불이행,건조,맑음,교차로 - 교차로부근,승용,여,65세,상해없음,보행자,남,56세,부상신고
2019121200100288,2019년 12월 12일 11시,목요일,대전광역시 대덕구 중리동,경상사고,0,0,1,0,차대차 - 측면충돌,교차로운행방법위반,건조,맑음,교차로 - 교차로안,승용,여,52세,상해없음,이륜,남,41세,경상
2019121200100312,2019년 12월 12일 12시,목요일,대전광역시 유성구 죽동,중상사고,0,1,0,0,차대차 - 기타,안전운전불이행,건조,맑음,교차로 - 교차로부근,승용,여,23세,상해없음,자전거,남,27세,중상
2019121200100408,2019년 12월 12일 15시,목요일,대전광역시 동구 원동,경상사고,0,0,2,0,차대차 - 추돌,안전거리미확보,건조,맑음,단일로 - 기타,승용,남,55세,상해없음,승용,남,57세,경상
2019121200100448,2019년 12월 12일 16시,목요일,대전광역시 대덕구 대화동,경상사고,0,0,2,0,차대차 - 측면충돌,신호위반,건조,맑음,단일로 - 기타,승합,남,61세,상해없음,승용,남,60세,경상
2019121200100575,2019년 12월 12일 18시,목요일,대전광역시 중구 문화동,중상사고,0,1,0,0,차량단독 - 기타,기타,건조,맑음,단일로 - 기타,승합,남,56세,상해없음,,,,
2019121200100576,2019년 12월 12일 18시,목요일,대전광역시 서구 변동,경상사고,0,0,1,1,차대차 - 기타,신호위반,건조,맑음,교차로 - 교차로안,승용,남,70세,상해없음,승용,남,48세,부상신고
2019121200100615,2019년 12월 12일 19시,목요일,대전광역시 서구 용문동,경상사고,0,0,1,0,차대차 - 측면충돌,신호위반,건조,맑음,교차로 - 교차로안,기타불명,기타불명,미분류,기타불명,승용,남,28세,경상
2019121200100668,2019년 12월 12일 21시,목요일,대전광역시 유성구 장대동,중상사고,0,1,1,0,차대차 - 기타,중앙선침범,건조,맑음,단일로 - 기타,승용,남,29세,중상,승용,남,30세,경상
2019121300100041,2019년 12월 13일 00시,금요일,대전광역시 서구 둔산동,경상사고,0,0,3,0,차대차 - 기타,안전운전불이행,건조,맑음,단일로 - 기타,승용,남,55세,상해없음,승용,남,40세,경상
2019121300100210,2019년 12월 13일 09시,금요일,대전광역시 서구 둔산동,경상사고,0,0,1,0,차대차 - 추돌,안전운전불이행,건조,맑음,단일로 - 기타,승용,남,41세,상해없음,승용,남,38세,경상
2019121300100211,2019년 12월 13일 09시,금요일,대전광역시 서구 갈마동,경상사고,0,0,2,0,차대차 - 기타,직진우회전진행방해,건조,맑음,교차로 - 교차로안,승용,남,86세,경상,승용,남,62세,경상
2019121300100258,2019년 12월 13일 11시,금요일,대전광역시 중구 대흥동,경상사고,0,0,4,0,차대차 - 추돌,안전운전불이행,건조,맑음,단일로 - 기타,승용,남,27세,상해없음,승합,남,25세,경상
2019121300100288,2019년 12월 13일 12시,금요일,대전광역시 서구 정림동,경상사고,0,0,1,0,차대차 - 기타,안전운전불이행,건조,맑음,교차로 - 교차로부근,승용,남,63세,상해없음,승용,여,41세,경상
2019121300100353,2019년 12월 13일 14시,금요일,대전광역시 서구 갈마동,경상사고,0,0,1,0,차대차 - 기타,안전거리미확보,건조,맑음,단일로 - 기타,승용,여,54세,상해없음,화물,남,45세,경상
2019121300100397,2019년 12월 13일 15시,금요일,대전광역시 유성구 장대동,경상사고,0,0,1,0,차대차 - 측면충돌,안전운전불이행,건조,맑음,단일로 - 기타,승용,남,58세,상해없음,승용,남,28세,경상
2019121300100451,2019년 12월 13일 16시,금요일,대전광역시 유성구 학하동,중상사고,0,1,0,0,차대차 - 기타,신호위반,건조,맑음,교차로 - 교차로안,화물,여,59세,상해없음,승용,여,45세,중상
2019121300100452,2019년 12월 13일 16시,금요일,대전광역시 유성구 용계동,경상사고,0,0,1,0,차대차 - 측면충돌,신호위반,건조,맑음,교차로 - 교차로안,화물,여,67세,상해없음,승용,남,60세,경상
2019121300100515,2019년 12월 13일 17시,금요일,대전광역시 서구 월평동,경상사고,0,0,2,0,차대차 - 기타,안전운전불이행,건조,맑음,교차로 - 교차로안,승용,남,65세,경상,승용,여,41세,경상
2019121300100516,2019년 12월 13일 17시,금요일,대전광역시 서구 갈마동,중상사고,0,1,2,0,차대차 - 기타,안전운전불이행,건조,맑음,교차로 - 교차로안,이륜,남,28세,중상,화물,남,39세,경상
2019121300100517,2019년 12월 13일 17시,금요일,대전광역시 유성구 도룡동,경상사고,0,0,1,0,차대차 - 추돌,안전운전불이행,건조,맑음,단일로 - 기타,승용,남,25세,상해없음,승용,여,52세,경상
2019121300100558,2019년 12월 13일 18시,금요일,대전광역시 유성구 화암동,경상사고,0,0,2,0,차대차 - 추돌,안전운전불이행,건조,맑음,기타 - 기타,승용,남,49세,상해없음,승용,남,37세,상해없음
2019121300100582,2019년 12월 13일 18시,금요일,대전광역시 중구 산성동,중상사고,0,1,0,0,차대차 - 기타,안전운전불이행,건조,맑음,단일로 - 기타,승용,남,41세,상해없음,이륜,남,26세,중상
2019121300100583,2019년 12월 13일 18시,금요일,대전광역시 동구 가양동,중상사고,0,1,0,0,차대차 - 기타,교차로운행방법위반,건조,맑음,교차로 - 교차로안,승용,남,57세,상해없음,이륜,남,52세,중상
2019121300100584,2019년 12월 13일 18시,금요일,대전광역시 서구 괴정동,경상사고,0,0,1,0,차대차 - 기타,교차로운행방법위반,건조,맑음,교차로 - 교차로안,승용,여,46세,상해없음,이륜,남,25세,경상
2019121300100585,2019년 12월 13일 18시,금요일,대전광역시 서구 둔산동,경상사고,0,0,1,0,차대차 - 기타,안전운전불이행,건조,맑음,교차로 - 교차로안,승용,여,40세,상해없음,승용,남,66세,경상
2019121300100586,2019년 12월 13일 18시,금요일,대전광역시 서구 월평동,중상사고,0,1,0,0,차대차 - 기타,신호위반,건조,맑음,교차로 - 교차로안,승용,남,78세,상해없음,이륜,남,50세,중상
2019121300100587,2019년 12월 13일 18시,금요일,대전광역시 서구 둔산동,중상사고,0,1,0,0,차대차 - 측면충돌,신호위반,건조,맑음,교차로 - 교차로부근,이륜,남,21세,중상,승용,여,52세,상해없음
2019121300100588,2019년 12월 13일 18시,금요일,대전광역시 유성구 장대동,부상신고사고,0,0,0,1,차대차 - 기타,안전운전불이행,건조,맑음,단일로 - 기타,기타불명,기타불명,미분류,기타불명,승용,기타불명,미분류,기타불명
2019121300100643,2019년 12월 13일 19시,금요일,대전광역시 서구 관저동,부상신고사고,0,0,0,1,차대차 - 기타,안전운전불이행,건조,맑음,교차로 - 교차로안,이륜,남,38세,부상신고,승합,남,42세,상해없음
2019121300100644,2019년 12월 13일 19시,금요일,대전광역시 대덕구 상서동,중상사고,0,1,0,0,차대사람 - 횡단중,안전운전불이행,건조,맑음,단일로 - 기타,승용,남,34세,상해없음,보행자,여,66세,중상
2019121300100645,2019년 12월 13일 19시,금요일,대전광역시 유성구 방동,경상사고,0,0,1,0,차대차 - 기타,안전운전불이행,건조,맑음,단일로 - 기타,승용,여,31세,상해없음,승용,남,42세,경상
2019121300100718,2019년 12월 13일 21시,금요일,대전광역시 유성구 반석동,경상사고,0,0,1,0,차대차 - 기타,안전운전불이행,건조,맑음,교차로 - 교차로부근,승용,남,50세,상해없음,승용,남,34세,경상
2019121300100755,2019년 12월 13일 22시,금요일,대전광역시 서구 괴정동,경상사고,0,0,1,0,차대사람 - 기타,안전운전불이행,건조,맑음,단일로 - 기타,승용,남,41세,상해없음,보행자,남,52세,경상
2019121300100756,2019년 12월 13일 22시,금요일,대전광역시 서구 내동,중상사고,0,1,0,0,차대차 - 기타,안전운전불이행,건조,맑음,단일로 - 기타,이륜,남,70세,중상,화물,남,35세,기타불명
2019121300100807,2019년 12월 13일 23시,금요일,대전광역시 동구 신안동,경상사고,0,0,1,0,차대차 - 기타,안전운전불이행,건조,맑음,교차로 - 교차로안,승용,남,64세,상해없음,이륜,남,28세,경상
2019121300100808,2019년 12월 13일 23시,금요일,대전광역시 동구 대동,경상사고,0,0,1,0,차대차 - 기타,안전운전불이행,건조,맑음,교차로 - 교차로부근,이륜,남,24세,경상,승용,남,45세,상해없음
2019121300100809,2019년 12월 13일 23시,금요일,대전광역시 서구 괴정동,경상사고,0,0,1,0,차대차 - 기타,안전운전불이행,건조,맑음,교차로 - 교차로부근,승용,남,44세,상해없음,승용,여,43세,경상
2019121400100157,2019년 12월 14일 06시,토요일,대전광역시 서구 변동,경상사고,0,0,1,0,차대차 - 기타,안전운전불이행,건조,맑음,교차로 - 교차로부근,승용,남,75세,상해없음,이륜,남,35세,경상
2019121400100190,2019년 12월 14일 07시,토요일,대전광역시 중구 태평동,중상사고,0,1,0,0,차대차 - 측면충돌,신호위반,건조,맑음,교차로 - 교차로안,승용,남,45세,상해없음,자전거,남,62세,중상
2019121400100226,2019년 12월 14일 08시,토요일,대전광역시 대덕구 신탄진동,경상사고,0,0,1,0,차대차 - 기타,안전운전불이행,건조,맑음,단일로 - 기타,승용,남,67세,상해없음,승용,여,28세,경상
2019121400100290,2019년 12월 14일 10시,토요일,대전광역시 동구 삼성동,중상사고,0,2,0,0,차대차 - 추돌,안전운전불이행,건조,맑음,교차로 - 교차로안,승용,남,27세,상해없음,승용,여,60세,중상
2019121400100330,2019년 12월 14일 11시,토요일,대전광역시 대덕구 읍내동,부상신고사고,0,0,0,5,차대차 - 추돌,안전운전불이행,건조,맑음,단일로 - 기타,승용,여,64세,상해없음,승용,여,47세,부상신고
2019121400100366,2019년 12월 14일 12시,토요일,대전광역시 서구 복수동,중상사고,0,1,0,0,차대사람 - 기타,안전운전불이행,건조,맑음,단일로 - 기타,자전거,남,22세,상해없음,보행자,여,71세,중상
2019121400100367,2019년 12월 14일 12시,토요일,대전광역시 유성구 반석동,경상사고,0,0,1,0,차대차 - 추돌,안전운전불이행,건조,맑음,단일로 - 기타,승용,여,35세,상해없음,승용,남,39세,경상
2019121400100408,2019년 12월 14일 13시,토요일,대전광역시 대덕구 읍내동,경상사고,0,0,1,0,차대사람 - 기타,기타,건조,맑음,단일로 - 기타,승합,남,59세,기타불명,보행자,여,62세,경상
2019121400100409,2019년 12월 14일 13시,토요일,대전광역시 유성구 구암동,경상사고,0,0,1,0,차대사람 - 기타,안전운전불이행,건조,맑음,단일로 - 기타,화물,남,27세,상해없음,보행자,남,76세,경상
2019121400100450,2019년 12월 14일 14시,토요일,대전광역시 중구 문화동,경상사고,0,0,1,0,차대차 - 측면충돌,신호위반,건조,맑음,교차로 - 교차로안,승용,남,39세,기타불명,승합,남,44세,경상
2019121400100451,2019년 12월 14일 14시,토요일,대전광역시 중구 태평동,경상사고,0,0,1,0,차량단독 - 기타,안전운전불이행,건조,맑음,교차로 - 교차로부근,승합,남,54세,상해없음,,,,
2019121400100452,2019년 12월 14일 14시,토요일,대전광역시 동구 용전동,경상사고,0,0,1,0,차대차 - 기타,신호위반,건조,맑음,교차로 - 교차로안,승용,여,43세,상해없음,원동기,남,25세,경상
2019121400100453,2019년 12월 14일 14시,토요일,대전광역시 유성구 구성동,경상사고,0,0,3,0,차대차 - 측면충돌,안전거리미확보,건조,맑음,단일로 - 기타,승용,여,49세,경상,승용,여,24세,경상
2019121400100494,2019년 12월 14일 15시,토요일,대전광역시 유성구 궁동,경상사고,0,0,1,0,차대차 - 측면충돌,안전운전불이행,건조,맑음,교차로 - 교차로안,이륜,남,73세,상해없음,자전거,남,21세,경상
2019121400100531,2019년 12월 14일 16시,토요일,대전광역시 유성구 구암동,경상사고,0,0,2,0,차대차 - 기타,안전운전불이행,건조,맑음,단일로 - 기타,승용,남,31세,상해없음,승용,남,27세,상해없음
2019121400100586,2019년 12월 14일 17시,토요일,대전광역시 동구 대별동,경상사고,0,0,3,0,차대차 - 측면충돌,안전운전불이행,건조,맑음,교차로 - 교차로안,건설기계,남,52세,경상,승용,남,27세,경상
2019121400100587,2019년 12월 14일 17시,토요일,대전광역시 서구 둔산동,경상사고,0,0,3,0,차대차 - 추돌,안전운전불이행,건조,맑음,단일로 - 기타,승용,남,56세,상해없음,승용,여,27세,경상
2019121400100588,2019년 12월 14일 17시,토요일,대전광역시 유성구 장대동,경상사고,0,0,1,0,차대차 - 측면충돌,안전운전불이행,건조,맑음,교차로 - 교차로안,승용,남,52세,상해없음,승용,남,26세,경상