사고번호,사고일시,요일,시군구,사고내용,사망자수,중상자수,경상자수,부상신고자수,사고유형,법규위반,노면상태,기상상태,도로형태,가해운전자 차종,가해운전자 성별,가해운전자 연령,가해운전자 상해정도,피해운전자 차종,피해운전자 성별,피해운전자 연령,피해운전자 상해정도
2019121400100643,2019년 12월 14일 18시,토요일,대전광역시 동구 정동,경상사고,0,0,1,0,차대사람 - 횡단중,안전운전불이행,건조,맑음,기타 - 기타,승용,여,42세,상해없음,보행자,여,58세,경상
2019121400100644,2019년 12월 14일 18시,토요일,대전광역시 유성구 봉명동,경상사고,0,0,1,0,차대차 - 기타,신호위반,건조,맑음,교차로 - 교차로안,승합,남,56세,상해없음,승용,남,68세,경상
2019121400100645,2019년 12월 14일 18시,토요일,대전광역시 유성구 궁동,중상사고,0,2,0,0,차대차 - 기타,신호위반,건조,맑음,교차로 - 교차로안,이륜,남,30세,중상,이륜,남,31세,중상
2019121400100691,2019년 12월 14일 19시,토요일,대전광역시 중구 문화동,경상사고,0,0,2,0,차대사람 - 횡단중,안전운전불이행,건조,맑음,교차로 - 교차로부근,승용,남,44세,상해없음,보행자,여,1세,경상
2019121400100692,2019년 12월 14일 19시,토요일,대전광역시 동구 성남동,경상사고,0,0,2,0,차대차 - 측면충돌,안전운전불이행,건조,맑음,단일로 - 기타,승용,여,25세,상해없음,승용,남,42세,경상
2019121400100693,2019년 12월 14일 19시,토요일,대전광역시 대덕구 상서동,경상사고,0,0,1,0,차대차 - 기타,안전운전불이행,건조,맑음,교차로 - 교차로부근,승용,남,48세,상해없음,승용,남,59세,경상
2019121400100694,2019년 12월 14일 19시,토요일,대전광역시 대덕구 송촌동,경상사고,0,0,2,0,차대차 - 기타,신호위반,건조,맑음,교차로 - 교차로안,승용,남,28세,상해없음,승용,남,39세,경상
2019121400100695,2019년 12월 14일 19시,토요일,대전광역시 서구 갈마동,경상사고,0,0,2,0,차대차 - 측면충돌,안전운전불이행,건조,맑음,교차로 - 교차로안,화물,남,47세,상해없음,승용,남,27세,경상
2019121400100722,2019년 12월 14일 20시,토요일,대전광역시 동구 용전동,경상사고,0,0,4,0,차대차 - 측면충돌,차로위반,건조,맑음,교차로 - 교차로부근,승용,남,56세,상해없음,승용,여,40세,경상
2019121400100723,2019년 12월 14일 20시,토요일,대전광역시 서구 월평동,경상사고,0,0,4,0,차대차 - 기타,안전운전불이행,건조,맑음,교차로 - 교차로부근,승용,남,33세,경상,승용,여,38세,경상
2019121400100754,2019년 12월 14일 21시,토요일,대전광역시 서구 도마동,중상사고,0,1,0,0,차대차 - 측면충돌,신호위반,건조,맑음,교차로 - 교차로횡단보도내,승용,여,47세,상해없음,자전거,남,14세,중상
2019121400100783,2019년 12월 14일 22시,토요일,대전광역시 중구 부사동,경상사고,0,0,1,0,차대사람 - 횡단중,안전운전불이행,건조,맑음,단일로 - 기타,승용,남,63세,상해없음,보행자,남,57세,경상
2019121400100784,2019년 12월 14일 22시,토요일,대전광역시 중구 대사동,부상신고사고,0,0,0,1,차대사람 - 기타,안전운전불이행,건조,맑음,교차로 - 교차로부근,승합,남,58세,상해없음,보행자,여,57세,부상신고
2019121400100785,2019년 12월 14일 22시,토요일,대전광역시 대덕구 중리동,경상사고,0,0,1,0,차대사람 - 기타,안전운전불이행,건조,기타,단일로 - 기타,승용,여,43세,상해없음,보행자,남,58세,경상
2019121400100786,2019년 12월 14일 22시,토요일,대전광역시 서구 월평동,경상사고,0,0,1,0,차대차 - 기타,중앙선침범,건조,맑음,교차로 - 교차로부근,승용,여,60세,상해없음,승용,남,30세,경상
2019121500100031,2019년 12월 15일 00시,일요일,대전광역시 서구 둔산동,경상사고,0,0,1,0,차대사람 - 기타,안전운전불이행,건조,맑음,교차로 - 교차로안,승용,남,25세,상해없음,보행자,남,29세,경상
2019121500100047,2019년 12월 15일 01시,일요일,대전광역시 중구 태평동,중상사고,0,1,2,0,차대사람 - 횡단중,보행자보호의무위반,건조,맑음,교차로 - 교차로횡단보도내,승용,남,51세,상해없음,보행자,남,57세,중상
2019121500100048,2019년 12월 15일 01시,일요일,대전광역시 대덕구 중리동,중상사고,0,1,0,0,차대사람 - 기타,보행자보호의무위반,건조,기타,교차로 - 교차로횡단보도내,승용,남,72세,상해없음,보행자,남,49세,중상
2019121500100064,2019년 12월 15일 02시,일요일,대전광역시 서구 둔산동,경상사고,0,0,2,0,차대차 - 추돌,안전운전불이행,건조,맑음,단일로 - 기타,승용,남,39세,상해없음,승용,남,26세,경상
2019121500100078,2019년 12월 15일 03시,일요일,대전광역시 동구 가양동,경상사고,0,0,2,0,차대차 - 추돌,과속,건조,맑음,교차로 - 교차로부근,승용,남,24세,상해없음,승합,남,63세,경상
2019121500100143,2019년 12월 15일 08시,일요일,대전광역시 유성구 방동,경상사고,0,0,1,0,차대차 - 추돌,안전운전불이행,건조,맑음,단일로 - 기타,승용,남,31세,상해없음,승용,남,48세,경상
2019121500100166,2019년 12월 15일 09시,일요일,대전광역시 중구 목동,경상사고,0,0,1,0,차대사람 - 횡단중,신호위반,건조,맑음,단일로 - 기타,승용,여,72세,상해없음,보행자,여,74세,경상
2019121500100167,2019년 12월 15일 09시,일요일,대전광역시 유성구 교촌동,경상사고,0,0,1,0,차대차 - 추돌,안전운전불이행,건조,맑음,단일로 - 기타,승용,남,63세,상해없음,승용,여,42세,경상
2019121500100192,2019년 12월 15일 10시,일요일,대전광역시 유성구 장대동,중상사고,0,1,2,0,차대차 - 측면충돌,안전운전불이행,건조,맑음,단일로 - 기타,승용,여,28세,상해없음,화물,남,45세,중상
2019121500100218,2019년 12월 15일 11시,일요일,대전광역시 유성구 봉명동,경상사고,0,0,1,0,차대차 - 측면충돌,안전거리미확보,건조,맑음,단일로 - 기타,승용,남,57세,상해없음,승용,남,38세,경상
2019121500100242,2019년 12월 15일 12시,일요일,대전광역시 유성구 구암동,경상사고,0,0,1,0,차대차 - 기타,안전거리미확보,건조,맑음,기타 - 기타,승용,남,58세,상해없음,승용,남,70세,경상
2019121500100337,2019년 12월 15일 15시,일요일,대전광역시 중구 문창동,경상사고,0,0,2,0,차대차 - 기타,기타,건조,맑음,교차로 - 교차로안,이륜,남,18세,상해없음,승용,남,26세,경상
2019121500100338,2019년 12월 15일 15시,일요일,대전광역시 중구 선화동,중상사고,0,1,0,0,차대차 - 측면충돌,안전운전불이행,건조,맑음,교차로 - 교차로부근,승용,남,55세,상해없음,이륜,남,45세,중상
2019121500100363,2019년 12월 15일 16시,일요일,대전광역시 동구 용전동,경상사고,0,0,3,0,차대차 - 추돌,안전운전불이행,건조,맑음,교차로 - 교차로부근,승용,남,48세,상해없음,승용,남,38세,경상
2019121500100393,2019년 12월 15일 17시,일요일,대전광역시 유성구 관평동,경상사고,0,0,1,0,차대차 - 추돌,안전운전불이행,건조,맑음,교차로 - 교차로부근,화물,남,55세,상해없음,승용,남,36세,경상
2019121500100441,2019년 12월 15일 18시,일요일,대전광역시 유성구 가정동,경상사고,0,0,3,0,차대차 - 정면충돌,중앙선침범,건조,맑음,교차로 - 교차로부근,승용,남,72세,상해없음,승용,남,41세,경상
2019121500100472,2019년 12월 15일 19시,일요일,대전광역시 유성구 노은동,경상사고,0,0,3,0,차대차 - 측면충돌,신호위반,건조,맑음,교차로 - 교차로안,승용,여,24세,상해없음,승용,남,51세,경상
2019121500100494,2019년 12월 15일 20시,일요일,대전광역시 서구 탄방동,중상사고,0,1,2,0,차대사람 - 횡단중,안전운전불이행,건조,맑음,단일로 - 기타,이륜,남,42세,중상,보행자,남,42세,경상
2019121500100513,2019년 12월 15일 21시,일요일,대전광역시 서구 가수원동,중상사고,0,1,0,0,차대차 - 추돌,과속,건조,맑음,단일로 - 기타,승용,여,47세,상해없음,이륜,남,49세,중상
2019121500100526,2019년 12월 15일 22시,일요일,대전광역시 중구 태평동,경상사고,0,0,1,0,차량단독 - 기타,안전운전불이행,건조,맑음,단일로 - 기타,승용,남,58세,상해없음,,,,
2019121500100527,2019년 12월 15일 22시,일요일,대전광역시 동구 삼성동,경상사고,0,0,1,0,차대차 - 측면충돌,교차로운행방법위반,젖음/습기,맑음,교차로 - 교차로안,승용,남,27세,상해없음,승용,남,47세,경상
2019121500100528,2019년 12월 15일 22시,일요일,대전광역시 대덕구 목상동,경상사고,0,0,1,0,차대차 - 추돌,안전운전불이행,건조,맑음,단일로 - 기타,특수,남,28세,상해없음,화물,남,60세,경상
2019121600100077,2019년 12월 16일 05시,월요일,대전광역시 대덕구 읍내동,경상사고,0,0,1,0,차대사람 - 기타,신호위반,젖음/습기,흐림,교차로 - 교차로안,승용,남,67세,상해없음,보행자,남,57세,경상
2019121600100078,2019년 12월 16일 05시,월요일,대전광역시 서구 둔산동,경상사고,0,0,1,0,차대차 - 측면충돌,안전운전불이행,건조,맑음,단일로 - 기타,승합,남,40세,기타불명,승용,남,52세,경상
2019121600100094,2019년 12월 16일 06시,월요일,대전광역시 동구 효동,경상사고,0,0,1,0,차대차 - 측면충돌,신호위반,건조,맑음,교차로 - 교차로안,승용,남,47세,상해없음,승용,남,37세,경상
2019121600100127,2019년 12월 16일 07시,월요일,대전광역시 대덕구 신탄진동,경상사고,0,0,1,0,차대차 - 기타,중앙선침범,건조,맑음,단일로 - 기타,건설기계,남,62세,상해없음,승용,여,30세,경상
2019121600100128,2019년 12월 16일 07시,월요일,대전광역시 서구 갈마동,경상사고,0,0,1,0,차대차 - 측면충돌,신호위반,건조,맑음,교차로 - 교차로안,승용,남,62세,상해없음,승용,남,36세,경상
2019121600100206,2019년 12월 16일 09시,월요일,대전광역시 동구 용전동,경상사고,0,0,1,0,차대차 - 측면충돌,교차로운행방법위반,건조,맑음,교차로 - 교차로안,승합,여,42세,상해없음,화물,남,58세,경상
2019121600100307,2019년 12월 16일 12시,월요일,대전광역시 중구 대흥동,경상사고,0,0,1,0,차대차 - 기타,기타,건조,맑음,단일로 - 기타,승용,남,47세,상해없음,승용,여,59세,상해없음
2019121600100337,2019년 12월 16일 13시,월요일,대전광역시 중구 오류동,경상사고,0,0,1,0,차대사람 - 차도통행중,안전운전불이행,건조,맑음,교차로 - 교차로안,승용,여,53세,상해없음,보행자,남,34세,경상
2019121600100338,2019년 12월 16일 13시,월요일,대전광역시 동구 삼정동,중상사고,0,1,1,0,차대차 - 측면충돌,안전운전불이행,건조,맑음,단일로 - 기타,화물,남,59세,상해없음,승용,남,76세,경상
2019121600100370,2019년 12월 16일 14시,월요일,대전광역시 중구 문창동,경상사고,0,0,1,0,차대차 - 기타,안전운전불이행,건조,맑음,교차로 - 교차로안,화물,남,77세,상해없음,승용,남,46세,경상
2019121600100371,2019년 12월 16일 14시,월요일,대전광역시 대덕구 중리동,경상사고,0,0,1,0,차대차 - 기타,안전운전불이행,건조,맑음,교차로 - 교차로부근,화물,남,56세,상해없음,승용,여,58세,경상
2019121600100457,2019년 12월 16일 16시,월요일,대전광역시 중구 오류동,경상사고,0,0,1,0,차대차 - 추돌,안전거리미확보,건조,맑음,교차로 - 교차로안,승용,남,57세,상해없음,승용,여,43세,경상
2019121600100564,2019년 12월 16일 18시,월요일,대전광역시 동구 가양동,경상사고,0,0,1,0,차대차 - 측면충돌,안전운전불이행,건조,맑음,단일로 - 기타,승용,남,28세,상해없음,승합,남,52세,경상
2019121600100565,2019년 12월 16일 18시,월요일,대전광역시 서구 둔산동,중상사고,0,1,0,0,차대사람 - 횡단중,보행자보호의무위반,건조,맑음,단일로 - 기타,승용,남,52세,상해없음,보행자,여,28세,중상
2019121600100605,2019년 12월 16일 19시,월요일,대전광역시 동구 용운동,경상사고,0,0,1,0,차대차 - 기타,안전거리미확보,건조,맑음,단일로 - 기타,승용,남,69세,상해없음,승합,남,56세,상해없음
2019121600100606,2019년 12월 16일 19시,월요일,대전광역시 서구 복수동,경상사고,0,0,2,0,차대차 - 측면충돌,안전운전불이행,건조,맑음,교차로 - 교차로안,승용,남,66세,상해없음,승용,여,52세,경상
2019121600100630,2019년 12월 16일 20시,월요일,대전광역시 동구 용전동,경상사고,0,0,3,0,차대차 - 측면충돌,신호위반,건조,맑음,교차로 - 교차로안,승용,여,48세,상해없음,승용,남,43세,경상
2019121600100644,2019년 12월 16일 21시,월요일,대전광역시 중구 부사동,경상사고,0,0,1,0,차대사람 - 기타,안전운전불이행,건조,맑음,교차로 - 교차로부근,승용,남,33세,상해없음,보행자,남,53세,경상
2019121600100645,2019년 12월 16일 21시,월요일,대전광역시 중구 선화동,경상사고,0,0,1,0,차대차 - 기타,교차로운행방법위반,건조,맑음,교차로 - 교차로안,승용,남,45세,상해없음,이륜,남,34세,경상
2019121600100646,2019년 12월 16일 21시,월요일,대전광역시 동구 용운동,경상사고,0,0,1,0,차대사람 - 길가장자리구역통행중,안전운전불이행,건조,맑음,단일로 - 기타,승용,여,47세,상해없음,보행자,남,44세,경상
2019121600100687,2019년 12월 16일 23시,월요일,대전광역시 서구 월평동,중상사고,0,1,0,0,차대차 - 추돌,안전운전불이행,건조,맑음,단일로 - 교량,승용,남,54세,상해없음,승용,남,37세,중상
2019121600100688,2019년 12월 16일 23시,월요일,대전광역시 유성구 궁동,경상사고,0,0,2,0,차대차 - 측면충돌,안전운전불이행,건조,맑음,단일로 - 기타,승용,남,33세,상해없음,이륜,여,30세,경상
2019121700100190,2019년 12월 17일 09시,화요일,대전광역시 동구 가오동,중상사고,0,1,1,0,차대차 - 측면충돌,신호위반,젖음/습기,비,교차로 - 교차로부근,승용,남,71세,상해없음,승용,남,49세,경상
2019121700100191,2019년 12월 17일 09시,화요일,대전광역시 대덕구 오정동,경상사고,0,0,1,0,차대사람 - 기타,안전운전불이행,젖음/습기,비,단일로 - 기타,승용,남,65세,상해없음,보행자,남,23세,경상
2019121700100248,2019년 12월 17일 11시,화요일,대전광역시 서구 가수원동,경상사고,0,0,1,0,차대차 - 측면충돌,신호위반,젖음/습기,흐림,교차로 - 교차로부근,승합,남,54세,상해없음,승용,여,47세,경상
2019121700100249,2019년 12월 17일 11시,화요일,대전광역시 유성구 노은동,중상사고,0,1,2,0,차대차 - 측면충돌,신호위반,건조,맑음,교차로 - 교차로안,승용,여,41세,기타불명,화물,남,57세,경상
2019121700100277,2019년 12월 17일 12시,화요일,대전광역시 유성구 구암동,경상사고,0,0,1,0,차대차 - 기타,교차로운행방법위반,건조,맑음,교차로 - 교차로안,승용,남,70세,상해없음,승용,여,61세,경상
2019121700100416,2019년 12월 17일 16시,화요일,대전광역시 유성구 봉명동,경상사고,0,0,1,0,차대차 - 측면충돌,안전운전불이행,젖음/습기,흐림,단일로 - 기타,이륜,남,21세,기타불명,승용,남,48세,상해없음
2019121700100498,2019년 12월 17일 18시,화요일,대전광역시 동구 가오동,경상사고,0,0,2,0,차대차 - 측면충돌,안전운전불이행,젖음/습기,비,교차로 - 교차로안,원동기,남,38세,경상,승용,남,33세,경상
2019121700100499,2019년 12월 17일 18시,화요일,대전광역시 유성구 전민동,경상사고,0,0,1,0,차대차 - 기타,안전운전불이행,건조,맑음,교차로 - 교차로안,승용,남,57세,상해없음,승합,여,63세,상해없음
2019121700100565,2019년 12월 17일 20시,화요일,대전광역시 동구 용전동,중상사고,0,1,1,0,차대차 - 추돌,안전운전불이행,건조,맑음,단일로 - 기타,승용,남,63세,상해없음,승용,남,59세,상해없음
2019121700100595,2019년 12월 17일 21시,화요일,대전광역시 유성구 문지동,경상사고,0,0,1,0,차대차 - 측면충돌,안전거리미확보,건조,맑음,단일로 - 기타,승용,여,60세,상해없음,승용,남,59세,경상
2019121700100652,2019년 12월 17일 23시,화요일,대전광역시 동구 판암동,중상사고,0,1,0,0,차대사람 - 기타,안전운전불이행,건조,맑음,단일로 - 기타,승용,남,62세,상해없음,보행자,남,24세,중상
2019121700100653,2019년 12월 17일 23시,화요일,대전광역시 서구 갈마동,경상사고,0,0,1,1,차대차 - 측면충돌,안전거리미확보,건조,맑음,교차로 - 교차로안,승용,남,43세,상해없음,승용,남,30세,경상
2019121800100048,2019년 12월 18일 01시,수요일,대전광역시 중구 대사동,경상사고,0,0,4,0,차대차 - 추돌,안전운전불이행,건조,맑음,기타 - 기타,승용,남,27세,상해없음,승용,남,55세,경상
2019121800100049,2019년 12월 18일 01시,수요일,대전광역시 서구 월평동,경상사고,0,0,1,0,차대차 - 측면충돌,신호위반,건조,맑음,교차로 - 교차로안,승용,여,58세,상해없음,승용,남,62세,경상
2019121800100068,2019년 12월 18일 04시,수요일,대전광역시 서구 갈마동,경상사고,0,0,2,0,차대차 - 측면충돌,안전운전불이행,건조,맑음,교차로 - 교차로안,승용,남,60세,상해없음,승용,남,39세,경상
2019121800100131,2019년 12월 18일 08시,수요일,대전광역시 서구 관저동,경상사고,0,0,1,0,차대차 - 측면충돌,신호위반,건조,맑음,교차로 - 교차로안,승용,남,40세,상해없음,자전거,여,59세,경상
2019121800100182,2019년 12월 18일 10시,수요일,대전광역시 중구 오류동,경상사고,0,0,1,0,차대차 - 추돌,안전운전불이행,건조,맑음,교차로 - 교차로안,승용,남,44세,상해없음,승용,남,36세,경상
2019121800100183,2019년 12월 18일 10시,수요일,대전광역시 유성구 신성동,중상사고,0,2,0,0,차대차 - 추돌,안전운전불이행,건조,맑음,단일로 - 기타,승용,남,46세,중상,승용,남,50세,중상
2019121800100184,2019년 12월 18일 10시,수요일,대전광역시 유성구 봉명동,중상사고,0,1,0,0,차대사람 - 기타,안전운전불이행,건조,맑음,단일로 - 기타,화물,남,50세,상해없음,보행자,남,46세,중상
2019121800100213,2019년 12월 18일 11시,수요일,대전광역시 동구 삼성동,경상사고,0,0,1,0,차대차 - 측면충돌,교차로운행방법위반,건조,맑음,교차로 - 교차로안,승용,남,47세,상해없음,화물,남,58세,경상
2019121800100334,2019년 12월 18일 15시,수요일,대전광역시 대덕구 석봉동,경상사고,0,0,1,0,차대차 - 기타,안전운전불이행,건조,맑음,교차로 - 교차로부근,승용,남,58세,상해없음,이륜,남,29세,경상
2019121800100367,2019년 12월 18일 16시,수요일,대전광역시 동구 가오동,경상사고,0,0,1,0,차대사람 - 횡단중,보행자보호의무위반,건조,맑음,교차로 - 교차로횡단보도내,승용,여,50세,상해없음,보행자,남,71세,경상
2019121800100401,2019년 12월 18일 17시,수요일,대전광역시 중구 오류동,경상사고,0,0,3,0,차대차 - 추돌,안전운전불이행,건조,맑음,단일로 - 기타,승용,남,63세,상해없음,승용,여,48세,경상
2019121800100402,2019년 12월 18일 17시,수요일,대전광역시 동구 가양동,경상사고,0,0,2,0,차대차 - 측면충돌,기타,건조,맑음,단일로 - 기타,승용,여,53세,경상,이륜,남,45세,경상
2019121800100403,2019년 12월 18일 17시,수요일,대전광역시 유성구 구성동,경상사고,0,0,1,0,차대차 - 측면충돌,안전운전불이행,건조,맑음,교차로 - 교차로안,승용,남,33세,기타불명,승용,남,31세,경상
2019121800100464,2019년 12월 18일 18시,수요일,대전광역시 중구 선화동,경상사고,0,0,1,0,차대사람 - 기타,안전운전불이행,건조,맑음,단일로 - 기타,승용,남,50세,상해없음,보행자,여,65세,경상
2019121800100465,2019년 12월 18일 18시,수요일,대전광역시 동구 효동,중상사고,0,1,0,0,차대차 - 기타,신호위반,건조,맑음,교차로 - 교차로횡단보도내,승용,남,26세,상해없음,자전거,여,64세,중상
2019121800100466,2019년 12월 18일 18시,수요일,대전광역시 동구 대동,경상사고,0,0,1,0,차대차 - 정면충돌,신호위반,건조,맑음,교차로 - 교차로안,승용,여,70세,상해없음,승용,여,40세,경상
2019121800100467,2019년 12월 18일 18시,수요일,대전광역시 동구 자양동,경상사고,0,0,1,0,차대차 - 추돌,안전거리미확보,건조,맑음,교차로 - 교차로부근,화물,남,29세,상해없음,승용,여,53세,경상
2019121800100468,2019년 12월 18일 18시,수요일,대전광역시 유성구 지족동,경상사고,0,0,1,0,차대차 - 추돌,신호위반,건조,맑음,단일로 - 기타,승용,여,42세,기타불명,승용,여,27세,경상
2019121800100513,2019년 12월 18일 19시,수요일,대전광역시 서구 둔산동,경상사고,0,0,1,0,차대사람 - 기타,신호위반,건조,맑음,교차로 - 교차로안,승용,남,62세,상해없음,보행자,여,26세,경상
2019121800100514,2019년 12월 18일 19시,수요일,대전광역시 유성구 봉명동,경상사고,0,0,1,0,차대차 - 후진중충돌,안전운전불이행,건조,맑음,단일로 - 기타,화물,남,30세,상해없음,이륜,남,42세,경상
2019121800100544,2019년 12월 18일 20시,수요일,대전광역시 중구 문화동,경상사고,0,0,1,0,차대차 - 추돌,안전거리미확보,건조,맑음,교차로 - 교차로부근,승용,남,36세,상해없음,승용,남,27세,경상
2019121800100573,2019년 12월 18일 21시,수요일,대전광역시 서구 갈마동,경상사고,0,0,2,0,차대차 - 기타,신호위반,건조,맑음,교차로 - 교차로안,승용,여,59세,상해없음,승용,남,58세,경상
2019121800100595,2019년 12월 18일 22시,수요일,대전광역시 서구 용문동,경상사고,0,0,4,0,차대차 - 측면충돌,안전거리미확보,건조,맑음,단일로 - 기타,승용,남,54세,기타불명,승용,여,33세,경상
2019121800100596,2019년 12월 18일 22시,수요일,대전광역시 유성구 봉명동,중상사고,0,1,0,0,차대사람 - 차도통행중,안전운전불이행,건조,맑음,단일로 - 기타,승용,남,54세,상해없음,보행자,남,58세,중상
2019121800100620,2019년 12월 18일 23시,수요일,대전광역시 서구 탄방동,경상사고,0,0,2,0,차대차 - 기타,안전거리미확보,건조,맑음,교차로 - 교차로부근,승용,남,62세,상해없음,승용,남,22세,경상
2019121800100621,2019년 12월 18일 23시,수요일,대전광역시 유성구 관평동,경상사고,0,0,1,0,차대차 - 추돌,안전운전불이행,건조,맑음,단일로 - 기타,승용,남,35세,상해없음,승용,여,47세,경상
2019121900100043,2019년 12월 19일 00시,목요일,대전광역시 유성구 노은동,경상사고,0,0,1,0,차대차 - 기타,교차로운행방법위반,건조,맑음,교차로 - 교차로부근,승용,남,62세,상해없음,승용,남,52세,경상
2019121900100067,2019년 12월 19일 02시,목요일,대전광역시 중구 용두동,경상사고,0,0,1,0,차대차 - 추돌,안전운전불이행,건조,맑음,교차로 - 교차로부근,승용,남,34세,상해없음,승용,여,25세,경상
2019121900100077,2019년 12월 19일 04시,목요일,대전광역시 서구 도마동,사망사고,1,0,1,0,차대차 - 측면충돌,신호위반,건조,맑음,교차로 - 교차로안,이륜,남,34세,사망,승합,남,61세,경상
2019121900100159,2019년 12월 19일 08시,목요일,대전광역시 서구 정림동,경상사고,0,0,1,0,차대사람 - 길가장자리구역통행중,안전운전불이행,건조,맑음,단일로 - 기타,승용,여,51세,상해없음,보행자,남,15세,경상
2019121900100160,2019년 12월 19일 08시,목요일,대전광역시 유성구 봉명동,경상사고,0,0,2,0,차대차 - 측면충돌,교차로운행방법위반,건조,맑음,교차로 - 교차로안,승용,여,54세,경상,승용,여,34세,경상
2019121900100189,2019년 12월 19일 09시,목요일,대전광역시 동구 용전동,경상사고,0,0,3,0,차대차 - 기타,안전운전불이행,건조,맑음,단일로 - 기타,승용,여,22세,상해없음,승용,여,29세,경상
2019121900100249,2019년 12월 19일 11시,목요일,대전광역시 중구 태평동,경상사고,0,0,1,0,차대차 - 측면충돌,신호위반,건조,맑음,교차로 - 교차로안,승용,남,57세,상해없음,화물,남,40세,경상
2019121900100250,2019년 12월 19일 11시,목요일,대전광역시 서구 월평동,경상사고,0,0,1,0,차대차 - 기타,안전운전불이행,건조,맑음,교차로 - 교차로안,승용,남,31세,상해없음,이륜,남,75세,경상
2019121900100331,2019년 12월 19일 13시,목요일,대전광역시 유성구 장대동,경상사고,0,0,4,0,차대차 - 측면충돌,안전거리미확보,건조,맑음,교차로 - 교차로부근,승용,남,28세,상해없음,승용,여,60세,경상
2019121900100359,2019년 12월 19일 14시,목요일,대전광역시 동구 정동,경상사고,0,0,1,0,차대사람 - 기타,보행자보호의무위반,건조,맑음,교차로 - 교차로횡단보도내,승용,남,50세,상해없음,보행자,남,50세,경상
2019121900100360,2019년 12월 19일 14시,목요일,대전광역시 서구 탄방동,중상사고,0,2,1,0,차대차 - 기타,교차로운행방법위반,건조,맑음,교차로 - 교차로안,승용,여,23세,상해없음,승용,여,35세,경상
2019121900100361,2019년 12월 19일 14시,목요일,대전광역시 유성구 노은동,중상사고,0,1,0,0,차대차 - 추돌,안전운전불이행,건조,맑음,교차로 - 교차로부근,승용,여,38세,상해없음,승용,여,45세,중상
2019121900100362,2019년 12월 19일 14시,목요일,대전광역시 유성구 노은동,경상사고,0,0,2,0,차대차 - 측면충돌,안전거리미확보,건조,맑음,단일로 - 기타,승용,여,52세,상해없음,승용,남,40세,경상
2019121900100408,2019년 12월 19일 15시,목요일,대전광역시 동구 삼성동,경상사고,0,0,1,0,차대차 - 기타,교차로운행방법위반,건조,맑음,교차로 - 교차로안,승용,남,61세,상해없음,승용,여,46세,경상
2019121900100409,2019년 12월 19일 15시,목요일,대전광역시 서구 괴정동,경상사고,0,0,1,0,차대차 - 측면충돌,신호위반,건조,맑음,단일로 - 기타,승용,남,23세,상해없음,승용,여,30세,경상
2019121900100433,2019년 12월 19일 16시,목요일,대전광역시 유성구 노은동,경상사고,0,0,1,0,차대차 - 측면충돌,신호위반,건조,맑음,교차로 - 교차로안,승용,여,31세,상해없음,승용,남,31세,경상
2019121900100434,2019년 12월 19일 16시,목요일,대전광역시 유성구 구암동,중상사고,0,1,0,0,차대차 - 측면충돌,신호위반,건조,맑음,교차로 - 교차로안,화물,남,58세,상해없음,승용,여,49세,중상
2019121900100482,2019년 12월 19일 17시,목요일,대전광역시 서구 갈마동,경상사고,0,0,1,0,차대차 - 추돌,안전운전불이행,건조,맑음,단일로 - 기타,승용,여,64세,상해없음,승용,남,26세,경상
2019121900100544,2019년 12월 19일 18시,목요일,대전광역시 동구 가양동,경상사고,0,0,1,0,차대사람 - 차도통행중,안전운전불이행,건조,맑음,단일로 - 기타,승용,남,57세,상해없음,보행자,여,68세,경상
2019121900100545,2019년 12월 19일 18시,목요일,대전광역시 서구 둔산동,경상사고,0,0,1,0,차대사람 - 기타,안전운전불이행,건조,맑음,기타 - 기타,승용,남,30세,상해없음,보행자,여,28세,경상
2019121900100586,2019년 12월 19일 19시,목요일,대전광역시 유성구 봉명동,경상사고,0,0,2,0,차대차 - 측면충돌,안전운전불이행,건조,맑음,단일로 - 기타,승용,남,49세,상해없음,승용,남,53세,경상
2019121900100621,2019년 12월 19일 20시,목요일,대전광역시 서구 월평동,경상사고,0,0,1,0,차대차 - 추돌,안전운전불이행,건조,맑음,단일로 - 기타,승용,남,47세,상해없음,승용,남,57세,경상
2019121900100650,2019년 12월 19일 21시,목요일,대전광역시 동구 대동,경상사고,0,0,1,0,차대차 - 측면충돌,안전운전불이행,건조,맑음,단일로 - 기타,승용,남,35세,상해없음,자전거,남,51세,경상
2019121900100651,2019년 12월 19일 21시,목요일,대전광역시 유성구 대정동,경상사고,0,0,1,0,차대사람 - 횡단중,안전운전불이행,건조,맑음,단일로 - 기타,승용,여,54세,상해없음,보행자,여,21세,경상
2019121900100697,2019년 12월 19일 23시,목요일,대전광역시 동구 판암동,경상사고,0,0,1,0,차대차 - 측면충돌,신호위반,건조,맑음,교차로 - 교차로안,승용,남,36세,경상,승용,남,59세,상해없음
2019122000100144,2019년 12월 20일 08시,금요일,대전광역시 동구 중동,경상사고,0,0,1,0,차대사람 - 횡단중,보행자보호의무위반,건조,맑음,교차로 - 교차로횡단보도내,승용,여,69세,상해없음,보행자,남,17세,경상
2019122000100145,2019년 12월 20일 08시,금요일,대전광역시 동구 가오동,경상사고,0,0,1,0,차대차 - 추돌,안전거리미확보,건조,맑음,교차로 - 교차로부근,승용,남,77세,상해없음,승용,남,42세,경상