사고번호,사고일시,요일,시군구,사고내용,사망자수,중상자수,경상자수,부상신고자수,사고유형,법규위반,노면상태,기상상태,도로형태,가해운전자 차종,가해운전자 성별,가해운전자 연령,가해운전자 상해정도,피해운전자 차종,피해운전자 성별,피해운전자 연령,피해운전자 상해정도
2019122600100077,2019년 12월 26일 06시,목요일,대전광역시 유성구 죽동,중상사고,0,1,0,0,차대사람 - 기타,보행자보호의무위반,건조,맑음,단일로 - 기타,승합,남,44세,상해없음,보행자,여,66세,중상
2019122600100101,2019년 12월 26일 07시,목요일,대전광역시 중구 선화동,경상사고,0,0,1,0,차대차 - 측면충돌,안전거리미확보,건조,맑음,단일로 - 기타,승용,남,58세,상해없음,승용,남,42세,경상
2019122600100102,2019년 12월 26일 07시,목요일,대전광역시 동구 효동,중상사고,0,1,0,0,차대사람 - 횡단중,신호위반,건조,맑음,교차로 - 교차로횡단보도내,승용,여,52세,상해없음,보행자,남,68세,중상
2019122600100103,2019년 12월 26일 07시,목요일,대전광역시 서구 관저동,경상사고,0,0,1,0,차대차 - 정면충돌,신호위반,건조,맑음,교차로 - 교차로안,화물,남,31세,상해없음,승용,여,52세,경상
2019122600100104,2019년 12월 26일 07시,목요일,대전광역시 유성구 송강동,경상사고,0,0,1,0,차대차 - 기타,신호위반,건조,맑음,단일로 - 기타,승용,남,47세,상해없음,승용,여,60세,경상
2019122600100132,2019년 12월 26일 08시,목요일,대전광역시 유성구 노은동,경상사고,0,0,1,0,차대차 - 측면충돌,교차로운행방법위반,건조,맑음,교차로 - 교차로안,화물,남,47세,상해없음,승용,여,32세,경상
2019122600100162,2019년 12월 26일 09시,목요일,대전광역시 대덕구 오정동,경상사고,0,0,1,0,차대사람 - 기타,안전운전불이행,건조,맑음,교차로 - 교차로안,화물,남,50세,상해없음,보행자,여,51세,경상
2019122600100163,2019년 12월 26일 09시,목요일,대전광역시 대덕구 신탄진동,경상사고,0,0,2,0,차대차 - 측면충돌,안전운전불이행,건조,맑음,교차로 - 교차로부근,건설기계,남,63세,상해없음,승용,여,44세,경상
2019122600100223,2019년 12월 26일 11시,목요일,대전광역시 대덕구 석봉동,경상사고,0,0,1,0,차대차 - 추돌,안전운전불이행,젖음/습기,비,단일로 - 기타,건설기계,남,63세,상해없음,화물,남,30세,경상
2019122600100251,2019년 12월 26일 12시,목요일,대전광역시 대덕구 법동,경상사고,0,0,1,0,차대사람 - 기타,안전운전불이행,건조,맑음,주차장 - 주차장,승용,남,64세,상해없음,보행자,여,80세,경상
2019122600100252,2019년 12월 26일 12시,목요일,대전광역시 유성구 장동,경상사고,0,0,1,0,차대차 - 추돌,안전운전불이행,젖음/습기,비,교차로 - 교차로부근,승용,남,37세,상해없음,승용,남,52세,경상
2019122600100293,2019년 12월 26일 13시,목요일,대전광역시 대덕구 오정동,경상사고,0,0,2,0,차대차 - 기타,안전운전불이행,젖음/습기,비,단일로 - 기타,승용,남,62세,상해없음,화물,남,62세,경상
2019122600100324,2019년 12월 26일 14시,목요일,대전광역시 서구 탄방동,경상사고,0,0,1,0,차대차 - 기타,안전운전불이행,젖음/습기,비,단일로 - 기타,승용,남,31세,상해없음,승용,남,57세,경상
2019122600100325,2019년 12월 26일 14시,목요일,대전광역시 서구 둔산동,경상사고,0,0,3,0,차대차 - 측면충돌,교차로운행방법위반,건조,맑음,교차로 - 교차로안,승용,남,52세,상해없음,승용,남,31세,경상
2019122600100326,2019년 12월 26일 14시,목요일,대전광역시 유성구 봉명동,경상사고,0,0,1,0,차대차 - 기타,안전운전불이행,건조,맑음,단일로 - 기타,승용,여,51세,경상,승합,남,54세,상해없음
2019122600100360,2019년 12월 26일 15시,목요일,대전광역시 중구 은행동,경상사고,0,0,3,0,차대차 - 측면충돌,안전거리미확보,젖음/습기,비,단일로 - 교량,승용,남,82세,상해없음,승용,남,62세,경상
2019122600100390,2019년 12월 26일 16시,목요일,대전광역시 대덕구 읍내동,경상사고,0,0,1,0,차대차 - 추돌,안전운전불이행,젖음/습기,비,단일로 - 기타,승용,여,28세,상해없음,승용,남,48세,경상
2019122600100391,2019년 12월 26일 16시,목요일,대전광역시 유성구 신성동,경상사고,0,0,1,0,차대차 - 추돌,신호위반,건조,맑음,교차로 - 교차로안,승용,남,75세,상해없음,화물,남,70세,경상
2019122600100430,2019년 12월 26일 17시,목요일,대전광역시 서구 용문동,중상사고,0,1,0,0,차대차 - 측면충돌,안전운전불이행,젖음/습기,비,단일로 - 기타,승용,남,66세,상해없음,승용,남,28세,중상
2019122600100431,2019년 12월 26일 17시,목요일,대전광역시 유성구 노은동,경상사고,0,0,1,0,차대사람 - 기타,안전운전불이행,건조,맑음,단일로 - 기타,승용,여,41세,상해없음,보행자,남,27세,경상
2019122600100493,2019년 12월 26일 18시,목요일,대전광역시 대덕구 삼정동,중상사고,0,1,0,0,차대사람 - 기타,안전운전불이행,건조,맑음,단일로 - 기타,승용,남,57세,상해없음,보행자,남,77세,중상
2019122600100494,2019년 12월 26일 18시,목요일,대전광역시 서구 갈마동,경상사고,0,0,1,0,차대차 - 추돌,안전거리미확보,젖음/습기,비,교차로 - 교차로횡단보도내,승용,남,31세,상해없음,승용,여,25세,경상
2019122600100560,2019년 12월 26일 20시,목요일,대전광역시 유성구 구암동,부상신고사고,0,0,0,1,차대사람 - 차도통행중,안전운전불이행,건조,맑음,단일로 - 기타,승용,남,54세,기타불명,보행자,남,60세,부상신고
2019122600100612,2019년 12월 26일 22시,목요일,대전광역시 서구 갈마동,경상사고,0,0,1,0,차대사람 - 기타,안전운전불이행,건조,맑음,단일로 - 기타,승용,남,55세,상해없음,보행자,남,44세,경상
2019122600100633,2019년 12월 26일 23시,목요일,대전광역시 유성구 관평동,경상사고,0,0,2,0,차대사람 - 기타,안전운전불이행,건조,맑음,단일로 - 기타,승용,남,31세,상해없음,보행자,남,50세,경상
2019122700100033,2019년 12월 27일 00시,금요일,대전광역시 서구 둔산동,경상사고,0,0,1,0,차대차 - 추돌,안전운전불이행,건조,맑음,단일로 - 기타,승용,남,39세,상해없음,승용,남,55세,경상
2019122700100051,2019년 12월 27일 01시,금요일,대전광역시 서구 갈마동,경상사고,0,0,1,0,차대차 - 추돌,안전운전불이행,건조,맑음,교차로 - 교차로부근,승용,남,33세,상해없음,승용,남,57세,경상
2019122700100059,2019년 12월 27일 02시,금요일,대전광역시 서구 둔산동,경상사고,0,0,1,0,차대사람 - 기타,안전운전불이행,건조,맑음,교차로 - 교차로안,승용,남,19세,상해없음,보행자,남,22세,경상
2019122700100060,2019년 12월 27일 02시,금요일,대전광역시 유성구 봉명동,경상사고,0,0,1,0,차대차 - 측면충돌,신호위반,건조,맑음,단일로 - 기타,승용,여,56세,상해없음,화물,남,76세,경상
2019122700100070,2019년 12월 27일 04시,금요일,대전광역시 서구 둔산동,경상사고,0,0,1,0,차대사람 - 기타,안전운전불이행,건조,맑음,단일로 - 기타,승용,남,24세,상해없음,보행자,여,20세,경상
2019122700100088,2019년 12월 27일 06시,금요일,대전광역시 중구 산성동,중상사고,0,6,10,0,차대차 - 추돌,안전운전불이행,건조,맑음,기타 - 기타,승합,남,56세,기타불명,승합,남,65세,경상
2019122700100116,2019년 12월 27일 07시,금요일,대전광역시 중구 용두동,경상사고,0,0,1,0,차대차 - 측면충돌,안전운전불이행,건조,맑음,단일로 - 기타,승용,남,70세,상해없음,승용,남,27세,경상
2019122700100117,2019년 12월 27일 07시,금요일,대전광역시 서구 월평동,경상사고,0,0,1,0,차대차 - 기타,안전운전불이행,건조,맑음,단일로 - 기타,화물,남,58세,상해없음,승용,남,62세,경상
2019122700100180,2019년 12월 27일 09시,금요일,대전광역시 동구 삼성동,중상사고,0,1,0,0,차대차 - 측면충돌,신호위반,건조,맑음,교차로 - 교차로안,이륜,남,52세,상해없음,이륜,남,37세,중상
2019122700100236,2019년 12월 27일 11시,금요일,대전광역시 유성구 궁동,경상사고,0,0,1,0,차대차 - 측면충돌,안전운전불이행,건조,맑음,단일로 - 기타,화물,남,54세,상해없음,화물,남,53세,경상
2019122700100274,2019년 12월 27일 12시,금요일,대전광역시 서구 갈마동,경상사고,0,0,1,0,차대차 - 후진중충돌,안전운전불이행,건조,맑음,단일로 - 기타,승용,남,33세,상해없음,이륜,남,28세,경상
2019122700100275,2019년 12월 27일 12시,금요일,대전광역시 유성구 지족동,중상사고,0,1,0,0,차대사람 - 기타,과속,건조,맑음,단일로 - 기타,승용,여,59세,상해없음,보행자,여,30세,중상
2019122700100342,2019년 12월 27일 14시,금요일,대전광역시 중구 선화동,경상사고,0,0,1,0,차량단독 - 기타,안전거리미확보,건조,맑음,단일로 - 기타,승합,남,51세,상해없음,,,,
2019122700100380,2019년 12월 27일 15시,금요일,대전광역시 서구 도마동,경상사고,0,0,1,0,차대사람 - 기타,안전운전불이행,건조,맑음,단일로 - 기타,승용,여,51세,상해없음,보행자,남,17세,경상
2019122700100381,2019년 12월 27일 15시,금요일,대전광역시 대덕구 오정동,중상사고,0,3,0,0,차대차 - 측면충돌,교차로운행방법위반,건조,맑음,교차로 - 교차로안,승용,남,35세,상해없음,승용,남,82세,중상
2019122700100382,2019년 12월 27일 15시,금요일,대전광역시 서구 탄방동,경상사고,0,0,1,0,차대사람 - 차도통행중,안전운전불이행,건조,맑음,단일로 - 기타,승용,여,24세,상해없음,보행자,여,25세,경상
2019122700100413,2019년 12월 27일 16시,금요일,대전광역시 유성구 노은동,경상사고,0,0,1,0,차대차 - 측면충돌,안전운전불이행,건조,맑음,교차로 - 교차로안,승용,여,65세,상해없음,승용,여,53세,경상
2019122700100456,2019년 12월 27일 17시,금요일,대전광역시 유성구 원내동,경상사고,0,0,2,0,차대차 - 측면충돌,안전운전불이행,젖음/습기,비,교차로 - 교차로부근,승용,남,29세,경상,승용,남,33세,경상
2019122700100504,2019년 12월 27일 18시,금요일,대전광역시 서구 둔산동,경상사고,0,0,1,0,차대차 - 기타,교차로운행방법위반,건조,맑음,교차로 - 교차로안,승용,여,51세,상해없음,이륜,남,37세,경상
2019122700100505,2019년 12월 27일 18시,금요일,대전광역시 서구 만년동,중상사고,0,1,3,0,차대차 - 추돌,안전운전불이행,건조,맑음,단일로 - 기타,승용,남,29세,상해없음,승용,여,33세,경상
2019122700100561,2019년 12월 27일 19시,금요일,대전광역시 중구 유천동,경상사고,0,0,1,0,차대차 - 기타,기타,건조,맑음,단일로 - 기타,승합,남,57세,상해없음,원동기,남,41세,상해없음
2019122700100562,2019년 12월 27일 19시,금요일,대전광역시 대덕구 중리동,중상사고,0,1,0,0,차대차 - 기타,직진우회전진행방해,건조,맑음,교차로 - 교차로안,승용,남,31세,상해없음,이륜,남,35세,중상
2019122700100563,2019년 12월 27일 19시,금요일,대전광역시 서구 둔산동,경상사고,0,0,1,0,차대차 - 기타,신호위반,건조,맑음,단일로 - 기타,승용,남,71세,상해없음,승용,남,25세,경상
2019122700100583,2019년 12월 27일 20시,금요일,대전광역시 서구 관저동,경상사고,0,0,3,0,차대차 - 추돌,안전운전불이행,건조,맑음,단일로 - 기타,승용,남,32세,상해없음,승용,남,43세,경상
2019122700100594,2019년 12월 27일 20시,금요일,대전광역시 중구 오류동,경상사고,0,0,1,0,차대차 - 측면충돌,신호위반,건조,흐림,교차로 - 교차로부근,승용,남,57세,상해없음,이륜,남,63세,경상
2019122700100595,2019년 12월 27일 20시,금요일,대전광역시 서구 탄방동,경상사고,0,0,1,0,차대차 - 측면충돌,교차로운행방법위반,건조,맑음,교차로 - 교차로안,승용,여,69세,기타불명,승용,남,28세,경상
2019122700100624,2019년 12월 27일 21시,금요일,대전광역시 유성구 구암동,중상사고,0,1,0,0,차대차 - 측면충돌,안전운전불이행,건조,맑음,교차로 - 교차로안,기타불명,남,미분류,기타불명,승용,남,58세,중상
2019122700100652,2019년 12월 27일 22시,금요일,대전광역시 중구 중촌동,경상사고,0,0,2,0,차대차 - 추돌,안전운전불이행,건조,맑음,교차로 - 교차로부근,승용,남,33세,상해없음,승용,남,27세,경상
2019122700100653,2019년 12월 27일 22시,금요일,대전광역시 서구 갈마동,경상사고,0,0,1,0,차대차 - 측면충돌,직진우회전진행방해,건조,맑음,교차로 - 교차로안,승용,남,52세,상해없음,승용,남,36세,경상
2019122800100043,2019년 12월 28일 00시,토요일,대전광역시 유성구 계산동,경상사고,0,0,1,0,차대차 - 측면충돌,신호위반,건조,맑음,교차로 - 교차로안,승용,남,58세,상해없음,승용,남,49세,경상
2019122800100106,2019년 12월 28일 05시,토요일,대전광역시 중구 대흥동,경상사고,0,0,1,0,차대차 - 정면충돌,직진우회전진행방해,건조,맑음,교차로 - 교차로안,승용,남,57세,상해없음,이륜,남,30세,경상
2019122800100221,2019년 12월 28일 11시,토요일,대전광역시 유성구 봉명동,경상사고,0,0,2,0,차대차 - 기타,안전거리미확보,건조,맑음,단일로 - 기타,승합,남,50세,상해없음,승용,여,25세,경상
2019122800100297,2019년 12월 28일 14시,토요일,대전광역시 서구 가장동,경상사고,0,0,1,0,차대차 - 기타,안전운전불이행,건조,맑음,단일로 - 기타,승용,남,45세,상해없음,승용,남,24세,경상
2019122800100324,2019년 12월 28일 15시,토요일,대전광역시 중구 대흥동,중상사고,0,1,0,0,차대차 - 측면충돌,신호위반,건조,맑음,단일로 - 기타,승용,여,43세,상해없음,자전거,남,60세,중상
2019122800100325,2019년 12월 28일 15시,토요일,대전광역시 유성구 노은동,부상신고사고,0,0,0,1,차대차 - 추돌,안전운전불이행,건조,맑음,교차로 - 교차로부근,화물,남,58세,상해없음,승용,여,43세,부상신고
2019122800100326,2019년 12월 28일 15시,토요일,대전광역시 유성구 관평동,경상사고,0,0,1,1,차대차 - 추돌,직진우회전진행방해,건조,맑음,교차로 - 교차로안,승용,남,21세,상해없음,승용,남,54세,경상
2019122800100327,2019년 12월 28일 15시,토요일,대전광역시 유성구 봉명동,부상신고사고,0,0,0,2,차대차 - 측면충돌,교차로운행방법위반,건조,맑음,교차로 - 교차로안,승용,여,67세,부상신고,이륜,남,25세,부상신고
2019122800100399,2019년 12월 28일 17시,토요일,대전광역시 서구 가수원동,경상사고,0,0,1,0,차대차 - 측면충돌,안전거리미확보,건조,맑음,교차로 - 교차로부근,승용,여,27세,상해없음,승용,남,51세,경상
2019122800100448,2019년 12월 28일 18시,토요일,대전광역시 서구 괴정동,경상사고,0,0,2,0,차대차 - 측면충돌,안전운전불이행,건조,맑음,교차로 - 교차로안,승용,여,57세,상해없음,승용,남,37세,경상
2019122800100502,2019년 12월 28일 20시,토요일,대전광역시 중구 문화동,경상사고,0,0,1,0,차대차 - 측면충돌,안전거리미확보,건조,맑음,단일로 - 기타,승합,남,54세,상해없음,승용,남,67세,경상
2019122800100550,2019년 12월 28일 22시,토요일,대전광역시 서구 용문동,경상사고,0,0,4,0,차대차 - 기타,안전운전불이행,건조,맑음,교차로 - 교차로안,승용,남,67세,상해없음,승용,여,40세,상해없음
2019122900100041,2019년 12월 29일 01시,일요일,대전광역시 중구 유천동,경상사고,0,0,1,0,차대사람 - 횡단중,안전운전불이행,건조,맑음,교차로 - 교차로안,승용,남,79세,상해없음,보행자,여,59세,경상
2019122900100042,2019년 12월 29일 01시,일요일,대전광역시 서구 둔산동,경상사고,0,0,1,0,차대차 - 측면충돌,안전운전불이행,건조,맑음,단일로 - 기타,승용,남,62세,상해없음,이륜,남,43세,경상
2019122900100069,2019년 12월 29일 04시,일요일,대전광역시 서구 둔산동,경상사고,0,0,1,0,차대사람 - 길가장자리구역통행중,안전운전불이행,건조,맑음,단일로 - 기타,승용,남,28세,상해없음,보행자,남,25세,경상
2019122900100093,2019년 12월 29일 06시,일요일,대전광역시 대덕구 신대동,경상사고,0,0,1,0,차대차 - 추돌,안전운전불이행,건조,맑음,단일로 - 기타,승용,남,49세,상해없음,화물,남,63세,경상
2019122900100129,2019년 12월 29일 09시,일요일,대전광역시 서구 도마동,경상사고,0,0,1,0,차대사람 - 횡단중,안전운전불이행,건조,맑음,단일로 - 기타,승용,남,54세,상해없음,보행자,남,69세,경상
2019122900100224,2019년 12월 29일 15시,일요일,대전광역시 서구 갈마동,경상사고,0,0,1,0,차대차 - 기타,안전운전불이행,건조,맑음,단일로 - 기타,승용,남,29세,상해없음,승용,남,68세,상해없음
2019122900100278,2019년 12월 29일 17시,일요일,대전광역시 대덕구 중리동,경상사고,0,0,2,0,차대차 - 기타,안전운전불이행,젖음/습기,비,단일로 - 기타,승용,여,49세,상해없음,승용,여,40세,경상
2019122900100279,2019년 12월 29일 17시,일요일,대전광역시 유성구 원내동,경상사고,0,0,1,0,차대차 - 추돌,안전운전불이행,젖음/습기,맑음,단일로 - 기타,승용,남,46세,상해없음,원동기,남,21세,경상
2019122900100317,2019년 12월 29일 18시,일요일,대전광역시 서구 둔산동,경상사고,0,0,3,0,차대차 - 기타,안전운전불이행,건조,맑음,교차로 - 교차로부근,승용,남,40세,상해없음,승용,남,29세,경상
2019122900100398,2019년 12월 29일 20시,일요일,대전광역시 서구 관저동,경상사고,0,0,2,0,차대사람 - 횡단중,보행자보호의무위반,젖음/습기,비,교차로 - 교차로횡단보도내,승용,남,43세,상해없음,보행자,남,48세,경상
2019122900100428,2019년 12월 29일 21시,일요일,대전광역시 유성구 지족동,경상사고,0,0,1,0,차대사람 - 횡단중,신호위반,젖음/습기,비,교차로 - 교차로횡단보도내,원동기,남,44세,상해없음,보행자,여,35세,경상
2019122900100429,2019년 12월 29일 21시,일요일,대전광역시 유성구 궁동,경상사고,0,0,2,0,차대차 - 측면충돌,차로위반,젖음/습기,비,단일로 - 기타,승용,남,60세,상해없음,승용,남,52세,상해없음
2019122900100448,2019년 12월 29일 22시,일요일,대전광역시 중구 산성동,중상사고,0,1,0,0,차대사람 - 횡단중,안전운전불이행,젖음/습기,비,단일로 - 기타,이륜,남,35세,상해없음,보행자,여,67세,중상
2019122900100449,2019년 12월 29일 22시,일요일,대전광역시 유성구 관평동,경상사고,0,0,1,0,차대차 - 측면충돌,안전운전불이행,젖음/습기,비,교차로 - 교차로안,승용,남,43세,상해없음,승용,남,31세,경상
2019122900100475,2019년 12월 29일 23시,일요일,대전광역시 유성구 반석동,경상사고,0,0,1,0,차대차 - 측면충돌,안전운전불이행,젖음/습기,비,단일로 - 기타,승용,남,26세,상해없음,승용,남,57세,경상
2019123000100029,2019년 12월 30일 00시,월요일,대전광역시 유성구 탑립동,중상사고,0,1,2,0,차대차 - 추돌,신호위반,건조,맑음,교차로 - 교차로안,승용,남,27세,상해없음,승용,남,43세,중상
2019123000100207,2019년 12월 30일 11시,월요일,대전광역시 동구 성남동,경상사고,0,0,1,0,차대차 - 기타,교차로운행방법위반,건조,흐림,교차로 - 교차로안,화물,남,37세,상해없음,화물,남,57세,경상
2019123000100242,2019년 12월 30일 12시,월요일,대전광역시 서구 가장동,경상사고,0,0,1,0,차대차 - 기타,안전운전불이행,건조,맑음,교차로 - 교차로횡단보도내,이륜,남,23세,경상,승용,남,67세,상해없음
2019123000100302,2019년 12월 30일 14시,월요일,대전광역시 중구 용두동,경상사고,0,0,1,0,차대차 - 측면충돌,안전운전불이행,건조,맑음,교차로 - 교차로부근,승용,여,44세,상해없음,승용,여,33세,경상
2019123000100303,2019년 12월 30일 14시,월요일,대전광역시 유성구 장대동,경상사고,0,0,2,0,차대차 - 기타,안전거리미확보,건조,맑음,단일로 - 기타,화물,남,60세,상해없음,승용,남,24세,경상
2019123000100365,2019년 12월 30일 16시,월요일,대전광역시 동구 용전동,경상사고,0,0,2,0,차대차 - 기타,안전운전불이행,건조,맑음,단일로 - 기타,승용,여,52세,상해없음,승용,남,60세,상해없음
2019123000100366,2019년 12월 30일 16시,월요일,대전광역시 서구 월평동,경상사고,0,0,1,0,차대사람 - 기타,안전운전불이행,젖음/습기,비,단일로 - 기타,승용,남,52세,상해없음,보행자,남,27세,경상
2019123000100367,2019년 12월 30일 16시,월요일,대전광역시 서구 월평동,경상사고,0,0,1,0,차대차 - 기타,교차로운행방법위반,젖음/습기,비,교차로 - 교차로안,승용,남,43세,상해없음,승용,남,28세,경상
2019123000100413,2019년 12월 30일 17시,월요일,대전광역시 서구 둔산동,경상사고,0,0,2,0,차대차 - 기타,안전운전불이행,젖음/습기,흐림,단일로 - 기타,승용,여,32세,상해없음,화물,남,58세,경상
2019123000100414,2019년 12월 30일 17시,월요일,대전광역시 서구 월평동,경상사고,0,0,1,0,차대차 - 기타,안전운전불이행,젖음/습기,비,교차로 - 교차로부근,승용,남,48세,상해없음,승용,남,56세,경상
2019123000100415,2019년 12월 30일 17시,월요일,대전광역시 유성구 원신흥동,경상사고,0,0,1,0,차대차 - 기타,안전운전불이행,건조,맑음,단일로 - 기타,자전거,남,13세,경상,승용,남,28세,상해없음
2019123000100480,2019년 12월 30일 18시,월요일,대전광역시 서구 가수원동,경상사고,0,0,1,0,차대차 - 기타,안전운전불이행,건조,맑음,교차로 - 교차로부근,승용,남,30세,상해없음,승용,여,33세,경상
2019123000100481,2019년 12월 30일 18시,월요일,대전광역시 서구 월평동,경상사고,0,0,2,0,차대차 - 기타,교차로운행방법위반,젖음/습기,비,교차로 - 교차로안,승합,남,38세,상해없음,승용,남,29세,경상
2019123000100521,2019년 12월 30일 19시,월요일,대전광역시 중구 대사동,경상사고,0,0,1,0,차대사람 - 횡단중,안전운전불이행,건조,맑음,단일로 - 기타,이륜,남,34세,상해없음,보행자,여,57세,경상
2019123000100522,2019년 12월 30일 19시,월요일,대전광역시 유성구 원신흥동,경상사고,0,0,3,0,차대차 - 측면충돌,안전운전불이행,건조,맑음,단일로 - 기타,승용,여,63세,상해없음,승용,여,64세,경상
2019123000100557,2019년 12월 30일 20시,월요일,대전광역시 서구 탄방동,경상사고,0,0,1,0,차대차 - 기타,교차로운행방법위반,젖음/습기,비,교차로 - 교차로안,승용,남,55세,상해없음,승용,남,54세,상해없음
2019123000100578,2019년 12월 30일 21시,월요일,대전광역시 서구 관저동,경상사고,0,0,2,0,차대차 - 측면충돌,신호위반,건조,맑음,교차로 - 교차로안,승용,여,34세,상해없음,승용,남,53세,경상
2019123000100607,2019년 12월 30일 22시,월요일,대전광역시 중구 대흥동,경상사고,0,0,1,0,차대차 - 측면충돌,차로위반,건조,맑음,교차로 - 교차로안,승합,남,39세,상해없음,승용,남,25세,상해없음
2019123000100608,2019년 12월 30일 22시,월요일,대전광역시 동구 자양동,경상사고,0,0,1,0,차대차 - 측면충돌,교차로운행방법위반,건조,맑음,교차로 - 교차로안,승용,남,43세,상해없음,이륜,남,25세,경상
2019123000100609,2019년 12월 30일 22시,월요일,대전광역시 유성구 관평동,경상사고,0,0,1,0,차대차 - 측면충돌,신호위반,건조,맑음,교차로 - 교차로안,승용,여,41세,기타불명,승용,남,29세,경상
2019123100100069,2019년 12월 31일 04시,화요일,대전광역시 동구 중동,중상사고,0,1,0,0,차대차 - 측면충돌,신호위반,건조,맑음,교차로 - 교차로안,이륜,남,20세,중상,화물,남,44세,상해없음
2019123100100081,2019년 12월 31일 05시,화요일,대전광역시 유성구 대정동,중상사고,0,1,0,0,차대사람 - 횡단중,안전운전불이행,건조,맑음,교차로 - 교차로부근,승합,남,51세,상해없음,보행자,남,53세,중상
2019123100100098,2019년 12월 31일 06시,화요일,대전광역시 유성구 교촌동,경상사고,0,0,1,0,차대차 - 측면충돌,신호위반,건조,맑음,교차로 - 교차로안,승용,남,39세,기타불명,승용,남,57세,경상
2019123100100109,2019년 12월 31일 07시,화요일,대전광역시 중구 석교동,중상사고,0,1,1,0,차대차 - 측면충돌,안전운전불이행,건조,맑음,교차로 - 교차로안,이륜,남,50세,중상,승용,남,46세,경상
2019123100100110,2019년 12월 31일 07시,화요일,대전광역시 유성구 봉명동,경상사고,0,0,1,0,차대차 - 측면충돌,안전운전불이행,건조,맑음,단일로 - 기타,승용,남,57세,기타불명,승용,여,34세,경상
2019123100100136,2019년 12월 31일 08시,화요일,대전광역시 대덕구 중리동,경상사고,0,0,1,0,차대차 - 기타,안전운전불이행,건조,맑음,단일로 - 기타,승합,여,35세,상해없음,승용,남,49세,경상
2019123100100190,2019년 12월 31일 10시,화요일,대전광역시 서구 관저동,중상사고,0,2,0,0,차대차 - 추돌,안전운전불이행,건조,맑음,단일로 - 기타,승용,남,49세,상해없음,승용,남,41세,중상
2019123100100218,2019년 12월 31일 11시,화요일,대전광역시 유성구 화암동,경상사고,0,0,1,0,차대차 - 추돌,안전운전불이행,건조,맑음,교차로 - 교차로안,승용,여,49세,상해없음,승용,남,41세,경상
2019123100100276,2019년 12월 31일 13시,화요일,대전광역시 유성구 장대동,중상사고,0,1,7,0,차대차 - 추돌,안전운전불이행,건조,맑음,단일로 - 기타,승용,남,26세,중상,승합,남,45세,경상
2019123100100350,2019년 12월 31일 15시,화요일,대전광역시 동구 가양동,중상사고,0,1,1,0,차대차 - 추돌,안전운전불이행,건조,맑음,교차로 - 교차로안,승용,남,27세,상해없음,승용,여,57세,경상
2019123100100388,2019년 12월 31일 16시,화요일,대전광역시 서구 도마동,경상사고,0,0,1,0,차대차 - 측면충돌,안전운전불이행,건조,맑음,교차로 - 교차로횡단보도내,승용,남,65세,상해없음,자전거,남,74세,경상
2019123100100389,2019년 12월 31일 16시,화요일,대전광역시 대덕구 오정동,경상사고,0,0,1,0,차대차 - 측면충돌,안전운전불이행,건조,맑음,단일로 - 기타,승용,남,31세,상해없음,승용,남,31세,경상
2019123100100390,2019년 12월 31일 16시,화요일,대전광역시 서구 둔산동,경상사고,0,0,1,0,차대차 - 기타,신호위반,건조,맑음,교차로 - 교차로부근,승용,남,72세,상해없음,승용,여,45세,경상
2019123100100425,2019년 12월 31일 17시,화요일,대전광역시 서구 둔산동,경상사고,0,0,2,0,차대차 - 기타,교차로운행방법위반,건조,맑음,교차로 - 교차로안,승용,여,39세,상해없음,승용,여,34세,경상
2019123100100426,2019년 12월 31일 17시,화요일,대전광역시 유성구 용산동,경상사고,0,0,1,0,차대차 - 기타,안전거리미확보,건조,맑음,교차로 - 교차로안,승용,남,63세,상해없음,승용,남,46세,경상
2019123100100490,2019년 12월 31일 18시,화요일,대전광역시 중구 문화동,경상사고,0,0,1,0,차대차 - 추돌,안전운전불이행,건조,맑음,단일로 - 기타,화물,남,60세,상해없음,승용,남,56세,경상
2019123100100577,2019년 12월 31일 20시,화요일,대전광역시 중구 대흥동,경상사고,0,0,1,0,차대사람 - 횡단중,보행자보호의무위반,건조,맑음,기타 - 기타,승용,남,54세,상해없음,보행자,여,23세,경상
2019123100100578,2019년 12월 31일 20시,화요일,대전광역시 중구 부사동,중상사고,0,1,0,0,차대사람 - 기타,안전운전불이행,건조,맑음,교차로 - 교차로안,승용,남,46세,상해없음,보행자,여,74세,중상
2019123100100628,2019년 12월 31일 22시,화요일,대전광역시 대덕구 상서동,경상사고,0,0,3,0,차대차 - 기타,안전운전불이행,건조,맑음,교차로 - 교차로부근,승용,남,38세,상해없음,승용,여,43세,경상
2019123100100629,2019년 12월 31일 22시,화요일,대전광역시 유성구 봉명동,경상사고,0,0,2,1,차대차 - 기타,안전운전불이행,건조,맑음,단일로 - 기타,승용,남,60세,상해없음,승용,여,40세,경상
2019123100100630,2019년 12월 31일 22시,화요일,대전광역시 유성구 반석동,중상사고,0,1,0,0,차대차 - 기타,안전거리미확보,건조,맑음,단일로 - 기타,승용,여,22세,상해없음,승용,남,34세,중상
2019123100100643,2019년 12월 31일 23시,화요일,대전광역시 대덕구 송촌동,경상사고,0,0,2,0,차대사람 - 횡단중,안전운전불이행,건조,맑음,교차로 - 교차로횡단보도내,승용,남,64세,상해없음,보행자,남,51세,경상